CREATE DATABASE  IF NOT EXISTS `intel` /*!40100 DEFAULT CHARACTER SET utf8 */;
USE `intel`;
-- MySQL dump 10.13  Distrib 5.6.23, for Win64 (x86_64)
--
-- Host: YOYO-BUGTEST01    Database: intel
-- ------------------------------------------------------
-- Server version	5.6.23

/*!40101 SET @OLD_CHARACTER_SET_CLIENT=@@CHARACTER_SET_CLIENT */;
/*!40101 SET @OLD_CHARACTER_SET_RESULTS=@@CHARACTER_SET_RESULTS */;
/*!40101 SET @OLD_COLLATION_CONNECTION=@@COLLATION_CONNECTION */;
/*!40101 SET NAMES utf8 */;
/*!40103 SET @OLD_TIME_ZONE=@@TIME_ZONE */;
/*!40103 SET TIME_ZONE='+00:00' */;
/*!40014 SET @OLD_UNIQUE_CHECKS=@@UNIQUE_CHECKS, UNIQUE_CHECKS=0 */;
/*!40014 SET @OLD_FOREIGN_KEY_CHECKS=@@FOREIGN_KEY_CHECKS, FOREIGN_KEY_CHECKS=0 */;
/*!40101 SET @OLD_SQL_MODE=@@SQL_MODE, SQL_MODE='NO_AUTO_VALUE_ON_ZERO' */;
/*!40111 SET @OLD_SQL_NOTES=@@SQL_NOTES, SQL_NOTES=0 */;

--
-- Table structure for table `accesslevels`
--

DROP TABLE IF EXISTS `accesslevels`;
/*!40101 SET @saved_cs_client     = @@character_set_client */;
/*!40101 SET character_set_client = utf8 */;
CREATE TABLE `accesslevels` (
  `id` int(11) NOT NULL AUTO_INCREMENT,
  `name` varchar(32) NOT NULL,
  `description` varchar(128) NOT NULL,
  `active` tinyint(1) NOT NULL,
  PRIMARY KEY (`id`),
  UNIQUE KEY `id` (`id`)
) ENGINE=InnoDB AUTO_INCREMENT=7 DEFAULT CHARSET=utf8;
/*!40101 SET character_set_client = @saved_cs_client */;

--
-- Dumping data for table `accesslevels`
--

LOCK TABLES `accesslevels` WRITE;
/*!40000 ALTER TABLE `accesslevels` DISABLE KEYS */;
INSERT INTO `accesslevels` VALUES (0,'Inactive','No Permissions',1),(1,'Developer','View Only',1),(2,'Manager','Dev and Admin Panel',1),(3,'Admin','Man and Create Users',1);
/*!40000 ALTER TABLE `accesslevels` ENABLE KEYS */;
UNLOCK TABLES;

--
-- Table structure for table `bugs`
--

DROP TABLE IF EXISTS `bugs`;
/*!40101 SET @saved_cs_client     = @@character_set_client */;
/*!40101 SET character_set_client = utf8 */;
CREATE TABLE `bugs` (
  `id` int(11) NOT NULL AUTO_INCREMENT,
  `mantisID` int(11) NOT NULL,
  `taskInstance_id` int(11) NOT NULL,
  PRIMARY KEY (`id`),
  UNIQUE KEY `id` (`id`),
  KEY `IX_FK_BugTaskInstance` (`taskInstance_id`),
  CONSTRAINT `FK_BugTaskInstance` FOREIGN KEY (`taskInstance_id`) REFERENCES `taskinstances` (`id`) ON DELETE NO ACTION ON UPDATE NO ACTION
) ENGINE=InnoDB AUTO_INCREMENT=103 DEFAULT CHARSET=utf8;
/*!40101 SET character_set_client = @saved_cs_client */;

--
-- Dumping data for table `bugs`
--

LOCK TABLES `bugs` WRITE;
/*!40000 ALTER TABLE `bugs` DISABLE KEYS */;
INSERT INTO `bugs` VALUES (17,18160,377),(18,18160,462),(19,18160,463),(20,18161,463),(21,1243,146),(22,18160,492),(23,2112,85),(24,124,458),(25,0,654),(26,0,654),(27,1,654),(28,18,654),(29,181,654),(30,1816,654),(31,18160,654),(32,18160,654),(33,18160,654),(34,12,248),(35,123,248),(36,71232,248),(39,18160,604),(40,124,604),(42,129135,604),(43,18161,604),(44,129125,241),(45,18160,241),(46,18161,241),(47,18160,418),(49,18160,234),(50,18160,190),(51,18,83),(52,18160,503),(78,181601,419),(79,1,419),(80,1,419),(81,1,419),(82,11,419),(83,1,419),(84,1,419),(85,111,419),(86,1,419),(87,11,419),(88,1,419),(89,1,419),(90,1,419),(91,1,419),(92,1,419),(93,11,419),(94,180,76),(97,18160,439),(98,18160,220),(99,18161,1319),(100,18161,1372),(101,18160,428),(102,18160,955);
/*!40000 ALTER TABLE `bugs` ENABLE KEYS */;
UNLOCK TABLES;

--
-- Table structure for table `intelligenceusers`
--

DROP TABLE IF EXISTS `intelligenceusers`;
/*!40101 SET @saved_cs_client     = @@character_set_client */;
/*!40101 SET character_set_client = utf8 */;
CREATE TABLE `intelligenceusers` (
  `id` int(11) NOT NULL AUTO_INCREMENT,
  `username` varchar(32) NOT NULL,
  `email` varchar(64) NOT NULL,
  `accessLevel_id` int(11) NOT NULL,
  `hash` varchar(100) NOT NULL,
  PRIMARY KEY (`id`),
  UNIQUE KEY `id` (`id`),
  KEY `IX_FK_AccessLevelIntelligenceUser` (`accessLevel_id`),
  CONSTRAINT `FK_AccessLevelIntelligenceUser` FOREIGN KEY (`accessLevel_id`) REFERENCES `accesslevels` (`id`) ON DELETE NO ACTION ON UPDATE NO ACTION
) ENGINE=InnoDB AUTO_INCREMENT=23 DEFAULT CHARSET=utf8;
/*!40101 SET character_set_client = @saved_cs_client */;

--
-- Dumping data for table `intelligenceusers`
--

LOCK TABLES `intelligenceusers` WRITE;
/*!40000 ALTER TABLE `intelligenceusers` DISABLE KEYS */;
INSERT INTO `intelligenceusers` VALUES (1,'SamCumming','sam.cumming@yoyogames.com',2,'1000:AV52d/0dWy09NOEJ0xMMvXdRn6UChf4DVA==:ImneNyQyd5kPwxbhflbKqfiAJ3RS2to8'),(2,'l','lewis.crawford@yoyogames.com',3,'1000:h7+zGkUvrf7NvOCA+ro6YXOIQIduhbYP9A==:xKjermWBiFUQDratlJHors1UcqUqR/l/'),(3,'DanCleaton','dan@yoyogames.com',3,''),(4,'freddy','freddy@yoyogames.com',3,'1000:Q0p74ZKDeUr+79IFzz0ci/a9MEMBnp/rcw==:MU8K3lsN0mHOf5Ar6/HaUpO+yyUP0yR/'),(5,'JasonSandy','jason.sandy@yoyogames.com',3,'1000:uH2o3mWq3zM/Ach5M5PmcDXDbN+J8ZIAow==:Qcxl0TWniA8F6Vwo6SHDiatmoT1G/pCV'),(6,'RossManthorp','ross.manthorp@yoyogames.com',3,'1000:6KciYfaEaGwg8ZZPBb+yF2Cet8Qits0oiA==:RJxMPIO1agqHEngLbP9IY8iXuzdA5uIW'),(7,'TestAccount','test.account@yoyogames.com',2,'1000:bEwat6ZPdFkiqYuUbZG85yDg6ckcaLIQeg==:2QKKp3O68ThYOMDaPZCpCeNqyat+C3go'),(8,'test','test@yoyogames.com',3,'1000:shSr5i46LxYeJGJukEqxcavZx3UIXAgllw==:lcPdL+BqRd5CbzypBzrCJY5LkjjxU6rC'),(9,'Jerry','jerry@yoyogames.com',2,'1000:wiz+GVYKr5xrHHMvcXbZ3m8/D55GcSEQ6w==:xsI1BXun6lzmMJ6OllxtjZNGjKetluyP'),(10,'user','email',1,'1000:OkrTPRJQOZmQkdqgFaiyh2bhOrHOUXAdiQ==:3LjR4yN97vePtAQG/qIvP32ZIiqtwPZi'),(11,'user','user@yoyogames.com',2,'1000:avMtN3yfjwKROq7j43lQSJ69Ypgu2Htc0A==:uhwkYTZFj8uiJaGhsImNqEBEOOUssvK7'),(12,'dev','dev@yoyogames.com',1,'1000:JyeS2k5Vwnfw5nygO5u0C6X5aDb633Xsag==:loyiJP6rxt4DINMBMOpNTw9mVK1FearV'),(13,'man','man@yoyogames.com',2,'1000:TKT023boKTTKyHidd1aP7kj+DN3zDcpUTA==:QWfSmx7JfE7adLH5w+zYiLB6A23iGf0i'),(14,'admin','admin@yoyogames.com',3,'1000:71m4PTrc7dE/ORqWq42cgy7bGHott69YYQ==:Mgu/0fvN3HTFMyofRhvf8dm1StxEf6sN'),(15,'user','email',1,'1000:NZd/g8qXy1ztwWcUG3RIYhGvkQAxa1hAcQ==:EEn4fGGXcZPdDzVlZ1tm61VTzGQeXpha'),(16,'user','email',0,'1000:NZd/g8qXy1ztwWcUG3RIYhGvkQAxa1hAcQ==:EEn4fGGXcZPdDzVlZ1tm61VTzGQeXpha'),(17,'User','em',1,'1000:tJ+bmtp1TIaoEjg2mNv6ZpLH1e7Us7QuWg==:hlTUmbTfcLRR3kPSB4ojRfrZAiNjGPOg'),(18,'User','em',1,'1000:tJ+bmtp1TIaoEjg2mNv6ZpLH1e7Us7QuWg==:hlTUmbTfcLRR3kPSB4ojRfrZAiNjGPOg'),(19,'inactive','inactive@yoyogames.com',0,'1000:CnRwCTfcWxZ0/k0PLwBER2yPzHVXOOcBiw==:lyyXCS3O4Nr82NZbP16rRfu6v54wFqYg'),(20,'inactive','inactive@yoyogames.com',0,'1000:CnRwCTfcWxZ0/k0PLwBER2yPzHVXOOcBiw==:lyyXCS3O4Nr82NZbP16rRfu6v54wFqYg'),(21,'ExampleUser','exampleuser@yoyogames.com',3,'1000:7gCFOiyaxeP3nGBk4W+1zS0rNCjarFXKKA==:QTE0/yh7nBzR94uCFD8vzf12TPitYwuq'),(22,'ExampleUser','exampleuser@yoyogames.com',3,'1000:s1m1fvpzMwuiTETJqEZfAjmlzjFwtc2O3g==:7QuP+q/nPKWZy0wHxfjD2pukN92tnNWW');
/*!40000 ALTER TABLE `intelligenceusers` ENABLE KEYS */;
UNLOCK TABLES;

--
-- Table structure for table `platforms`
--

DROP TABLE IF EXISTS `platforms`;
/*!40101 SET @saved_cs_client     = @@character_set_client */;
/*!40101 SET character_set_client = utf8 */;
CREATE TABLE `platforms` (
  `id` int(11) NOT NULL AUTO_INCREMENT,
  `name` varchar(64) NOT NULL,
  `active` tinyint(1) NOT NULL,
  PRIMARY KEY (`id`),
  UNIQUE KEY `id` (`id`)
) ENGINE=InnoDB AUTO_INCREMENT=36 DEFAULT CHARSET=utf8;
/*!40101 SET character_set_client = @saved_cs_client */;

--
-- Dumping data for table `platforms`
--

LOCK TABLES `platforms` WRITE;
/*!40000 ALTER TABLE `platforms` DISABLE KEYS */;
INSERT INTO `platforms` VALUES (1,'Windows 300',1),(2,'Mac',1),(3,'Ubuntu',1),(4,'HTML5',1),(5,'iOS',1),(6,'Android',0),(7,'Windows Phone 8',1),(8,'Windows 8 (JS)',1),(9,'Windows 8 (Native)',1),(10,'Steam',1),(11,'Tizen (Native)',1),(12,'Tizen (JSO)',1),(13,'Windows (YYC)',1),(14,'Android (YYC)',1),(15,'iOS (YYC)',1),(16,'Vita',0),(17,'3DS',0),(18,'XBOX 9001',0),(19,'WiiV',0),(20,'jason',1),(21,'NewPlatform',1),(22,'TextBox',1),(23,'Plat',1),(24,'Camera',1),(25,'PS4',1),(26,'A new Platform',1),(27,'New Platform',1),(28,'NeNewasfsdg',0),(30,'Platformia',0),(32,'',0),(35,'Example Platform',1);
/*!40000 ALTER TABLE `platforms` ENABLE KEYS */;
UNLOCK TABLES;

--
-- Table structure for table `priorities`
--

DROP TABLE IF EXISTS `priorities`;
/*!40101 SET @saved_cs_client     = @@character_set_client */;
/*!40101 SET character_set_client = utf8 */;
CREATE TABLE `priorities` (
  `id` int(11) NOT NULL AUTO_INCREMENT,
  `name` varchar(32) NOT NULL,
  `description` varchar(128) NOT NULL,
  `active` tinyint(1) NOT NULL,
  PRIMARY KEY (`id`),
  UNIQUE KEY `id` (`id`)
) ENGINE=InnoDB AUTO_INCREMENT=9 DEFAULT CHARSET=utf8;
/*!40101 SET character_set_client = @saved_cs_client */;

--
-- Dumping data for table `priorities`
--

LOCK TABLES `priorities` WRITE;
/*!40000 ALTER TABLE `priorities` DISABLE KEYS */;
INSERT INTO `priorities` VALUES (1,'none','None',1),(2,'Very Low','Not important',1),(3,'Low','Slightly important',1),(4,'Medium','Why isnt this fixed yet?',1),(5,'High','Ok, now it\'s important',1),(6,'Very High','Seriously, this need fixed',1),(7,'Catastrophic','Fix it fix it fix it!',0),(8,'World Endangering','MAKE IT WORK, PLEASE!',0);
/*!40000 ALTER TABLE `priorities` ENABLE KEYS */;
UNLOCK TABLES;

--
-- Table structure for table `products`
--

DROP TABLE IF EXISTS `products`;
/*!40101 SET @saved_cs_client     = @@character_set_client */;
/*!40101 SET character_set_client = utf8 */;
CREATE TABLE `products` (
  `id` int(11) NOT NULL AUTO_INCREMENT,
  `name` varchar(64) NOT NULL,
  `active` tinyint(1) NOT NULL,
  PRIMARY KEY (`id`),
  UNIQUE KEY `id` (`id`)
) ENGINE=InnoDB AUTO_INCREMENT=86 DEFAULT CHARSET=utf8;
/*!40101 SET character_set_client = @saved_cs_client */;

--
-- Dumping data for table `products`
--

LOCK TABLES `products` WRITE;
/*!40000 ALTER TABLE `products` DISABLE KEYS */;
INSERT INTO `products` VALUES (1,'Marketplace',1),(2,'GameMaker: This',1),(3,'GameMaker: Studio',0),(4,'Studio 3DS',1),(5,'Studio PS Vito',0),(6,'Studio PS3',1),(7,'Studio PS4',1),(8,'Studio WiiU',1),(9,'Studio Xbox One',1),(10,'InternTest',1),(11,'Intranet',1),(12,'Leeperz',1),(13,'Maddening',1),(15,'Simply Solitairio',0),(17,'yoyogames.com',0),(19,'Project No-name',0),(20,'Third Project',0),(39,'HOW TO SPELL',0),(40,'BAD THINGS',0),(41,'Newest',0),(43,'yoyoyo',0),(49,'New product',1),(50,'Platforms',1),(51,'Test2',1),(52,'Test3',0),(55,'Gentlemen',1),(82,'A new product',1),(83,'Example Product',1),(84,'Example Product2',1),(85,'Example Product3',1);
/*!40000 ALTER TABLE `products` ENABLE KEYS */;
UNLOCK TABLES;

--
-- Table structure for table `resolutions`
--

DROP TABLE IF EXISTS `resolutions`;
/*!40101 SET @saved_cs_client     = @@character_set_client */;
/*!40101 SET character_set_client = utf8 */;
CREATE TABLE `resolutions` (
  `id` int(11) NOT NULL AUTO_INCREMENT,
  `name` varchar(32) NOT NULL,
  `description` varchar(128) NOT NULL,
  `active` tinyint(1) NOT NULL,
  PRIMARY KEY (`id`),
  UNIQUE KEY `id` (`id`)
) ENGINE=InnoDB AUTO_INCREMENT=13 DEFAULT CHARSET=utf8;
/*!40101 SET character_set_client = @saved_cs_client */;

--
-- Dumping data for table `resolutions`
--

LOCK TABLES `resolutions` WRITE;
/*!40000 ALTER TABLE `resolutions` DISABLE KEYS */;
INSERT INTO `resolutions` VALUES (1,'Open','Task is Open',1),(2,'Pass','Passed test condition',1),(3,'Fail','Failed test condition',1),(4,'N/A','Not Applicable',1),(5,'Finished Subtasks','All sub-tasks complete',1),(6,'Not Complete','Closed before all tasks complete',1),(7,'In Progress','Task is In Progress',1),(12,'Finished Subtasks','All sub-tasks complete',1);
/*!40000 ALTER TABLE `resolutions` ENABLE KEYS */;
UNLOCK TABLES;

--
-- Table structure for table `task_templates_platforms`
--

DROP TABLE IF EXISTS `task_templates_platforms`;
/*!40101 SET @saved_cs_client     = @@character_set_client */;
/*!40101 SET character_set_client = utf8 */;
CREATE TABLE `task_templates_platforms` (
  `taskTemplates_id` int(11) NOT NULL,
  `platforms_id` int(11) NOT NULL,
  PRIMARY KEY (`taskTemplates_id`,`platforms_id`),
  KEY `IX_FK_task_templates_platforms_platform` (`platforms_id`),
  CONSTRAINT `FK_task_templates_platforms_platform` FOREIGN KEY (`platforms_id`) REFERENCES `platforms` (`id`) ON DELETE CASCADE ON UPDATE NO ACTION,
  CONSTRAINT `FK_task_templates_platforms_task_templates` FOREIGN KEY (`taskTemplates_id`) REFERENCES `tasktemplates` (`id`) ON DELETE CASCADE ON UPDATE NO ACTION
) ENGINE=InnoDB DEFAULT CHARSET=utf8;
/*!40101 SET character_set_client = @saved_cs_client */;

--
-- Dumping data for table `task_templates_platforms`
--

LOCK TABLES `task_templates_platforms` WRITE;
/*!40000 ALTER TABLE `task_templates_platforms` DISABLE KEYS */;
INSERT INTO `task_templates_platforms` VALUES (3,1),(4,1),(5,1),(6,1),(7,1),(72,1),(77,1),(78,1),(824,1),(1140,1),(1164,1),(1165,1),(1170,1),(1176,1),(1181,1),(1195,1),(1196,1),(1197,1),(1198,1),(1199,1),(1200,1),(1201,1),(1203,1),(1204,1),(1205,1),(1219,1),(1220,1),(1221,1),(1228,1),(1229,1),(1230,1),(1292,1),(1293,1),(1294,1),(1295,1),(1299,1),(1300,1),(1301,1),(1302,1),(1303,1),(1304,1),(1305,1),(1306,1),(1307,1),(1308,1),(1309,1),(1310,1),(1344,1),(1352,1),(1353,1),(1448,1),(1449,1),(1450,1),(1451,1),(1452,1),(1453,1),(1454,1),(1455,1),(1456,1),(1457,1),(1458,1),(1459,1),(1460,1),(1461,1),(1462,1),(1463,1),(3,2),(4,2),(5,2),(6,2),(7,2),(77,2),(824,2),(1176,2),(1181,2),(1195,2),(1196,2),(1197,2),(1198,2),(1199,2),(1200,2),(1201,2),(1203,2),(1292,2),(1293,2),(1294,2),(1295,2),(1299,2),(1300,2),(1301,2),(1302,2),(1303,2),(1304,2),(1305,2),(1306,2),(1307,2),(1308,2),(1309,2),(1310,2),(1434,2),(1435,2),(1436,2),(1437,2),(1442,2),(1443,2),(1444,2),(1446,2),(1448,2),(1449,2),(1450,2),(1451,2),(1452,2),(1453,2),(1454,2),(1455,2),(1456,2),(1457,2),(1458,2),(1459,2),(1460,2),(1461,2),(1462,2),(1463,2),(1,3),(2,3),(3,3),(4,3),(5,3),(6,3),(7,3),(18,3),(48,3),(49,3),(50,3),(51,3),(52,3),(53,3),(54,3),(55,3),(56,3),(57,3),(58,3),(59,3),(77,3),(82,3),(83,3),(84,3),(824,3),(1139,3),(1147,3),(1148,3),(1149,3),(1150,3),(1151,3),(1176,3),(1181,3),(1195,3),(1196,3),(1197,3),(1198,3),(1199,3),(1200,3),(1201,3),(1203,3),(1213,3),(1215,3),(1292,3),(1293,3),(1294,3),(1295,3),(1299,3),(1300,3),(1301,3),(1302,3),(1303,3),(1304,3),(1305,3),(1306,3),(1307,3),(1308,3),(1309,3),(1310,3),(1344,3),(1434,3),(1435,3),(1436,3),(1437,3),(1442,3),(1443,3),(1444,3),(1446,3),(1447,3),(1448,3),(1449,3),(1450,3),(1451,3),(1452,3),(1453,3),(1454,3),(1455,3),(1456,3),(1457,3),(1458,3),(1459,3),(1460,3),(1461,3),(1462,3),(1463,3),(3,4),(4,4),(5,4),(6,4),(7,4),(77,4),(824,4),(1176,4),(1181,4),(1195,4),(1196,4),(1197,4),(1198,4),(1199,4),(1200,4),(1201,4),(1202,4),(1203,4),(1228,4),(1229,4),(1230,4),(1235,4),(1236,4),(1292,4),(1293,4),(1294,4),(1295,4),(1299,4),(1300,4),(1301,4),(1302,4),(1303,4),(1304,4),(1305,4),(1306,4),(1307,4),(1308,4),(1309,4),(1310,4),(1352,4),(1353,4),(1434,4),(1435,4),(1436,4),(1437,4),(1442,4),(1443,4),(1444,4),(1446,4),(1448,4),(1449,4),(1450,4),(1451,4),(1452,4),(1453,4),(1454,4),(1455,4),(1456,4),(1457,4),(1458,4),(1459,4),(1460,4),(1461,4),(1462,4),(1463,4),(1,5),(2,5),(4,5),(48,5),(49,5),(50,5),(51,5),(52,5),(53,5),(54,5),(55,5),(56,5),(57,5),(58,5),(59,5),(61,5),(824,5),(1139,5),(1181,5),(1213,5),(1215,5),(1216,5),(1222,5),(1223,5),(1292,5),(1293,5),(1294,5),(1295,5),(1299,5),(1300,5),(1301,5),(1302,5),(1303,5),(1304,5),(1305,5),(1306,5),(1307,5),(1308,5),(1309,5),(1310,5),(1323,5),(1324,5),(1326,5),(1334,5),(1344,5),(1434,5),(1435,5),(1436,5),(1437,5),(1442,5),(1443,5),(1444,5),(1446,5),(1447,5),(1448,5),(1449,5),(1450,5),(1451,5),(1452,5),(1453,5),(1454,5),(1455,5),(1456,5),(1457,5),(1458,5),(1459,5),(1460,5),(1461,5),(1462,5),(1463,5),(61,6),(77,6),(824,6),(1139,6),(1166,6),(1167,6),(1176,6),(1181,6),(1195,6),(1196,6),(1197,6),(1198,6),(1199,6),(1200,6),(1201,6),(1203,6),(1,7),(2,7),(16,7),(17,7),(18,7),(19,7),(20,7),(21,7),(22,7),(48,7),(49,7),(50,7),(51,7),(52,7),(53,7),(54,7),(55,7),(56,7),(57,7),(58,7),(59,7),(61,7),(77,7),(82,7),(83,7),(84,7),(824,7),(1164,7),(1165,7),(1176,7),(1181,7),(1195,7),(1196,7),(1197,7),(1198,7),(1199,7),(1200,7),(1201,7),(1202,7),(1203,7),(1235,7),(1236,7),(1292,7),(1293,7),(1294,7),(1295,7),(1447,7),(1448,7),(1449,7),(1450,7),(1451,7),(1452,7),(1453,7),(1454,7),(1455,7),(1456,7),(1457,7),(1458,7),(1459,7),(1460,7),(1461,7),(1462,7),(1463,7),(1,8),(2,8),(16,8),(17,8),(19,8),(20,8),(21,8),(22,8),(48,8),(49,8),(50,8),(51,8),(52,8),(53,8),(54,8),(55,8),(56,8),(57,8),(58,8),(59,8),(77,8),(824,8),(1139,8),(1145,8),(1146,8),(1152,8),(1153,8),(1154,8),(1155,8),(1156,8),(1157,8),(1158,8),(1159,8),(1160,8),(1161,8),(1162,8),(1163,8),(1164,8),(1165,8),(1176,8),(1181,8),(1195,8),(1196,8),(1197,8),(1198,8),(1199,8),(1200,8),(1201,8),(1203,8),(1292,8),(1293,8),(1294,8),(1295,8),(1299,8),(1300,8),(1301,8),(1302,8),(1303,8),(1304,8),(1305,8),(1306,8),(1307,8),(1308,8),(1309,8),(1310,8),(1434,8),(1435,8),(1436,8),(1437,8),(1442,8),(1443,8),(1444,8),(1446,8),(1447,8),(1448,8),(1449,8),(1450,8),(1451,8),(1452,8),(1453,8),(1454,8),(1455,8),(1456,8),(1457,8),(1458,8),(1459,8),(1460,8),(1461,8),(1462,8),(1463,8),(77,9),(82,9),(83,9),(84,9),(824,9),(1164,9),(1165,9),(1176,9),(1181,9),(1195,9),(1196,9),(1197,9),(1198,9),(1199,9),(1200,9),(1201,9),(1202,9),(1203,9),(1213,9),(1215,9),(1216,9),(1228,9),(1229,9),(1230,9),(1235,9),(1236,9),(1292,9),(1293,9),(1294,9),(1295,9),(1299,9),(1300,9),(1301,9),(1302,9),(1303,9),(1304,9),(1305,9),(1306,9),(1307,9),(1308,9),(1309,9),(1310,9),(1352,9),(1353,9),(1434,9),(1435,9),(1436,9),(1437,9),(1442,9),(1443,9),(1444,9),(1446,9),(1448,9),(1449,9),(1450,9),(1451,9),(1452,9),(1453,9),(1454,9),(1455,9),(1456,9),(1457,9),(1458,9),(1459,9),(1460,9),(1461,9),(1462,9),(1463,9),(1,10),(2,10),(18,10),(48,10),(49,10),(77,10),(824,10),(1139,10),(1176,10),(1181,10),(1195,10),(1196,10),(1197,10),(1198,10),(1199,10),(1200,10),(1201,10),(1203,10),(1235,10),(1236,10),(1292,10),(1293,10),(1294,10),(1295,10),(1299,10),(1300,10),(1301,10),(1302,10),(1303,10),(1304,10),(1305,10),(1306,10),(1307,10),(1308,10),(1309,10),(1310,10),(1344,10),(1434,10),(1435,10),(1436,10),(1437,10),(1442,10),(1443,10),(1444,10),(1446,10),(1448,10),(1449,10),(1450,10),(1451,10),(1452,10),(1453,10),(1454,10),(1455,10),(1456,10),(1457,10),(1458,10),(1459,10),(1460,10),(1461,10),(1462,10),(1463,10),(77,11),(824,11),(1176,11),(1195,11),(1196,11),(1198,11),(1199,11),(1200,11),(1201,11),(1203,11),(1215,11),(1265,11),(1266,11),(1267,11),(1268,11),(1292,11),(1293,11),(1294,11),(1295,11),(1299,11),(1300,11),(1301,11),(1302,11),(1303,11),(1304,11),(1305,11),(1306,11),(1307,11),(1308,11),(1309,11),(1310,11),(1448,11),(1449,11),(1450,11),(1451,11),(1452,11),(1453,11),(1454,11),(1455,11),(1456,11),(1457,11),(1458,11),(1459,11),(1460,11),(1461,11),(1462,11),(1463,11),(1,12),(2,12),(18,12),(48,12),(49,12),(50,12),(51,12),(52,12),(53,12),(54,12),(55,12),(56,12),(57,12),(58,12),(59,12),(60,12),(61,12),(62,12),(63,12),(64,12),(65,12),(66,12),(67,12),(68,12),(69,12),(70,12),(71,12),(77,12),(82,12),(83,12),(84,12),(824,12),(1139,12),(1140,12),(1170,12),(1176,12),(1195,12),(1196,12),(1198,12),(1199,12),(1200,12),(1201,12),(1202,12),(1203,12),(1235,12),(1236,12),(1292,12),(1293,12),(1294,12),(1295,12),(1299,12),(1300,12),(1301,12),(1302,12),(1303,12),(1304,12),(1305,12),(1306,12),(1307,12),(1308,12),(1309,12),(1310,12),(1434,12),(1435,12),(1436,12),(1437,12),(1442,12),(1443,12),(1444,12),(1446,12),(1447,12),(1448,12),(1449,12),(1450,12),(1451,12),(1452,12),(1453,12),(1454,12),(1455,12),(1456,12),(1457,12),(1458,12),(1459,12),(1460,12),(1461,12),(1462,12),(1463,12),(1,13),(2,13),(48,13),(49,13),(77,13),(824,13),(1139,13),(1164,13),(1165,13),(1176,13),(1195,13),(1196,13),(1198,13),(1199,13),(1200,13),(1203,13),(1292,13),(1293,13),(1294,13),(1295,13),(1299,13),(1300,13),(1301,13),(1302,13),(1303,13),(1304,13),(1305,13),(1306,13),(1307,13),(1308,13),(1309,13),(1310,13),(1434,13),(1435,13),(1436,13),(1437,13),(1442,13),(1443,13),(1444,13),(1446,13),(1448,13),(1449,13),(1450,13),(1451,13),(1452,13),(1453,13),(1454,13),(1455,13),(1456,13),(1457,13),(1458,13),(1459,13),(1460,13),(1461,13),(1462,13),(1463,13),(16,14),(17,14),(18,14),(19,14),(20,14),(21,14),(22,14),(77,14),(82,14),(83,14),(84,14),(824,14),(1139,14),(1176,14),(1200,14),(1201,14),(1202,14),(1228,14),(1229,14),(1230,14),(1292,14),(1293,14),(1294,14),(1295,14),(1299,14),(1300,14),(1301,14),(1302,14),(1303,14),(1304,14),(1305,14),(1306,14),(1307,14),(1308,14),(1309,14),(1310,14),(1315,14),(1344,14),(1352,14),(1353,14),(1434,14),(1435,14),(1436,14),(1437,14),(1442,14),(1443,14),(1444,14),(1446,14),(1448,14),(1449,14),(1450,14),(1451,14),(1452,14),(1453,14),(1454,14),(1455,14),(1456,14),(1457,14),(1458,14),(1459,14),(1460,14),(1461,14),(1462,14),(1463,14),(1,15),(2,15),(48,15),(49,15),(77,15),(824,15),(1139,15),(1176,15),(1181,15),(1195,15),(1196,15),(1197,15),(1198,15),(1199,15),(1200,15),(1201,15),(1203,15),(1235,15),(1292,15),(1293,15),(1294,15),(1295,15),(1299,15),(1300,15),(1301,15),(1302,15),(1303,15),(1304,15),(1305,15),(1306,15),(1307,15),(1308,15),(1309,15),(1310,15),(1434,15),(1435,15),(1436,15),(1437,15),(1442,15),(1443,15),(1444,15),(1446,15),(1448,15),(1449,15),(1450,15),(1451,15),(1452,15),(1453,15),(1454,15),(1455,15),(1456,15),(1457,15),(1458,15),(1459,15),(1460,15),(1461,15),(1462,15),(1463,15),(824,16),(824,17),(77,18),(824,18),(1176,18),(1181,18),(1195,18),(1196,18),(1197,18),(1198,18),(1199,18),(1200,18),(1201,18),(1203,18),(824,19),(77,20),(89,20),(824,20),(1139,20),(1176,20),(1181,20),(1195,20),(1196,20),(1197,20),(1198,20),(1199,20),(1200,20),(1201,20),(1203,20),(1216,20),(1292,20),(1293,20),(1294,20),(1299,20),(1300,20),(1301,20),(1302,20),(1303,20),(1304,20),(1305,20),(1306,20),(1307,20),(1308,20),(1309,20),(1310,20),(1448,20),(1449,20),(1450,20),(1451,20),(1452,20),(1453,20),(1454,20),(1455,20),(1456,20),(1457,20),(1458,20),(1459,20),(1460,20),(1461,20),(1462,20),(1463,20),(73,21),(75,21),(77,21),(1139,21),(1176,21),(1195,21),(1196,21),(1198,21),(1199,21),(1200,21),(1201,21),(1202,21),(1203,21),(1235,21),(1292,21),(1293,21),(1294,21),(1295,21),(1299,21),(1300,21),(1301,21),(1302,21),(1303,21),(1304,21),(1305,21),(1306,21),(1307,21),(1308,21),(1309,21),(1310,21),(1434,21),(1435,21),(1436,21),(1437,21),(1442,21),(1443,21),(1444,21),(1446,21),(1448,21),(1449,21),(1450,21),(1451,21),(1452,21),(1453,21),(1454,21),(1455,21),(1456,21),(1457,21),(1458,21),(1459,21),(1460,21),(1461,21),(1462,21),(1463,21),(77,22),(1139,22),(1176,22),(1181,22),(1195,22),(1196,22),(1197,22),(1198,22),(1199,22),(1200,22),(1203,22),(1292,22),(1293,22),(1294,22),(1295,22),(1299,22),(1300,22),(1301,22),(1302,22),(1303,22),(1304,22),(1305,22),(1306,22),(1307,22),(1308,22),(1309,22),(1310,22),(1314,22),(1321,22),(1434,22),(1435,22),(1436,22),(1437,22),(1442,22),(1443,22),(1444,22),(1446,22),(1448,22),(1449,22),(1450,22),(1451,22),(1452,22),(1453,22),(1454,22),(1455,22),(1456,22),(1457,22),(1458,22),(1459,22),(1460,22),(1461,22),(1462,22),(1463,22),(77,23),(1139,23),(1176,23),(1181,23),(1182,23),(1195,23),(1196,23),(1197,23),(1198,23),(1199,23),(1200,23),(1201,23),(1203,23),(1216,23),(1236,23),(1292,23),(1293,23),(1294,23),(1295,23),(1299,23),(1300,23),(1301,23),(1302,23),(1303,23),(1304,23),(1305,23),(1306,23),(1307,23),(1308,23),(1309,23),(1310,23),(1434,23),(1435,23),(1436,23),(1437,23),(1442,23),(1443,23),(1444,23),(1446,23),(1448,23),(1449,23),(1450,23),(1451,23),(1452,23),(1453,23),(1454,23),(1455,23),(1456,23),(1457,23),(1458,23),(1459,23),(1460,23),(1461,23),(1462,23),(1463,23),(1,24),(2,24),(48,24),(49,24),(77,24),(1139,24),(1176,24),(1181,24),(1195,24),(1196,24),(1197,24),(1198,24),(1199,24),(1200,24),(1201,24),(1203,24),(1233,24),(1234,24),(1235,24),(1236,24),(1292,24),(1293,24),(1294,24),(1295,24),(1299,24),(1300,24),(1301,24),(1302,24),(1303,24),(1304,24),(1305,24),(1306,24),(1307,24),(1308,24),(1309,24),(1310,24),(1431,24),(1434,24),(1435,24),(1436,24),(1437,24),(1442,24),(1443,24),(1444,24),(1446,24),(1448,24),(1449,24),(1450,24),(1451,24),(1452,24),(1453,24),(1454,24),(1455,24),(1456,24),(1457,24),(1458,24),(1459,24),(1460,24),(1461,24),(1462,24),(1463,24),(1265,25),(1266,25),(1268,25),(1292,25),(1293,25),(1294,25),(1295,25),(1299,25),(1300,25),(1301,25),(1302,25),(1303,25),(1304,25),(1305,25),(1306,25),(1307,25),(1308,25),(1309,25),(1310,25),(1448,25),(1449,25),(1450,25),(1451,25),(1452,25),(1453,25),(1454,25),(1455,25),(1456,25),(1457,25),(1458,25),(1459,25),(1460,25),(1461,25),(1462,25),(1463,25),(1235,26),(1292,26),(1293,26),(1294,26),(1295,26),(1299,26),(1300,26),(1301,26),(1302,26),(1303,26),(1304,26),(1305,26),(1306,26),(1307,26),(1308,26),(1309,26),(1310,26),(1434,26),(1435,26),(1436,26),(1437,26),(1442,26),(1443,26),(1444,26),(1446,26),(1448,26),(1449,26),(1450,26),(1451,26),(1452,26),(1453,26),(1454,26),(1455,26),(1456,26),(1457,26),(1458,26),(1459,26),(1460,26),(1461,26),(1462,26),(1463,26),(1292,27),(1293,27),(1294,27),(1295,27),(1299,27),(1300,27),(1301,27),(1302,27),(1303,27),(1304,27),(1305,27),(1306,27),(1307,27),(1308,27),(1309,27),(1310,27),(1448,27),(1449,27),(1450,27),(1451,27),(1452,27),(1453,27),(1454,27),(1455,27),(1456,27),(1457,27),(1458,27),(1459,27),(1460,27),(1461,27),(1462,27),(1463,27),(1232,30);
/*!40000 ALTER TABLE `task_templates_platforms` ENABLE KEYS */;
UNLOCK TABLES;

--
-- Table structure for table `taskinstances`
--

DROP TABLE IF EXISTS `taskinstances`;
/*!40101 SET @saved_cs_client     = @@character_set_client */;
/*!40101 SET character_set_client = utf8 */;
CREATE TABLE `taskinstances` (
  `id` int(11) NOT NULL AUTO_INCREMENT,
  `timeCreated` datetime NOT NULL,
  `timeAssigned` datetime DEFAULT NULL,
  `timeStarted` datetime DEFAULT NULL,
  `timeFinished` datetime DEFAULT NULL,
  `timeDeadline` datetime DEFAULT NULL,
  `comments` varchar(256) DEFAULT NULL,
  `platform_id` int(11) NOT NULL,
  `assignee_id` int(11) DEFAULT NULL,
  `assigner_id` int(11) DEFAULT NULL,
  `version_id` int(11) NOT NULL,
  `taskTemplate_id` int(11) NOT NULL,
  `resolution_id` int(11) NOT NULL,
  `priority_id` int(11) NOT NULL,
  PRIMARY KEY (`id`),
  UNIQUE KEY `id` (`id`),
  KEY `IX_fk_instances_platforms_platformid` (`platform_id`),
  KEY `IX_fk_instances_assigneeid_users_userid` (`assignee_id`),
  KEY `IX_fk_instances_assignerid_users_userid` (`assigner_id`),
  KEY `IX_fk_instances_versions_versionid` (`version_id`),
  KEY `IX_fk_instances_templates_templateid` (`taskTemplate_id`),
  KEY `IX_FK_ResolutionTaskInstance` (`resolution_id`),
  KEY `IX_FK_PriorityTaskInstance` (`priority_id`),
  CONSTRAINT `FK_PriorityTaskInstance` FOREIGN KEY (`priority_id`) REFERENCES `priorities` (`id`) ON DELETE NO ACTION ON UPDATE NO ACTION,
  CONSTRAINT `FK_ResolutionTaskInstance` FOREIGN KEY (`resolution_id`) REFERENCES `resolutions` (`id`) ON DELETE NO ACTION ON UPDATE NO ACTION,
  CONSTRAINT `fk_instances_assigneeid_users_userid` FOREIGN KEY (`assignee_id`) REFERENCES `intelligenceusers` (`id`) ON DELETE NO ACTION ON UPDATE NO ACTION,
  CONSTRAINT `fk_instances_assignerid_users_userid` FOREIGN KEY (`assigner_id`) REFERENCES `intelligenceusers` (`id`) ON DELETE NO ACTION ON UPDATE NO ACTION,
  CONSTRAINT `fk_instances_platforms_platformid` FOREIGN KEY (`platform_id`) REFERENCES `platforms` (`id`) ON DELETE NO ACTION ON UPDATE NO ACTION,
  CONSTRAINT `fk_instances_templates_templateid` FOREIGN KEY (`taskTemplate_id`) REFERENCES `tasktemplates` (`id`) ON DELETE NO ACTION ON UPDATE NO ACTION,
  CONSTRAINT `fk_instances_versions_versionid` FOREIGN KEY (`version_id`) REFERENCES `versions` (`id`) ON DELETE NO ACTION ON UPDATE NO ACTION
) ENGINE=InnoDB AUTO_INCREMENT=1863 DEFAULT CHARSET=utf8;
/*!40101 SET character_set_client = @saved_cs_client */;

--
-- Dumping data for table `taskinstances`
--

LOCK TABLES `taskinstances` WRITE;
/*!40000 ALTER TABLE `taskinstances` DISABLE KEYS */;
INSERT INTO `taskinstances` VALUES (74,'2015-06-26 15:13:12','2015-07-08 15:16:23','2015-07-13 15:05:30',NULL,'2015-07-16 00:00:00','',1,2,2,2,2,1,4),(75,'2015-06-26 15:13:12','2015-07-17 14:32:36','2015-07-10 14:16:11','2015-07-17 15:22:12',NULL,'',2,14,14,2,2,5,6),(76,'2015-06-26 15:13:12',NULL,'2015-07-09 14:36:28',NULL,'2015-06-24 00:00:00','\r\n\r\n\r\n\r\n\r\n\r\n\r\n\r\n\r\n\r\n\r\n\r\n\r\n\r\n\r\n\r\n#180\r\n\r\n\r\n\r\n\r\n\r\n\r\n\r\n\r\n\r\n\r\n\r\n\r\n',3,NULL,NULL,2,2,7,6),(77,'2015-06-26 15:13:12','2015-07-08 14:21:40','2015-07-10 12:10:04',NULL,NULL,'',4,2,2,2,2,7,4),(78,'2015-06-26 15:13:12','2015-07-08 15:16:23','2015-07-13 15:05:30',NULL,'2015-07-16 00:00:00','',1,2,2,2,3,1,4),(79,'2015-06-26 15:13:12','2015-07-17 14:32:36','2015-07-17 15:22:10','2015-07-17 15:22:12',NULL,'',2,14,14,2,3,2,4),(80,'2015-06-26 15:13:12','2015-07-08 14:21:27',NULL,NULL,NULL,'',3,2,2,2,3,1,6),(81,'2015-06-26 15:13:12','2015-07-08 14:21:40','2015-07-20 10:50:10',NULL,NULL,'',4,2,2,2,3,7,4),(82,'2015-06-26 15:13:25','2015-07-08 15:16:23','2015-07-13 15:05:30',NULL,'2015-07-16 00:00:00','',1,2,2,2,1,1,4),(83,'2015-06-26 15:13:25','2015-07-17 14:32:36','2015-07-10 14:16:11','2015-07-17 15:22:12',NULL,'#18\r\n\r\n\r\n\r\n\r\n\r\n\r\n\r\n\r\n\r\n\r\n\r\n\r\n\r\n\r\n\r\n\r\n\r\n\r\n\r\n\r\n\r\n\r\n\r\n\r\n\r\n\r\n\r\n\r\n\r\n\r\n\r\n\r\n\r\n\r\n\r\n\r\n\r\n\r\n\r\n\r\n\r\n\r\n\r\n\r\n\r\n\r\n',2,14,14,2,1,5,6),(84,'2015-06-26 15:13:25',NULL,'2015-07-09 14:36:28',NULL,'2015-06-24 00:00:00','',3,NULL,NULL,2,1,7,6),(85,'2015-06-26 15:13:25','2015-07-08 14:21:40','2015-07-10 12:10:04',NULL,NULL,'#2112',4,2,2,2,1,7,4),(86,'2015-06-26 15:32:30','2015-07-16 10:25:14',NULL,'2015-07-08 14:14:32',NULL,'',1,14,14,3,1,6,4),(87,'2015-06-26 15:32:30','2015-07-15 09:02:49',NULL,'2015-07-08 14:14:32',NULL,'',2,8,14,3,1,6,4),(88,'2015-06-26 15:32:30','2015-07-03 10:26:36','2015-07-03 10:36:19','2015-07-07 10:53:41','2015-07-22 00:00:00','Test Assignment',3,2,2,3,1,5,5),(89,'2015-06-26 15:32:30','2015-07-07 11:06:51','2015-07-07 11:08:08','2015-07-08 14:14:32','2015-07-29 00:00:00','Here are your tasks',4,2,2,3,1,6,2),(90,'2015-06-26 15:32:30','2015-07-16 10:25:14',NULL,'2015-07-08 14:14:32',NULL,'',1,14,14,3,2,6,4),(91,'2015-06-26 15:32:30','2015-07-15 09:02:49',NULL,'2015-07-08 14:14:32',NULL,'',2,8,14,3,2,6,4),(92,'2015-06-26 15:32:30','2015-07-03 10:26:36','2015-07-03 10:36:19','2015-07-07 10:53:41','2015-07-22 00:00:00','',3,2,2,3,2,5,5),(93,'2015-06-26 15:32:30','2015-07-07 11:06:51','2015-07-07 11:08:08','2015-07-08 14:14:32','2015-07-29 00:00:00','',4,2,2,3,2,6,2),(94,'2015-06-26 15:32:30','2015-07-16 10:25:14',NULL,'2015-07-08 14:14:32',NULL,'',1,14,14,3,3,6,4),(95,'2015-06-26 15:32:30','2015-07-15 09:02:49',NULL,'2015-07-08 14:14:32',NULL,'',2,8,14,3,3,6,4),(96,'2015-06-26 15:32:30','2015-07-03 10:26:36','2015-07-03 10:39:13','2015-07-03 11:24:51','2015-07-22 00:00:00','',3,2,2,3,3,5,5),(97,'2015-06-26 15:32:30','2015-07-07 11:06:51','2015-07-07 11:08:08','2015-07-08 14:14:32','2015-07-29 00:00:00','',4,2,2,3,3,6,2),(98,'2015-06-26 15:32:30','2015-07-16 10:25:14',NULL,'2015-07-08 14:14:32',NULL,'',1,14,14,3,4,6,4),(99,'2015-06-26 15:32:30','2015-07-15 09:02:49',NULL,'2015-07-08 14:14:32',NULL,'',2,8,14,3,4,6,4),(100,'2015-06-26 15:32:30','2015-07-03 10:26:36','2015-07-03 10:39:13','2015-07-03 10:39:15','2015-07-22 00:00:00','',3,2,2,3,4,2,5),(101,'2015-06-26 15:32:30','2015-07-07 11:06:51','2015-07-07 13:35:03','2015-07-07 13:35:07','2015-07-29 00:00:00','',4,2,2,3,4,3,2),(102,'2015-06-26 15:32:30','2015-07-03 11:28:56','2015-07-03 12:34:41','2015-07-03 12:35:21',NULL,'',5,2,2,3,4,4,4),(103,'2015-06-26 15:32:30','2015-07-16 10:25:14',NULL,'2015-07-08 14:14:32',NULL,'',1,14,14,3,5,6,4),(104,'2015-06-26 15:32:30','2015-07-15 09:02:49',NULL,'2015-07-08 14:14:32',NULL,'',2,8,14,3,5,6,4),(105,'2015-06-26 15:32:30','2015-07-03 10:26:36','2015-07-03 10:39:16','2015-07-03 10:39:18','2015-07-22 00:00:00','',3,2,2,3,5,2,5),(106,'2015-06-26 15:32:30','2015-07-07 11:06:51','2015-07-07 11:08:08','2015-07-07 13:30:24','2015-07-29 00:00:00','',4,2,2,3,5,2,2),(107,'2015-06-26 15:32:30','2015-07-16 10:25:14',NULL,'2015-07-08 14:14:32',NULL,'',1,14,14,3,6,6,4),(108,'2015-06-26 15:32:30','2015-07-15 09:02:49',NULL,'2015-07-08 14:14:32',NULL,'',2,8,14,3,6,6,4),(109,'2015-06-26 15:32:30','2015-07-03 10:26:36','2015-07-03 11:24:42','2015-07-03 11:24:46','2015-07-22 00:00:00','',3,2,2,3,6,2,5),(110,'2015-06-26 15:32:30','2015-07-07 11:06:51','2015-07-07 11:08:20','2015-07-08 14:09:19','2015-07-29 00:00:00','',4,2,2,3,6,4,2),(111,'2015-06-26 15:32:30','2015-07-16 10:25:14',NULL,'2015-07-08 14:14:32',NULL,'',1,14,14,3,7,6,4),(112,'2015-06-26 15:32:30','2015-07-15 09:02:49',NULL,'2015-07-08 14:14:32',NULL,'',2,8,14,3,7,6,4),(113,'2015-06-26 15:32:30','2015-07-03 10:26:36','2015-07-03 11:24:48','2015-07-03 11:24:51','2015-07-22 00:00:00','',3,2,2,3,7,2,5),(114,'2015-06-26 15:32:30','2015-07-07 11:06:51',NULL,'2015-07-08 14:14:32','2015-07-29 00:00:00','',4,2,2,3,7,6,2),(115,'2015-06-30 12:01:46',NULL,NULL,NULL,NULL,'',3,NULL,NULL,31,82,1,4),(116,'2015-06-30 12:01:46',NULL,NULL,NULL,NULL,'',9,NULL,NULL,31,82,1,4),(117,'2015-06-30 12:01:46',NULL,NULL,NULL,NULL,'',12,NULL,NULL,31,82,1,4),(118,'2015-06-30 12:01:46',NULL,NULL,NULL,NULL,'',14,NULL,NULL,31,82,1,4),(119,'2015-06-30 12:01:46',NULL,NULL,NULL,NULL,'',3,NULL,NULL,31,83,1,4),(120,'2015-06-30 12:01:46',NULL,NULL,NULL,NULL,'',7,NULL,NULL,31,83,1,4),(121,'2015-06-30 12:01:46',NULL,NULL,NULL,NULL,'',9,NULL,NULL,31,83,1,4),(122,'2015-06-30 12:01:46',NULL,NULL,NULL,NULL,'',12,NULL,NULL,31,83,1,4),(123,'2015-06-30 12:01:46',NULL,NULL,NULL,NULL,'',3,NULL,NULL,31,84,1,4),(124,'2015-06-30 12:01:46',NULL,NULL,NULL,NULL,'',7,NULL,NULL,31,84,1,4),(125,'2015-06-30 12:01:46',NULL,NULL,NULL,NULL,'',9,NULL,NULL,31,84,1,4),(126,'2015-06-30 12:01:46',NULL,NULL,NULL,NULL,'',14,NULL,NULL,31,84,1,4),(127,'2015-06-30 15:04:37',NULL,NULL,NULL,NULL,'',12,NULL,NULL,2,60,1,4),(128,'2015-06-30 15:04:37','2015-07-07 14:56:12',NULL,NULL,NULL,'BLARG ABLARG',12,1,2,2,62,1,4),(129,'2015-06-30 15:04:37',NULL,NULL,NULL,NULL,'',12,NULL,NULL,2,64,1,4),(130,'2015-06-30 15:04:37',NULL,NULL,NULL,NULL,'',12,NULL,NULL,2,65,1,4),(131,'2015-06-30 15:04:37',NULL,NULL,NULL,NULL,'',12,NULL,NULL,2,66,1,4),(132,'2015-06-30 15:04:37',NULL,NULL,NULL,NULL,'',12,NULL,NULL,2,67,1,4),(133,'2015-06-30 15:04:37',NULL,NULL,NULL,NULL,'',12,NULL,NULL,2,68,1,4),(134,'2015-06-30 15:04:37',NULL,NULL,NULL,NULL,'',12,NULL,NULL,2,69,1,4),(135,'2015-06-30 15:04:37',NULL,NULL,NULL,NULL,'',12,NULL,NULL,2,70,1,4),(136,'2015-06-30 15:04:37',NULL,NULL,NULL,NULL,'',12,NULL,NULL,2,71,1,4),(137,'2015-07-01 10:13:43','2015-07-03 10:26:36','2015-07-03 10:36:19','2015-07-07 10:53:41','2015-07-22 00:00:00','',3,2,2,3,16,5,5),(138,'2015-07-01 10:13:43',NULL,NULL,'2015-07-08 14:14:32',NULL,'',7,NULL,NULL,3,16,6,4),(139,'2015-07-01 10:13:43',NULL,NULL,'2015-07-08 14:14:32',NULL,'',10,NULL,NULL,3,16,6,4),(140,'2015-07-01 10:13:43',NULL,NULL,'2015-07-08 14:14:32',NULL,'',12,NULL,NULL,3,16,6,4),(141,'2015-07-01 10:13:43','2015-07-08 14:00:25','2015-07-08 14:04:39','2015-07-08 14:14:32','2015-07-09 00:00:00','',14,2,2,3,16,6,6),(142,'2015-07-01 10:13:43','2015-07-03 10:26:36','2015-07-03 12:23:44','2015-07-03 12:23:49','2015-07-22 00:00:00','',3,2,2,3,17,2,5),(143,'2015-07-01 10:13:43',NULL,NULL,'2015-07-08 14:14:32',NULL,'',7,NULL,NULL,3,17,6,4),(144,'2015-07-01 10:13:43',NULL,NULL,'2015-07-08 14:14:32',NULL,'',10,NULL,NULL,3,17,6,4),(145,'2015-07-01 10:13:43',NULL,NULL,'2015-07-08 14:14:32',NULL,'',12,NULL,NULL,3,17,6,4),(146,'2015-07-01 10:13:43','2015-07-08 14:00:25','2015-07-08 14:04:39','2015-07-08 14:14:32',NULL,'Comment #1243 This ',14,2,2,3,17,6,4),(147,'2015-07-01 10:13:43','2015-07-03 10:26:36','2015-07-03 12:23:57','2015-07-03 12:24:01','2015-07-22 00:00:00','',3,2,2,3,18,3,5),(148,'2015-07-01 10:13:43',NULL,NULL,'2015-07-08 14:14:32',NULL,'',7,NULL,NULL,3,18,6,4),(149,'2015-07-01 10:13:43',NULL,NULL,'2015-07-08 14:14:32',NULL,'',10,NULL,NULL,3,18,6,4),(150,'2015-07-01 10:13:43',NULL,NULL,'2015-07-08 14:14:32',NULL,'',12,NULL,NULL,3,18,6,4),(151,'2015-07-01 10:13:43','2015-07-08 14:00:25',NULL,'2015-07-08 14:14:32',NULL,'',14,2,2,3,18,6,5),(152,'2015-07-01 10:13:43','2015-07-03 10:26:36','2015-07-07 10:53:37','2015-07-07 10:53:41','2015-07-22 00:00:00','',3,2,2,3,19,2,5),(153,'2015-07-01 10:13:43',NULL,NULL,'2015-07-08 14:14:32',NULL,'',7,NULL,NULL,3,19,6,4),(154,'2015-07-01 10:13:43',NULL,NULL,'2015-07-08 14:14:32',NULL,'',10,NULL,NULL,3,19,6,4),(155,'2015-07-01 10:13:43',NULL,NULL,'2015-07-08 14:14:32',NULL,'',12,NULL,NULL,3,19,6,4),(156,'2015-07-01 10:13:43','2015-07-08 14:00:25',NULL,'2015-07-08 14:14:32',NULL,'',14,2,2,3,19,6,6),(157,'2015-07-01 10:13:43','2015-07-03 10:26:36','2015-07-06 17:19:29','2015-07-06 17:19:33','2015-07-22 00:00:00','',3,2,2,3,20,3,5),(158,'2015-07-01 10:13:43',NULL,NULL,'2015-07-08 14:14:32',NULL,'',7,NULL,NULL,3,20,6,4),(159,'2015-07-01 10:13:43',NULL,NULL,'2015-07-08 14:14:32',NULL,'',10,NULL,NULL,3,20,6,4),(160,'2015-07-01 10:13:43',NULL,NULL,'2015-07-08 14:14:32',NULL,'',12,NULL,NULL,3,20,6,4),(161,'2015-07-01 10:13:43','2015-07-08 14:00:25','2015-07-08 14:06:16','2015-07-08 14:14:32','2015-07-09 00:00:00','',14,2,2,3,20,6,2),(162,'2015-07-01 10:13:43','2015-07-03 10:26:36','2015-07-03 10:36:30','2015-07-03 10:36:36','2015-07-22 00:00:00','',3,2,2,3,21,2,5),(163,'2015-07-01 10:13:43',NULL,NULL,'2015-07-08 14:14:32',NULL,'',7,NULL,NULL,3,21,6,4),(164,'2015-07-01 10:13:43',NULL,NULL,'2015-07-08 14:14:32',NULL,'',10,NULL,NULL,3,21,6,4),(165,'2015-07-01 10:13:43',NULL,NULL,'2015-07-08 14:14:32',NULL,'',12,NULL,NULL,3,21,6,4),(166,'2015-07-01 10:13:43','2015-07-08 14:00:25',NULL,'2015-07-08 14:14:32',NULL,'',14,2,2,3,21,6,3),(167,'2015-07-01 10:13:43','2015-07-03 10:26:36','2015-07-03 10:36:19','2015-07-03 11:23:46','2015-07-22 00:00:00','',3,2,2,3,22,3,5),(168,'2015-07-01 10:13:43',NULL,NULL,'2015-07-08 14:14:32',NULL,'',7,NULL,NULL,3,22,6,4),(169,'2015-07-01 10:13:43',NULL,NULL,'2015-07-08 14:14:32',NULL,'',10,NULL,NULL,3,22,6,4),(170,'2015-07-01 10:13:43',NULL,NULL,'2015-07-08 14:14:32',NULL,'',12,NULL,NULL,3,22,6,4),(171,'2015-07-01 10:13:43','2015-07-08 14:00:25',NULL,'2015-07-08 14:14:32',NULL,'',14,2,2,3,22,6,4),(172,'2015-07-01 10:29:03','2015-07-10 11:30:39','2015-07-10 12:18:09',NULL,NULL,'',18,1,2,13,77,1,4),(173,'2015-07-01 10:29:38',NULL,NULL,'2015-07-08 14:14:32',NULL,'',18,NULL,NULL,3,48,6,4),(174,'2015-07-01 10:29:38',NULL,NULL,'2015-07-08 14:14:32',NULL,'',18,NULL,NULL,3,49,6,4),(175,'2015-07-01 10:29:38',NULL,NULL,'2015-07-08 14:14:32',NULL,'',18,NULL,NULL,3,50,6,4),(176,'2015-07-01 10:29:38',NULL,NULL,'2015-07-08 14:14:32',NULL,'',18,NULL,NULL,3,51,6,4),(177,'2015-07-01 10:29:38',NULL,NULL,'2015-07-08 14:14:32',NULL,'',18,NULL,NULL,3,52,6,4),(178,'2015-07-01 10:29:38',NULL,NULL,'2015-07-08 14:14:32',NULL,'',18,NULL,NULL,3,53,6,4),(179,'2015-07-01 10:29:38',NULL,NULL,'2015-07-08 14:14:32',NULL,'',18,NULL,NULL,3,54,6,4),(180,'2015-07-01 10:29:38',NULL,NULL,'2015-07-08 14:14:32',NULL,'',18,NULL,NULL,3,55,6,4),(181,'2015-07-01 10:29:38',NULL,NULL,'2015-07-08 14:14:32',NULL,'',18,NULL,NULL,3,56,6,4),(182,'2015-07-01 10:29:38',NULL,NULL,'2015-07-08 14:14:32',NULL,'',18,NULL,NULL,3,57,6,4),(183,'2015-07-01 10:29:38',NULL,NULL,'2015-07-08 14:14:32',NULL,'',18,NULL,NULL,3,58,6,4),(184,'2015-07-01 10:29:38',NULL,NULL,'2015-07-08 14:14:32',NULL,'',18,NULL,NULL,3,59,6,4),(185,'2015-07-01 10:29:58','2015-07-08 15:23:09','2015-07-08 15:25:24','2015-07-15 12:25:29','2015-07-16 00:00:00','Initial Comment',12,2,2,36,60,6,4),(186,'2015-07-01 10:29:58',NULL,NULL,'2015-07-15 12:25:29',NULL,'',18,NULL,NULL,36,60,6,4),(187,'2015-07-01 10:29:58',NULL,NULL,'2015-07-15 12:25:29',NULL,'',5,NULL,NULL,36,61,6,4),(188,'2015-07-01 10:29:58',NULL,NULL,'2015-07-15 12:25:29',NULL,'',6,NULL,NULL,36,61,6,4),(189,'2015-07-01 10:29:58',NULL,NULL,'2015-07-15 12:25:29',NULL,'',7,NULL,NULL,36,61,6,4),(190,'2015-07-01 10:29:58','2015-07-08 15:23:09',NULL,'2015-07-15 12:25:29','2015-07-16 00:00:00','#0018160',12,2,2,36,61,6,4),(191,'2015-07-01 10:29:58',NULL,NULL,'2015-07-15 12:25:29',NULL,'',18,NULL,NULL,36,61,6,4),(192,'2015-07-01 10:29:58','2015-07-08 15:23:09',NULL,'2015-07-15 12:25:29','2015-07-16 00:00:00','',12,2,2,36,62,6,4),(193,'2015-07-01 10:29:58',NULL,NULL,'2015-07-15 12:25:29',NULL,'',18,NULL,NULL,36,62,6,4),(194,'2015-07-01 10:29:58','2015-07-08 15:23:09',NULL,'2015-07-15 12:25:29','2015-07-16 00:00:00','',12,2,2,36,63,6,4),(195,'2015-07-01 10:29:58',NULL,NULL,'2015-07-15 12:25:29',NULL,'',18,NULL,NULL,36,63,6,4),(196,'2015-07-01 10:29:58','2015-07-08 15:23:09',NULL,'2015-07-15 12:25:29','2015-07-16 00:00:00','',12,2,2,36,64,6,4),(197,'2015-07-01 10:29:58',NULL,NULL,'2015-07-15 12:25:29',NULL,'',18,NULL,NULL,36,64,6,4),(198,'2015-07-01 10:29:58','2015-07-08 15:23:09',NULL,'2015-07-15 12:25:29','2015-07-16 00:00:00','',12,2,2,36,65,6,4),(199,'2015-07-01 10:29:58',NULL,NULL,'2015-07-15 12:25:29',NULL,'',18,NULL,NULL,36,65,6,4),(200,'2015-07-01 10:29:58','2015-07-08 15:23:09','2015-07-10 14:18:56','2015-07-10 14:18:58','2015-07-16 00:00:00','',12,2,2,36,66,3,4),(201,'2015-07-01 10:29:58',NULL,NULL,'2015-07-15 12:25:29',NULL,'',18,NULL,NULL,36,66,6,4),(202,'2015-07-01 10:29:58','2015-07-08 15:23:09',NULL,'2015-07-15 12:25:29','2015-07-16 00:00:00','',12,2,2,36,67,6,4),(203,'2015-07-01 10:29:58',NULL,NULL,'2015-07-15 12:25:29',NULL,'',18,NULL,NULL,36,67,6,4),(204,'2015-07-01 10:29:58','2015-07-08 15:23:09',NULL,'2015-07-15 12:25:29','2015-07-16 00:00:00','',12,2,2,36,68,6,4),(205,'2015-07-01 10:29:58',NULL,NULL,'2015-07-15 12:25:29',NULL,'',18,NULL,NULL,36,68,6,4),(206,'2015-07-01 10:29:58','2015-07-08 15:23:09',NULL,'2015-07-15 12:25:29','2015-07-16 00:00:00','',12,2,2,36,69,6,4),(207,'2015-07-01 10:29:58',NULL,NULL,'2015-07-15 12:25:29',NULL,'',18,NULL,NULL,36,69,6,4),(208,'2015-07-01 10:29:58','2015-07-08 15:23:09','2015-07-10 13:43:33','2015-07-15 12:25:29','2015-07-16 00:00:00','',12,2,2,36,70,6,4),(209,'2015-07-01 10:29:58',NULL,NULL,'2015-07-15 12:25:29',NULL,'',18,NULL,NULL,36,70,6,4),(210,'2015-07-01 10:29:58','2015-07-08 15:23:09','2015-07-08 15:25:24','2015-07-08 15:25:27','2015-07-16 00:00:00','#0018160',12,2,2,36,71,2,4),(211,'2015-07-01 10:29:58',NULL,NULL,'2015-07-15 12:25:29',NULL,'',18,NULL,NULL,36,71,6,4),(212,'2015-07-01 10:54:52',NULL,NULL,NULL,NULL,'',19,NULL,NULL,2,16,1,4),(213,'2015-07-01 10:54:52','2015-07-08 14:21:27','2015-07-16 14:20:08',NULL,'2015-06-24 00:00:00','Commmmmmmmmmmmmmmmmmmmmmmmmmmmm ents Thus scales a bit better',3,2,2,2,17,1,4),(214,'2015-07-01 10:54:52','2015-07-08 15:14:04',NULL,NULL,NULL,'',7,2,2,2,17,1,4),(215,'2015-07-01 10:54:52',NULL,NULL,NULL,NULL,'',10,NULL,NULL,2,17,1,4),(216,'2015-07-01 10:54:52',NULL,NULL,NULL,NULL,'',12,NULL,NULL,2,17,1,4),(217,'2015-07-01 10:54:52',NULL,NULL,NULL,NULL,'',14,NULL,NULL,2,17,1,4),(218,'2015-07-01 10:54:52',NULL,NULL,NULL,NULL,'',18,NULL,NULL,2,17,1,4),(219,'2015-07-01 10:54:52',NULL,NULL,NULL,NULL,'',19,NULL,NULL,2,17,1,4),(220,'2015-07-01 10:54:52','2015-07-22 14:22:05','2015-07-09 14:36:28','2015-07-22 14:40:26','2015-06-24 00:00:00','#18160',3,6,2,2,18,4,3),(221,'2015-07-01 10:54:52','2015-07-08 15:14:04',NULL,NULL,NULL,'',7,2,2,2,18,1,4),(222,'2015-07-01 10:54:52',NULL,NULL,NULL,NULL,'',10,NULL,NULL,2,18,1,4),(223,'2015-07-01 10:54:52',NULL,NULL,NULL,NULL,'',12,NULL,NULL,2,18,1,4),(224,'2015-07-01 10:54:52',NULL,NULL,NULL,NULL,'',14,NULL,NULL,2,18,1,4),(225,'2015-07-01 10:54:52',NULL,NULL,NULL,NULL,'',18,NULL,NULL,2,18,1,4),(226,'2015-07-01 10:54:52',NULL,NULL,NULL,NULL,'',19,NULL,NULL,2,18,1,4),(227,'2015-07-01 10:54:52','2015-07-10 11:18:40','2015-07-09 14:54:30','2015-07-22 14:40:42','2015-06-24 00:00:00','\r\n\r\n\r\n\r\n\r\n\r\n\r\n\r\n\r\n\r\n\r\n\r\n\r\n\r\n\r\n\r\n\r\n\r\n\r\n\r\n',3,2,2,2,19,4,6),(228,'2015-07-01 10:54:52','2015-07-08 15:14:04',NULL,NULL,NULL,'',7,2,2,2,19,1,4),(229,'2015-07-01 10:54:52',NULL,NULL,NULL,NULL,'',10,NULL,NULL,2,19,1,4),(230,'2015-07-01 10:54:52',NULL,NULL,NULL,NULL,'',12,NULL,NULL,2,19,1,4),(231,'2015-07-01 10:54:52',NULL,NULL,NULL,NULL,'',14,NULL,NULL,2,19,1,4),(232,'2015-07-01 10:54:52',NULL,NULL,NULL,NULL,'',18,NULL,NULL,2,19,1,4),(233,'2015-07-01 10:54:52',NULL,NULL,NULL,NULL,'',19,NULL,NULL,2,19,1,4),(234,'2015-07-01 10:54:52','2015-07-10 11:18:40','2015-07-09 15:29:37','2015-07-22 14:54:46','2015-06-24 00:00:00','Comments #18160\r\n\r\n\r\n\r\n\r\n\r\n\r\n\r\n\r\n\r\n\r\n\r\n\r\n\r\n\r\n\r\n\r\n\r\n\r\n\r\n\r\n\r\n\r\n\r\n\r\n\r\n\r\n\r\n\r\n\r\n\r\n\r\n\r\n\r\n\r\n\r\n\r\n',3,2,2,2,20,3,6),(235,'2015-07-01 10:54:52','2015-07-08 15:14:04',NULL,NULL,NULL,'',7,2,2,2,20,1,4),(236,'2015-07-01 10:54:52',NULL,NULL,NULL,NULL,'',10,NULL,NULL,2,20,1,4),(237,'2015-07-01 10:54:52',NULL,NULL,NULL,NULL,'',12,NULL,NULL,2,20,1,4),(238,'2015-07-01 10:54:52',NULL,NULL,NULL,NULL,'',14,NULL,NULL,2,20,1,4),(239,'2015-07-01 10:54:52',NULL,NULL,NULL,NULL,'',18,NULL,NULL,2,20,1,4),(240,'2015-07-01 10:54:52',NULL,NULL,NULL,NULL,'',19,NULL,NULL,2,20,1,4),(241,'2015-07-01 10:54:52','2015-07-08 14:21:27',NULL,NULL,'2015-06-24 00:00:00','This is #129125 This is #18160 #18161',3,2,2,2,21,1,6),(242,'2015-07-01 10:54:52','2015-07-08 15:14:04',NULL,NULL,NULL,'',7,2,2,2,21,1,4),(243,'2015-07-01 10:54:52',NULL,NULL,NULL,NULL,'',10,NULL,NULL,2,21,1,4),(244,'2015-07-01 10:54:52',NULL,NULL,NULL,NULL,'',12,NULL,NULL,2,21,1,4),(245,'2015-07-01 10:54:52',NULL,NULL,NULL,NULL,'',14,NULL,NULL,2,21,1,4),(246,'2015-07-01 10:54:52',NULL,NULL,NULL,NULL,'',18,NULL,NULL,2,21,1,4),(247,'2015-07-01 10:54:52',NULL,NULL,NULL,NULL,'',19,NULL,NULL,2,21,1,4),(248,'2015-07-01 10:54:52','2015-07-08 14:21:27',NULL,NULL,'2015-06-24 00:00:00','This is a comment #12 This #123 #71232\r\n\r\n\r\n\r\n\r\n\r\n\r\n\r\n\r\n\r\n\r\n\r\n\r\n\r\n\r\n',3,2,2,2,22,1,6),(249,'2015-07-01 10:54:52','2015-07-08 15:14:04',NULL,NULL,NULL,'',7,2,2,2,22,1,4),(250,'2015-07-01 10:54:52',NULL,NULL,NULL,NULL,'',10,NULL,NULL,2,22,1,4),(251,'2015-07-01 10:54:52',NULL,NULL,NULL,NULL,'',12,NULL,NULL,2,22,1,4),(252,'2015-07-01 10:54:52',NULL,NULL,NULL,NULL,'',14,NULL,NULL,2,22,1,4),(253,'2015-07-01 10:54:52',NULL,NULL,NULL,NULL,'',18,NULL,NULL,2,22,1,4),(254,'2015-07-01 10:54:52',NULL,NULL,NULL,NULL,'',19,NULL,NULL,2,22,1,4),(255,'2015-07-01 10:56:01',NULL,NULL,NULL,NULL,'',19,NULL,NULL,2,48,1,4),(256,'2015-07-01 10:56:01',NULL,NULL,NULL,NULL,'',18,NULL,NULL,2,49,1,4),(257,'2015-07-01 10:56:01',NULL,NULL,NULL,NULL,'',19,NULL,NULL,2,49,1,4),(258,'2015-07-01 10:56:01',NULL,NULL,NULL,NULL,'',18,NULL,NULL,2,50,1,4),(259,'2015-07-01 10:56:01',NULL,NULL,NULL,NULL,'',19,NULL,NULL,2,50,1,4),(260,'2015-07-01 10:56:01',NULL,NULL,NULL,NULL,'',18,NULL,NULL,2,51,1,4),(261,'2015-07-01 10:56:01',NULL,NULL,NULL,NULL,'',19,NULL,NULL,2,51,1,4),(262,'2015-07-01 10:56:01',NULL,NULL,NULL,NULL,'',18,NULL,NULL,2,52,1,4),(263,'2015-07-01 10:56:01',NULL,NULL,NULL,NULL,'',19,NULL,NULL,2,52,1,4),(264,'2015-07-01 10:56:01',NULL,NULL,NULL,NULL,'',18,NULL,NULL,2,53,1,4),(265,'2015-07-01 10:56:01',NULL,NULL,NULL,NULL,'',19,NULL,NULL,2,53,1,4),(266,'2015-07-01 10:56:01',NULL,NULL,NULL,NULL,'',18,NULL,NULL,2,54,1,4),(267,'2015-07-01 10:56:01',NULL,NULL,NULL,NULL,'',19,NULL,NULL,2,54,1,4),(268,'2015-07-01 10:56:01',NULL,NULL,NULL,NULL,'',18,NULL,NULL,2,55,1,4),(269,'2015-07-01 10:56:01',NULL,NULL,NULL,NULL,'',19,NULL,NULL,2,55,1,4),(270,'2015-07-01 10:56:01',NULL,NULL,NULL,NULL,'',18,NULL,NULL,2,56,1,4),(271,'2015-07-01 10:56:01',NULL,NULL,NULL,NULL,'',19,NULL,NULL,2,56,1,4),(272,'2015-07-01 10:56:01',NULL,NULL,NULL,NULL,'',18,NULL,NULL,2,57,1,4),(273,'2015-07-01 10:56:01',NULL,NULL,NULL,NULL,'',19,NULL,NULL,2,57,1,4),(274,'2015-07-01 10:56:01',NULL,NULL,NULL,NULL,'',18,NULL,NULL,2,58,1,4),(275,'2015-07-01 10:56:01',NULL,NULL,NULL,NULL,'',19,NULL,NULL,2,58,1,4),(276,'2015-07-01 10:56:01',NULL,NULL,NULL,NULL,'',18,NULL,NULL,2,59,1,4),(277,'2015-07-01 10:56:01',NULL,NULL,NULL,NULL,'',19,NULL,NULL,2,59,1,4),(278,'2015-07-01 11:50:45','2015-07-03 09:56:41',NULL,NULL,'2015-07-22 00:00:00','',1,3,2,40,1,1,4),(279,'2015-07-01 11:50:45','2015-07-16 12:05:38','2015-07-16 12:06:59','2015-07-16 12:07:14',NULL,'All comments are comments, regardless of the text within. Please treat them as such.\r\nAlso, I\'ve just noticed that scaling here doesn\'t work. This box extends horizontally.\r\nAlso, deadline isn\'t showing. This is dreadful... grave news, indeed.',2,14,14,40,1,5,3),(280,'2015-07-01 11:50:45',NULL,NULL,NULL,NULL,'',3,NULL,NULL,40,1,1,4),(281,'2015-07-01 11:50:45',NULL,NULL,NULL,NULL,'',4,NULL,NULL,40,1,1,4),(282,'2015-07-01 11:50:45','2015-07-03 09:56:41',NULL,NULL,'2015-07-22 00:00:00','',1,3,2,40,2,1,4),(283,'2015-07-01 11:50:45','2015-07-16 12:05:38','2015-07-16 12:06:59','2015-07-16 12:07:14',NULL,'',2,14,14,40,2,5,3),(284,'2015-07-01 11:50:45',NULL,NULL,NULL,NULL,'',3,NULL,NULL,40,2,1,4),(285,'2015-07-01 11:50:45',NULL,NULL,NULL,NULL,'',4,NULL,NULL,40,2,1,4),(286,'2015-07-01 11:50:45','2015-07-03 09:56:41','2015-07-01 15:54:45','2015-07-01 15:54:50','2015-07-22 00:00:00','',1,3,2,40,3,3,4),(287,'2015-07-01 11:50:45','2015-07-16 12:05:38','2015-07-16 12:06:59','2015-07-16 12:07:14',NULL,'',2,14,14,40,3,5,3),(288,'2015-07-01 11:50:45',NULL,NULL,NULL,NULL,'',3,NULL,NULL,40,3,1,4),(289,'2015-07-01 11:50:45',NULL,NULL,NULL,NULL,'',4,NULL,NULL,40,3,1,4),(290,'2015-07-01 11:50:45','2015-07-03 09:56:41','2015-07-01 15:37:53','2015-07-01 15:37:55','2015-07-22 00:00:00','',1,3,2,40,4,3,4),(291,'2015-07-01 11:50:45','2015-07-16 12:05:38','2015-07-16 12:06:59','2015-07-16 12:07:06',NULL,'',2,14,14,40,4,3,3),(292,'2015-07-01 11:50:45',NULL,NULL,NULL,NULL,'',3,NULL,NULL,40,4,1,4),(293,'2015-07-01 11:50:45',NULL,NULL,NULL,NULL,'',4,NULL,NULL,40,4,1,4),(294,'2015-07-01 11:50:45',NULL,NULL,NULL,NULL,'',5,NULL,NULL,40,4,1,4),(295,'2015-07-01 11:50:45','2015-07-03 09:56:41','2015-07-01 15:37:46','2015-07-01 15:37:49','2015-07-22 00:00:00','',1,3,2,40,5,3,4),(296,'2015-07-01 11:50:45','2015-07-16 12:05:38','2015-07-16 12:07:07','2015-07-16 12:07:09',NULL,'',2,14,14,40,5,3,3),(297,'2015-07-01 11:50:45',NULL,NULL,NULL,NULL,'',3,NULL,NULL,40,5,1,4),(298,'2015-07-01 11:50:45',NULL,NULL,NULL,NULL,'',4,NULL,NULL,40,5,1,4),(299,'2015-07-01 11:50:45','2015-07-03 09:56:41','2015-07-01 15:37:35','2015-07-01 15:37:38','2015-07-22 00:00:00','#018160, #018161',1,3,2,40,6,3,4),(300,'2015-07-01 11:50:45','2015-07-16 12:05:38','2015-07-16 12:07:10','2015-07-16 12:07:12',NULL,'',2,14,14,40,6,2,3),(301,'2015-07-01 11:50:45',NULL,NULL,NULL,NULL,'',3,NULL,NULL,40,6,1,4),(302,'2015-07-01 11:50:45',NULL,NULL,NULL,NULL,'',4,NULL,NULL,40,6,1,4),(303,'2015-07-01 11:50:45','2015-07-03 09:56:41','2015-07-01 15:37:27','2015-07-01 15:37:31','2015-07-22 00:00:00','bugs in this issue: #1230, #204, #2233022, #32932, #3231 #24242 #0018160',1,3,2,40,7,3,4),(304,'2015-07-01 11:50:45','2015-07-16 12:05:38','2015-07-16 12:07:13','2015-07-16 12:07:14',NULL,'',2,14,14,40,7,2,3),(305,'2015-07-01 11:50:45',NULL,NULL,NULL,NULL,'',3,NULL,NULL,40,7,1,4),(306,'2015-07-01 11:50:45',NULL,NULL,NULL,NULL,'',4,NULL,NULL,40,7,1,4),(307,'2015-07-01 11:50:45',NULL,NULL,NULL,NULL,'',3,NULL,NULL,40,16,1,4),(308,'2015-07-01 11:50:45',NULL,NULL,NULL,NULL,'',7,NULL,NULL,40,16,1,4),(309,'2015-07-01 11:50:45',NULL,NULL,NULL,NULL,'',10,NULL,NULL,40,16,1,4),(310,'2015-07-01 11:50:45',NULL,NULL,NULL,NULL,'',12,NULL,NULL,40,16,1,4),(311,'2015-07-01 11:50:45',NULL,NULL,NULL,NULL,'',14,NULL,NULL,40,16,1,4),(312,'2015-07-01 11:50:45',NULL,NULL,NULL,NULL,'',3,NULL,NULL,40,17,1,4),(313,'2015-07-01 11:50:45',NULL,NULL,NULL,NULL,'',7,NULL,NULL,40,17,1,4),(314,'2015-07-01 11:50:45',NULL,NULL,NULL,NULL,'',10,NULL,NULL,40,17,1,4),(315,'2015-07-01 11:50:45',NULL,NULL,NULL,NULL,'',12,NULL,NULL,40,17,1,4),(316,'2015-07-01 11:50:45',NULL,NULL,NULL,NULL,'',14,NULL,NULL,40,17,1,4),(317,'2015-07-01 11:50:45',NULL,NULL,NULL,NULL,'',3,NULL,NULL,40,18,1,4),(318,'2015-07-01 11:50:45',NULL,NULL,NULL,NULL,'',7,NULL,NULL,40,18,1,4),(319,'2015-07-01 11:50:45',NULL,NULL,NULL,NULL,'',10,NULL,NULL,40,18,1,4),(320,'2015-07-01 11:50:45',NULL,NULL,NULL,NULL,'',12,NULL,NULL,40,18,1,4),(321,'2015-07-01 11:50:45',NULL,NULL,NULL,NULL,'',14,NULL,NULL,40,18,1,4),(322,'2015-07-01 11:50:45',NULL,NULL,NULL,NULL,'',3,NULL,NULL,40,19,1,4),(323,'2015-07-01 11:50:45',NULL,NULL,NULL,NULL,'',7,NULL,NULL,40,19,1,4),(324,'2015-07-01 11:50:45',NULL,NULL,NULL,NULL,'',10,NULL,NULL,40,19,1,4),(325,'2015-07-01 11:50:45',NULL,NULL,NULL,NULL,'',12,NULL,NULL,40,19,1,4),(326,'2015-07-01 11:50:45',NULL,NULL,NULL,NULL,'',14,NULL,NULL,40,19,1,4),(327,'2015-07-01 11:50:45',NULL,NULL,NULL,NULL,'',3,NULL,NULL,40,20,1,4),(328,'2015-07-01 11:50:45',NULL,NULL,NULL,NULL,'',7,NULL,NULL,40,20,1,4),(329,'2015-07-01 11:50:45',NULL,NULL,NULL,NULL,'',10,NULL,NULL,40,20,1,4),(330,'2015-07-01 11:50:45',NULL,NULL,NULL,NULL,'',12,NULL,NULL,40,20,1,4),(331,'2015-07-01 11:50:45',NULL,NULL,NULL,NULL,'',14,NULL,NULL,40,20,1,4),(332,'2015-07-01 11:50:45',NULL,NULL,NULL,NULL,'',3,NULL,NULL,40,21,1,4),(333,'2015-07-01 11:50:45',NULL,NULL,NULL,NULL,'',7,NULL,NULL,40,21,1,4),(334,'2015-07-01 11:50:45',NULL,NULL,NULL,NULL,'',10,NULL,NULL,40,21,1,4),(335,'2015-07-01 11:50:45',NULL,NULL,NULL,NULL,'',12,NULL,NULL,40,21,1,4),(336,'2015-07-01 11:50:45',NULL,NULL,NULL,NULL,'',14,NULL,NULL,40,21,1,4),(337,'2015-07-01 11:50:45',NULL,NULL,NULL,NULL,'',3,NULL,NULL,40,22,1,4),(338,'2015-07-01 11:50:45',NULL,NULL,NULL,NULL,'',7,NULL,NULL,40,22,1,4),(339,'2015-07-01 11:50:45',NULL,NULL,NULL,NULL,'',10,NULL,NULL,40,22,1,4),(340,'2015-07-01 11:50:45',NULL,NULL,NULL,NULL,'',12,NULL,NULL,40,22,1,4),(341,'2015-07-01 11:50:45',NULL,NULL,NULL,NULL,'',14,NULL,NULL,40,22,1,4),(342,'2015-07-01 11:50:45',NULL,NULL,NULL,NULL,'',12,NULL,NULL,40,60,1,4),(343,'2015-07-01 11:50:45',NULL,NULL,NULL,NULL,'',5,NULL,NULL,40,61,1,4),(344,'2015-07-01 11:50:45',NULL,NULL,NULL,NULL,'',6,NULL,NULL,40,61,1,4),(345,'2015-07-01 11:50:45',NULL,NULL,NULL,NULL,'',7,NULL,NULL,40,61,1,4),(346,'2015-07-01 11:50:45',NULL,NULL,NULL,NULL,'',12,NULL,NULL,40,61,1,4),(347,'2015-07-01 11:50:45',NULL,NULL,NULL,NULL,'',12,NULL,NULL,40,62,1,4),(348,'2015-07-01 11:50:45',NULL,NULL,NULL,NULL,'',12,NULL,NULL,40,63,1,4),(349,'2015-07-01 11:50:45',NULL,NULL,NULL,NULL,'',12,NULL,NULL,40,64,1,4),(350,'2015-07-01 11:50:45',NULL,NULL,NULL,NULL,'',12,NULL,NULL,40,65,1,4),(351,'2015-07-01 11:50:45',NULL,NULL,NULL,NULL,'',12,NULL,NULL,40,66,1,4),(352,'2015-07-01 11:50:45',NULL,NULL,NULL,NULL,'',12,NULL,NULL,40,67,1,4),(353,'2015-07-01 11:50:45',NULL,NULL,NULL,NULL,'',12,NULL,NULL,40,68,1,4),(354,'2015-07-01 11:50:45',NULL,NULL,NULL,NULL,'',12,NULL,NULL,40,69,1,4),(355,'2015-07-01 11:50:45',NULL,NULL,NULL,NULL,'',12,NULL,NULL,40,70,1,4),(356,'2015-07-01 11:50:45',NULL,NULL,NULL,NULL,'',12,NULL,NULL,40,71,1,4),(357,'2015-07-02 14:27:40',NULL,'2015-07-02 14:29:14','2015-07-02 14:29:19','2015-07-09 00:00:00','',20,NULL,NULL,41,89,2,6),(358,'2015-07-02 15:03:09','2015-07-03 10:36:09',NULL,'2015-07-08 13:55:10',NULL,'',1,1,2,41,824,6,6),(359,'2015-07-02 15:03:09',NULL,NULL,'2015-07-08 13:55:10',NULL,'',2,NULL,NULL,41,824,6,4),(360,'2015-07-02 15:03:09',NULL,NULL,'2015-07-08 13:55:10',NULL,'',3,NULL,NULL,41,824,6,4),(361,'2015-07-02 15:03:09',NULL,NULL,'2015-07-08 13:55:10',NULL,'',4,NULL,NULL,41,824,6,4),(362,'2015-07-02 15:03:09',NULL,NULL,'2015-07-08 13:55:10',NULL,'',5,NULL,NULL,41,824,6,4),(363,'2015-07-02 15:03:09',NULL,NULL,'2015-07-08 13:55:10',NULL,'',6,NULL,NULL,41,824,6,4),(364,'2015-07-02 15:03:09',NULL,NULL,'2015-07-08 13:55:10',NULL,'',7,NULL,NULL,41,824,6,4),(365,'2015-07-02 15:03:09',NULL,NULL,'2015-07-08 13:55:10',NULL,'',8,NULL,NULL,41,824,6,4),(366,'2015-07-02 15:03:09',NULL,NULL,'2015-07-08 13:55:10',NULL,'',9,NULL,NULL,41,824,6,4),(367,'2015-07-02 15:03:09',NULL,NULL,'2015-07-08 13:55:10',NULL,'',10,NULL,NULL,41,824,6,4),(368,'2015-07-02 15:03:09',NULL,NULL,'2015-07-08 13:55:10',NULL,'',11,NULL,NULL,41,824,6,4),(369,'2015-07-02 15:03:09',NULL,NULL,'2015-07-08 13:55:10',NULL,'',12,NULL,NULL,41,824,6,4),(370,'2015-07-02 15:03:09',NULL,NULL,'2015-07-08 13:55:10',NULL,'',13,NULL,NULL,41,824,6,4),(371,'2015-07-02 15:03:09',NULL,NULL,'2015-07-08 13:55:10',NULL,'',14,NULL,NULL,41,824,6,4),(372,'2015-07-02 15:03:09',NULL,NULL,'2015-07-08 13:55:10',NULL,'',15,NULL,NULL,41,824,6,4),(373,'2015-07-02 15:03:09',NULL,NULL,'2015-07-08 13:55:10',NULL,'',16,NULL,NULL,41,824,6,4),(374,'2015-07-02 15:03:09',NULL,NULL,'2015-07-08 13:55:10',NULL,'',17,NULL,NULL,41,824,6,4),(375,'2015-07-02 15:03:09',NULL,NULL,'2015-07-08 13:55:10',NULL,'',18,NULL,NULL,41,824,6,4),(376,'2015-07-02 15:03:09',NULL,NULL,'2015-07-08 13:55:10',NULL,'',19,NULL,NULL,41,824,6,4),(377,'2015-07-02 15:03:09','2015-07-02 15:03:54',NULL,'2015-07-08 13:55:10','2015-07-09 00:00:00','Seriously, like bugs 0 through to #0018160 need to be fixed still...',20,2,2,41,824,6,6),(378,'2015-07-02 16:35:19',NULL,NULL,'2015-07-08 14:14:32',NULL,'',12,NULL,NULL,3,60,6,4),(379,'2015-07-02 16:35:19','2015-07-03 11:29:36',NULL,'2015-07-08 14:14:32',NULL,'',5,2,2,3,61,6,4),(380,'2015-07-02 16:35:19',NULL,NULL,'2015-07-08 14:14:32',NULL,'',6,NULL,NULL,3,61,6,4),(381,'2015-07-02 16:35:19',NULL,NULL,'2015-07-08 14:14:32',NULL,'',7,NULL,NULL,3,61,6,4),(382,'2015-07-02 16:35:19',NULL,NULL,'2015-07-08 14:14:32',NULL,'',12,NULL,NULL,3,61,6,4),(383,'2015-07-02 16:35:19',NULL,NULL,'2015-07-08 14:14:32',NULL,'',12,NULL,NULL,3,62,6,4),(384,'2015-07-02 16:35:19',NULL,NULL,'2015-07-08 14:14:32',NULL,'',12,NULL,NULL,3,63,6,4),(385,'2015-07-02 16:35:19',NULL,NULL,'2015-07-08 14:14:32',NULL,'',12,NULL,NULL,3,64,6,4),(386,'2015-07-02 16:35:19',NULL,NULL,'2015-07-08 14:14:32',NULL,'',12,NULL,NULL,3,65,6,4),(387,'2015-07-02 16:35:19',NULL,NULL,'2015-07-08 14:14:32',NULL,'',12,NULL,NULL,3,66,6,4),(388,'2015-07-02 16:35:19',NULL,NULL,'2015-07-08 14:14:32',NULL,'',12,NULL,NULL,3,67,6,4),(389,'2015-07-02 16:35:19',NULL,NULL,'2015-07-08 14:14:32',NULL,'',12,NULL,NULL,3,68,6,4),(390,'2015-07-02 16:35:19',NULL,NULL,'2015-07-08 14:14:32',NULL,'',12,NULL,NULL,3,69,6,4),(391,'2015-07-02 16:35:19',NULL,NULL,'2015-07-08 14:14:32',NULL,'',12,NULL,NULL,3,70,6,4),(392,'2015-07-02 16:35:19',NULL,NULL,'2015-07-08 14:14:32',NULL,'',12,NULL,NULL,3,71,6,4),(393,'2015-07-02 16:35:59',NULL,NULL,'2015-07-03 16:47:11',NULL,'',18,NULL,NULL,25,77,6,4),(394,'2015-07-02 16:35:59',NULL,NULL,'2015-07-03 16:47:11',NULL,'',1,NULL,NULL,25,77,6,4),(395,'2015-07-02 16:35:59',NULL,NULL,'2015-07-03 16:47:11',NULL,'',1,NULL,NULL,25,1139,6,4),(396,'2015-07-02 16:35:59',NULL,NULL,'2015-07-03 16:47:11',NULL,'\r\n\r\n\r\n\r\n\r\n',1,NULL,NULL,25,1140,6,4),(397,'2015-07-03 10:48:56','2015-07-03 10:49:04','2015-07-03 11:07:26','2015-07-03 11:07:52',NULL,'',1,2,2,43,72,5,4),(398,'2015-07-03 10:48:56','2015-07-03 10:49:04','2015-07-03 11:07:26','2015-07-03 11:07:52',NULL,'',1,2,2,43,78,3,4),(399,'2015-07-03 11:28:47','2015-07-07 11:06:51','2015-07-07 13:38:05','2015-07-08 14:14:32','2015-07-29 00:00:00','',4,2,2,3,16,6,2),(400,'2015-07-03 11:28:47','2015-07-07 11:06:51','2015-07-07 13:38:05','2015-07-08 14:14:32','2015-07-29 00:00:00','',4,2,2,3,17,6,2),(401,'2015-07-03 12:13:17',NULL,'2015-07-03 12:16:25','2015-07-10 13:51:09','2015-07-17 00:00:00','',3,NULL,NULL,44,1147,5,4),(402,'2015-07-03 12:13:17','2015-07-10 13:49:07','2015-07-03 12:16:25','2015-07-03 12:16:30',NULL,'',3,2,2,44,1148,5,4),(403,'2015-07-03 12:13:17','2015-07-10 13:49:07','2015-07-03 12:16:25','2015-07-10 13:49:00',NULL,'',3,2,2,44,1149,3,4),(404,'2015-07-06 09:07:47','2015-07-16 10:29:26','2015-07-16 10:29:36','2015-07-16 10:30:02',NULL,'',5,14,14,2,1,5,4),(405,'2015-07-06 09:07:47',NULL,'2015-07-17 15:36:55',NULL,NULL,'',8,NULL,NULL,2,1,7,4),(406,'2015-07-06 09:07:47','2015-07-16 10:29:26','2015-07-16 10:29:36','2015-07-16 10:30:02',NULL,'',5,14,14,2,2,5,4),(407,'2015-07-06 09:07:47',NULL,'2015-07-17 15:36:55',NULL,NULL,'',8,NULL,NULL,2,2,7,4),(408,'2015-07-06 09:07:47','2015-07-17 14:32:36','2015-07-10 14:16:11','2015-07-17 15:22:08',NULL,'',2,14,14,2,48,5,6),(409,'2015-07-06 09:07:47','2015-07-17 14:32:36','2015-07-16 14:16:30','2015-07-16 14:23:52',NULL,'',2,14,14,2,49,2,4),(410,'2015-07-06 09:07:47','2015-07-17 14:32:36','2015-07-17 14:13:44','2015-07-17 15:21:47',NULL,'',2,14,14,2,50,2,2),(411,'2015-07-06 09:07:47','2015-07-17 14:32:36','2015-07-17 14:13:53','2015-07-17 15:21:49',NULL,'',2,14,14,2,51,2,3),(412,'2015-07-06 09:07:47','2015-07-17 14:32:36','2015-07-17 15:21:51','2015-07-17 15:21:53',NULL,'',2,14,14,2,52,2,6),(413,'2015-07-06 09:07:47','2015-07-17 14:32:36','2015-07-17 14:26:08','2015-07-17 14:33:00',NULL,'',2,14,14,2,53,2,4),(414,'2015-07-06 09:07:47','2015-07-17 14:32:36','2015-07-17 15:21:56','2015-07-17 15:21:58',NULL,'',2,14,14,2,54,2,4),(415,'2015-07-06 09:07:47','2015-07-17 14:32:36','2015-07-10 14:16:11','2015-07-10 14:16:14',NULL,'\r\n\r\n\r\n\r\n\r\n\r\n\r\n\r\n\r\n\r\n\r\n\r\n\r\n\r\n\r\n\r\n\r\n\r\n\r\n\r\n\r\n\r\n\r\n\r\n\r\n\r\n\r\n\r\n\r\n\r\n\r\n\r\n\r\n\r\n\r\n\r\n\r\n\r\n\r\n\r\n\r\n\r\n\r\n\r\n\r\n\r\n\r\n\r\n\r\n',2,14,14,2,55,2,4),(416,'2015-07-06 09:07:47','2015-07-17 14:32:36','2015-07-14 17:49:15','2015-07-17 15:21:43',NULL,'\r\n\r\n\r\n\r\n\r\n\r\n',2,14,14,2,56,2,4),(417,'2015-07-06 09:07:47','2015-07-17 14:32:36','2015-07-17 15:21:59','2015-07-17 15:22:01',NULL,'',2,14,14,2,57,2,4),(418,'2015-07-06 09:07:47','2015-07-17 14:32:36','2015-07-17 15:22:02','2015-07-17 15:22:04',NULL,'This is a comment with a bug #18160',2,14,14,2,58,2,4),(419,'2015-07-06 09:07:47','2015-07-17 14:32:36','2015-07-13 15:06:37','2015-07-17 15:22:08',NULL,'Comments are \r\n\r\n\r\n\r\n\r\n\r\n\r\n\r\n\r\n\r\n\r\n\r\n#181601#1#1#1#11#1#1#111#1#11#1#1#1#1#1#11#\r\n\r\n\r\n\r\n\r\n\r\n\r\n\r\n\r\n\r\n\r\n\r\n\r\n\r\n\r\n',2,14,14,2,59,2,4),(420,'2015-07-06 10:04:32',NULL,'2015-07-15 17:35:45','2015-07-17 14:07:25',NULL,'',6,NULL,NULL,2,1166,5,4),(421,'2015-07-06 10:04:32',NULL,'2015-07-15 17:35:45','2015-07-17 14:07:28',NULL,'11111122222222222222222222222222222222222222222222222222255555555555555555555\r\n\r\n\r\n\r\n\r\n\r\n\r\n\r\n\r\n\r\n\r\n\r\n\r\n\r\n',6,NULL,NULL,2,1167,2,4),(422,'2015-07-06 11:02:09','2015-07-08 15:13:54','2015-07-17 13:55:11','2015-07-17 13:55:17',NULL,'',1,2,2,2,1164,5,4),(423,'2015-07-06 11:02:09','2015-07-15 09:02:26','2015-07-14 14:47:18','2015-07-14 14:47:18',NULL,'',7,8,14,2,1164,5,4),(424,'2015-07-06 11:02:09',NULL,NULL,NULL,NULL,'',8,NULL,NULL,2,1164,1,4),(425,'2015-07-06 11:02:09','2015-07-17 15:47:07','2015-07-17 15:46:11','2015-07-17 15:47:11',NULL,'',9,12,2,2,1164,5,4),(426,'2015-07-06 11:02:09',NULL,NULL,NULL,NULL,'',13,NULL,NULL,2,1164,1,4),(427,'2015-07-06 11:02:09','2015-07-08 15:13:54','2015-07-17 13:55:11','2015-07-20 10:38:58',NULL,'',1,2,2,2,1165,2,4),(428,'2015-07-06 11:02:09','2015-07-15 09:02:26','2015-07-14 14:47:18','2015-07-17 14:13:30',NULL,'Gentlemen, the time has come for me to test this comments box and see if all is safe and canny. #18160',7,8,14,2,1165,2,4),(429,'2015-07-06 11:02:09',NULL,NULL,NULL,NULL,'',8,NULL,NULL,2,1165,1,4),(430,'2015-07-06 11:02:09','2015-07-17 15:47:07','2015-07-17 15:46:11','2015-07-17 15:47:11',NULL,'',9,12,2,2,1165,3,4),(431,'2015-07-06 11:02:09',NULL,NULL,NULL,NULL,'',13,NULL,NULL,2,1165,1,4),(432,'2015-07-06 11:54:28',NULL,NULL,NULL,NULL,'',1,NULL,NULL,47,77,1,4),(433,'2015-07-06 11:54:28',NULL,NULL,NULL,NULL,'',18,NULL,NULL,47,77,1,4),(434,'2015-07-06 11:54:28',NULL,NULL,NULL,NULL,'',1,NULL,NULL,47,1139,1,4),(435,'2015-07-06 11:54:28',NULL,NULL,NULL,NULL,'',1,NULL,NULL,47,1140,1,4),(436,'2015-07-06 11:54:28',NULL,NULL,NULL,NULL,'',12,NULL,NULL,47,1140,1,4),(437,'2015-07-06 11:54:28',NULL,NULL,NULL,NULL,'',1,NULL,NULL,47,1170,1,4),(438,'2015-07-06 11:54:28',NULL,NULL,NULL,NULL,'',12,NULL,NULL,47,1170,1,4),(439,'2015-07-06 14:02:01',NULL,'2015-07-09 14:36:28',NULL,'2015-06-24 00:00:00','Commmmmmmmmmmmmmmmmmmmmmmmmmmmmmmmmmmmmmmmmmmmmmmmmmmmmmm\r\n\r\n\r\n\r\n#18160\r\n\r\n\r\n\r\n\r\n\r\n\r\n\r\n\r\n\r\n\r\n\r\n\r\n\r\n\r\n\r\n\r\n\r\n\r\n\r\n\r\n\r\n\r\n\r\n\r\n\r\n\r\n\r\n\r\n\r\n\r\n\r\n\r\n\r\n\r\n\r\n\r\n',3,NULL,NULL,2,16,7,6),(440,'2015-07-06 14:02:01','2015-07-08 14:21:40','2015-07-10 12:10:04',NULL,NULL,'',4,2,2,2,16,1,2),(441,'2015-07-06 14:02:01','2015-07-16 10:29:26','2015-07-16 10:29:36','2015-07-16 10:29:51',NULL,'',5,14,14,2,16,5,4),(442,'2015-07-06 14:02:01','2015-07-08 15:14:04',NULL,NULL,NULL,'',7,2,2,2,16,1,4),(443,'2015-07-06 14:02:01',NULL,NULL,NULL,NULL,'',8,NULL,NULL,2,16,1,4),(444,'2015-07-06 14:02:01',NULL,NULL,NULL,NULL,'',10,NULL,NULL,2,16,1,4),(445,'2015-07-06 14:02:01',NULL,NULL,NULL,NULL,'',12,NULL,NULL,2,16,1,4),(446,'2015-07-06 14:02:01',NULL,NULL,NULL,NULL,'',14,NULL,NULL,2,16,1,4),(447,'2015-07-06 14:02:02','2015-07-08 14:21:40','2015-07-10 12:10:04','2015-07-22 14:37:28',NULL,'',4,2,2,2,17,3,2),(448,'2015-07-06 14:02:02','2015-07-16 10:29:26','2015-07-16 10:29:36','2015-07-16 10:30:05',NULL,'',5,14,14,2,17,3,4),(449,'2015-07-06 14:02:02','2015-07-17 16:46:47',NULL,NULL,NULL,'',8,1,14,2,17,1,4),(450,'2015-07-06 14:02:32','2015-07-08 14:21:27',NULL,NULL,NULL,'',3,2,2,2,16,1,6),(451,'2015-07-06 14:02:32','2015-07-08 14:21:40',NULL,NULL,NULL,'',4,2,2,2,16,1,4),(452,'2015-07-06 14:02:32','2015-07-16 10:29:26',NULL,'2015-07-16 10:30:02',NULL,'',5,14,14,2,16,5,4),(453,'2015-07-06 14:02:32',NULL,NULL,NULL,NULL,'',7,NULL,NULL,2,16,1,4),(454,'2015-07-06 14:02:32',NULL,'2015-07-17 15:36:55',NULL,NULL,'',8,NULL,NULL,2,16,7,4),(455,'2015-07-06 14:02:32',NULL,NULL,NULL,NULL,'',10,NULL,NULL,2,16,1,4),(456,'2015-07-06 14:02:32',NULL,NULL,NULL,NULL,'',12,NULL,NULL,2,16,1,4),(457,'2015-07-06 14:02:32',NULL,NULL,NULL,NULL,'',14,NULL,NULL,2,16,1,4),(458,'2015-07-06 14:02:33','2015-07-08 14:21:40','2015-07-09 15:27:04',NULL,NULL,'#124',4,2,2,2,17,1,2),(459,'2015-07-06 14:02:33','2015-07-16 10:29:26','2015-07-16 10:29:50','2015-07-16 10:30:02',NULL,'',5,14,14,2,17,3,4),(460,'2015-07-06 14:02:33','2015-07-17 15:36:51','2015-07-17 15:36:55','2015-07-17 15:37:05',NULL,'',8,4,2,2,17,4,4),(461,'2015-07-06 15:41:48','2015-07-09 14:32:24',NULL,NULL,'2015-07-17 00:00:00','',3,1,1,14,77,1,3),(462,'2015-07-06 15:41:48','2015-07-08 13:58:57','2015-07-08 14:20:31','2015-07-08 14:21:25','2015-07-15 00:00:00','This is a comment for bug: #0018160',5,2,2,14,77,5,6),(463,'2015-07-06 15:41:48','2015-07-08 14:00:26','2015-07-10 12:38:38','2015-07-10 12:49:41','2015-07-15 00:00:00','Bugs #0018160, #0018161',6,1,2,14,77,5,5),(464,'2015-07-06 15:41:48','2015-07-15 08:59:30','2015-07-14 11:33:49','2015-07-14 11:33:50','2015-07-24 00:00:00','#0018160',8,8,14,14,77,5,2),(465,'2015-07-06 15:41:48','2015-07-15 08:59:25','2015-07-14 11:34:41','2015-07-14 16:02:46',NULL,'',10,8,14,14,77,5,4),(466,'2015-07-06 15:41:48',NULL,NULL,NULL,NULL,'',12,NULL,NULL,14,77,1,4),(467,'2015-07-06 15:41:48',NULL,NULL,NULL,NULL,'',13,NULL,NULL,14,77,1,4),(468,'2015-07-06 15:41:48',NULL,NULL,NULL,NULL,'',14,NULL,NULL,14,77,1,4),(469,'2015-07-06 15:41:48',NULL,NULL,NULL,NULL,'',15,NULL,NULL,14,77,1,4),(470,'2015-07-06 15:41:48',NULL,NULL,NULL,NULL,'',18,NULL,NULL,14,77,1,4),(471,'2015-07-06 15:41:48',NULL,NULL,NULL,NULL,'',20,NULL,NULL,14,77,1,4),(472,'2015-07-06 15:41:48','2015-07-09 14:33:17','2015-07-10 12:33:28','2015-07-10 12:33:30',NULL,'',21,1,1,14,77,5,4),(473,'2015-07-06 15:41:48','2015-07-09 14:33:21',NULL,NULL,NULL,'',22,2,1,14,77,1,4),(474,'2015-07-06 15:41:48',NULL,NULL,NULL,NULL,'',23,NULL,NULL,14,77,1,4),(475,'2015-07-06 15:41:48',NULL,NULL,NULL,NULL,'',24,NULL,NULL,14,77,1,4),(476,'2015-07-06 15:41:49','2015-07-09 14:32:24',NULL,NULL,'2015-07-17 00:00:00','',3,1,1,14,1176,1,3),(477,'2015-07-06 15:41:49','2015-07-08 13:58:57','2015-07-08 14:20:31','2015-07-08 14:21:25','2015-07-15 00:00:00','',5,2,2,14,1176,5,6),(478,'2015-07-06 15:41:49','2015-07-08 14:00:26','2015-07-10 12:38:38','2015-07-10 12:49:41','2015-07-15 00:00:00','',6,1,2,14,1176,5,5),(479,'2015-07-06 15:41:49','2015-07-15 08:59:30','2015-07-14 11:33:49','2015-07-14 11:33:50','2015-07-24 00:00:00','',8,8,14,14,1176,5,2),(480,'2015-07-06 15:41:49','2015-07-15 08:59:25','2015-07-14 11:34:41','2015-07-14 16:02:46',NULL,'',10,8,14,14,1176,5,4),(481,'2015-07-06 15:41:49',NULL,NULL,NULL,NULL,'',12,NULL,NULL,14,1176,1,4),(482,'2015-07-06 15:41:49',NULL,NULL,NULL,NULL,'',13,NULL,NULL,14,1176,1,4),(483,'2015-07-06 15:41:49',NULL,NULL,NULL,NULL,'',14,NULL,NULL,14,1176,1,4),(484,'2015-07-06 15:41:49',NULL,NULL,NULL,NULL,'',15,NULL,NULL,14,1176,1,4),(485,'2015-07-06 15:41:49',NULL,NULL,NULL,NULL,'',18,NULL,NULL,14,1176,1,4),(486,'2015-07-06 15:41:49',NULL,NULL,NULL,NULL,'',20,NULL,NULL,14,1176,1,4),(487,'2015-07-06 15:41:49','2015-07-09 14:33:17','2015-07-10 12:33:28','2015-07-10 12:33:30',NULL,'',21,1,1,14,1176,5,4),(488,'2015-07-06 15:41:49','2015-07-09 14:33:21',NULL,NULL,NULL,'',22,2,1,14,1176,1,4),(489,'2015-07-06 15:41:49',NULL,NULL,NULL,NULL,'',23,NULL,NULL,14,1176,1,4),(490,'2015-07-06 15:41:49',NULL,NULL,NULL,NULL,'',24,NULL,NULL,14,1176,1,4),(491,'2015-07-06 15:41:49','2015-07-09 14:32:24',NULL,NULL,'2015-07-17 00:00:00','',3,1,1,14,1181,1,3),(492,'2015-07-06 15:41:49','2015-07-08 13:58:57','2015-07-08 14:20:31','2015-07-08 14:21:25','2015-07-15 00:00:00','I found that the German Borkwurst sausage was an acceptable substitute to all dietary requirements and made me feel amazing, though I found #0018160 in it.',5,2,2,14,1181,2,6),(493,'2015-07-06 15:41:49','2015-07-08 14:00:26','2015-07-10 12:38:38','2015-07-10 12:49:42','2015-07-15 00:00:00','Passed',6,1,2,14,1181,2,5),(494,'2015-07-06 15:41:49','2015-07-15 08:59:30','2015-07-14 11:33:49','2015-07-14 11:33:50','2015-07-24 00:00:00','',8,8,14,14,1181,2,2),(495,'2015-07-06 15:41:49','2015-07-15 08:59:25','2015-07-14 11:34:41','2015-07-14 16:02:46',NULL,'',10,8,14,14,1181,7,4),(496,'2015-07-06 15:41:49',NULL,NULL,NULL,NULL,'',12,NULL,NULL,14,1181,1,4),(497,'2015-07-06 15:41:49',NULL,NULL,NULL,NULL,'',13,NULL,NULL,14,1181,1,4),(498,'2015-07-06 15:41:49',NULL,NULL,NULL,NULL,'',14,NULL,NULL,14,1181,1,4),(499,'2015-07-06 15:41:49',NULL,NULL,NULL,NULL,'',15,NULL,NULL,14,1181,1,4),(500,'2015-07-06 15:41:49',NULL,NULL,NULL,NULL,'',18,NULL,NULL,14,1181,1,4),(501,'2015-07-06 15:41:49',NULL,NULL,NULL,NULL,'',20,NULL,NULL,14,1181,1,4),(502,'2015-07-06 15:41:49','2015-07-09 14:33:17','2015-07-10 12:33:28','2015-07-10 12:33:30',NULL,'',21,1,1,14,1181,4,4),(503,'2015-07-06 15:41:49','2015-07-09 14:33:21',NULL,NULL,NULL,'#18160',22,2,1,14,1181,1,4),(504,'2015-07-06 15:41:49',NULL,NULL,NULL,NULL,'',23,NULL,NULL,14,1181,1,4),(505,'2015-07-06 15:41:49',NULL,NULL,NULL,NULL,'',24,NULL,NULL,14,1181,1,4),(506,'2015-07-06 17:36:45',NULL,NULL,NULL,NULL,'',1,NULL,NULL,49,1,1,4),(507,'2015-07-06 17:36:45',NULL,NULL,NULL,NULL,'',2,NULL,NULL,49,1,1,4),(508,'2015-07-06 17:36:45',NULL,NULL,NULL,NULL,'',3,NULL,NULL,49,1,1,4),(509,'2015-07-06 17:36:45',NULL,NULL,NULL,NULL,'',4,NULL,NULL,49,1,1,4),(510,'2015-07-06 17:36:45',NULL,NULL,NULL,NULL,'',5,NULL,NULL,49,1,1,4),(511,'2015-07-06 17:36:45',NULL,NULL,NULL,NULL,'',8,NULL,NULL,49,1,1,4),(512,'2015-07-06 17:36:45',NULL,NULL,NULL,NULL,'',1,NULL,NULL,49,2,1,4),(513,'2015-07-06 17:36:45',NULL,NULL,NULL,NULL,'',2,NULL,NULL,49,2,1,4),(514,'2015-07-06 17:36:45',NULL,NULL,NULL,NULL,'',3,NULL,NULL,49,2,1,4),(515,'2015-07-06 17:36:45',NULL,NULL,NULL,NULL,'',4,NULL,NULL,49,2,1,4),(516,'2015-07-06 17:36:45',NULL,NULL,NULL,NULL,'',5,NULL,NULL,49,2,1,4),(517,'2015-07-06 17:36:45',NULL,NULL,NULL,NULL,'',8,NULL,NULL,49,2,1,4),(518,'2015-07-06 17:36:45',NULL,NULL,NULL,NULL,'',3,NULL,NULL,49,16,1,4),(519,'2015-07-06 17:36:45',NULL,NULL,NULL,NULL,'',4,NULL,NULL,49,16,1,4),(520,'2015-07-06 17:36:45',NULL,NULL,NULL,NULL,'',5,NULL,NULL,49,16,1,4),(521,'2015-07-06 17:36:45',NULL,NULL,NULL,NULL,'',7,NULL,NULL,49,16,1,4),(522,'2015-07-06 17:36:45',NULL,NULL,NULL,NULL,'',8,NULL,NULL,49,16,1,4),(523,'2015-07-06 17:36:45',NULL,NULL,NULL,NULL,'',10,NULL,NULL,49,16,1,4),(524,'2015-07-06 17:36:45',NULL,NULL,NULL,NULL,'',12,NULL,NULL,49,16,1,4),(525,'2015-07-06 17:36:45',NULL,NULL,NULL,NULL,'',14,NULL,NULL,49,16,1,4),(526,'2015-07-06 17:36:45',NULL,NULL,NULL,NULL,'',3,NULL,NULL,49,19,1,4),(527,'2015-07-06 17:36:45',NULL,NULL,NULL,NULL,'',7,NULL,NULL,49,19,1,4),(528,'2015-07-06 17:36:45',NULL,NULL,NULL,NULL,'',10,NULL,NULL,49,19,1,4),(529,'2015-07-06 17:36:45',NULL,NULL,NULL,NULL,'',12,NULL,NULL,49,19,1,4),(530,'2015-07-06 17:36:45',NULL,NULL,NULL,NULL,'',14,NULL,NULL,49,19,1,4),(531,'2015-07-06 17:36:45',NULL,NULL,NULL,NULL,'',3,NULL,NULL,49,17,1,4),(532,'2015-07-06 17:36:45',NULL,NULL,NULL,NULL,'',4,NULL,NULL,49,17,1,4),(533,'2015-07-06 17:36:45',NULL,NULL,NULL,NULL,'',5,NULL,NULL,49,17,1,4),(534,'2015-07-06 17:36:45',NULL,NULL,NULL,NULL,'',7,NULL,NULL,49,17,1,4),(535,'2015-07-06 17:36:45',NULL,NULL,NULL,NULL,'',8,NULL,NULL,49,17,1,4),(536,'2015-07-06 17:36:45',NULL,NULL,NULL,NULL,'',10,NULL,NULL,49,17,1,4),(537,'2015-07-06 17:36:45',NULL,NULL,NULL,NULL,'',12,NULL,NULL,49,17,1,4),(538,'2015-07-06 17:36:45',NULL,NULL,NULL,NULL,'',14,NULL,NULL,49,17,1,4),(539,'2015-07-06 17:36:45',NULL,NULL,NULL,NULL,'\r\n\r\n\r\n\r\n\r\n\r\n\r\n\r\n\r\n\r\n\r\n\r\n\r\n\r\n\r\n\r\n\r\n\r\n\r\n\r\n\r\n\r\n\r\n\r\n\r\n\r\n\r\n\r\n\r\n\r\n\r\n\r\n\r\n\r\n',3,NULL,NULL,49,20,1,4),(540,'2015-07-06 17:36:45',NULL,NULL,NULL,NULL,'',7,NULL,NULL,49,20,1,4),(541,'2015-07-06 17:36:45',NULL,NULL,NULL,NULL,'',10,NULL,NULL,49,20,1,4),(542,'2015-07-06 17:36:45',NULL,NULL,NULL,NULL,'',12,NULL,NULL,49,20,1,4),(543,'2015-07-06 17:36:45',NULL,NULL,NULL,NULL,'',14,NULL,NULL,49,20,1,4),(544,'2015-07-06 17:36:45',NULL,NULL,NULL,NULL,'',3,NULL,NULL,49,21,1,4),(545,'2015-07-06 17:36:45',NULL,NULL,NULL,NULL,'',7,NULL,NULL,49,21,1,4),(546,'2015-07-06 17:36:45',NULL,NULL,NULL,NULL,'',10,NULL,NULL,49,21,1,4),(547,'2015-07-06 17:36:45',NULL,NULL,NULL,NULL,'',12,NULL,NULL,49,21,1,4),(548,'2015-07-06 17:36:45',NULL,NULL,NULL,NULL,'',14,NULL,NULL,49,21,1,4),(549,'2015-07-06 17:36:45',NULL,NULL,NULL,NULL,'',3,NULL,NULL,49,22,1,4),(550,'2015-07-06 17:36:45',NULL,NULL,NULL,NULL,'',7,NULL,NULL,49,22,1,4),(551,'2015-07-06 17:36:45',NULL,NULL,NULL,NULL,'',10,NULL,NULL,49,22,1,4),(552,'2015-07-06 17:36:45',NULL,NULL,NULL,NULL,'',12,NULL,NULL,49,22,1,4),(553,'2015-07-06 17:36:45',NULL,NULL,NULL,NULL,'',14,NULL,NULL,49,22,1,4),(554,'2015-07-06 17:36:45',NULL,NULL,NULL,NULL,'',2,NULL,NULL,49,48,1,4),(555,'2015-07-06 17:36:46',NULL,NULL,NULL,NULL,'',2,NULL,NULL,49,49,1,4),(556,'2015-07-06 17:36:46',NULL,NULL,NULL,NULL,'',2,NULL,NULL,49,50,1,4),(557,'2015-07-06 17:36:46',NULL,NULL,NULL,NULL,'',2,NULL,NULL,49,51,1,4),(558,'2015-07-06 17:36:46',NULL,NULL,NULL,NULL,'',2,NULL,NULL,49,52,1,4),(559,'2015-07-06 17:36:46',NULL,NULL,NULL,NULL,'',2,NULL,NULL,49,53,1,4),(560,'2015-07-06 17:36:46',NULL,NULL,NULL,NULL,'',2,NULL,NULL,49,54,1,4),(561,'2015-07-06 17:36:46',NULL,NULL,NULL,NULL,'',2,NULL,NULL,49,55,1,4),(562,'2015-07-06 17:36:46',NULL,NULL,NULL,NULL,'',2,NULL,NULL,49,56,1,4),(563,'2015-07-06 17:36:46',NULL,NULL,NULL,NULL,'',2,NULL,NULL,49,57,1,4),(564,'2015-07-06 17:36:46',NULL,NULL,NULL,NULL,'',2,NULL,NULL,49,58,1,4),(565,'2015-07-06 17:36:46',NULL,NULL,NULL,NULL,'',2,NULL,NULL,49,59,1,4),(566,'2015-07-06 17:36:45',NULL,NULL,NULL,NULL,'',6,NULL,NULL,49,1166,1,4),(567,'2015-07-08 15:31:59',NULL,'2015-07-08 15:38:16',NULL,'2015-07-14 00:00:00','',1,NULL,NULL,13,77,1,5),(568,'2015-07-08 15:31:59','2015-07-09 14:52:28','2015-07-08 15:38:42',NULL,'2015-07-01 00:00:00','',2,8,8,13,77,1,4),(569,'2015-07-08 15:31:59',NULL,NULL,NULL,NULL,'',3,NULL,NULL,13,77,1,4),(570,'2015-07-08 15:31:59',NULL,NULL,NULL,NULL,'',4,NULL,NULL,13,77,1,4),(571,'2015-07-08 15:31:59',NULL,NULL,NULL,NULL,'',6,NULL,NULL,13,77,1,4),(572,'2015-07-08 15:31:59',NULL,NULL,NULL,NULL,'',7,NULL,NULL,13,77,1,4),(573,'2015-07-08 15:31:59',NULL,NULL,NULL,NULL,'',8,NULL,NULL,13,77,1,4),(574,'2015-07-08 15:31:59',NULL,NULL,NULL,NULL,'',9,NULL,NULL,13,77,1,4),(575,'2015-07-08 15:31:59',NULL,NULL,NULL,NULL,'',10,NULL,NULL,13,77,1,4),(576,'2015-07-08 15:31:59',NULL,NULL,NULL,NULL,'',11,NULL,NULL,13,77,1,4),(577,'2015-07-08 15:31:59',NULL,NULL,NULL,NULL,'',12,NULL,NULL,13,77,1,4),(578,'2015-07-08 15:31:59','2015-07-15 09:00:03','2015-07-09 16:27:01','2015-07-14 15:54:12','2015-07-17 00:00:00','Most Excellent.',13,8,14,13,77,5,4),(579,'2015-07-08 15:31:59','2015-07-15 08:59:58','2015-07-14 15:21:27','2015-07-14 15:22:49',NULL,'',15,8,14,13,77,5,4),(580,'2015-07-08 15:31:59',NULL,NULL,NULL,NULL,'',20,NULL,NULL,13,77,1,4),(581,'2015-07-08 15:31:59',NULL,NULL,NULL,NULL,'',21,NULL,NULL,13,77,1,4),(582,'2015-07-08 15:31:59',NULL,NULL,NULL,NULL,'',22,NULL,NULL,13,77,1,4),(583,'2015-07-08 15:31:59',NULL,NULL,NULL,NULL,'',23,NULL,NULL,13,77,1,4),(584,'2015-07-08 15:31:59',NULL,NULL,NULL,NULL,'',24,NULL,NULL,13,77,1,4),(585,'2015-07-08 15:31:59','2015-07-13 13:53:21','2015-07-08 15:38:16',NULL,'2015-07-14 00:00:00','',1,3,2,13,1176,1,5),(586,'2015-07-08 15:31:59','2015-07-09 14:52:28','2015-07-08 15:38:42',NULL,'2015-07-01 00:00:00','',2,8,8,13,1176,1,4),(587,'2015-07-08 15:31:59',NULL,NULL,NULL,NULL,'',3,NULL,NULL,13,1176,1,4),(588,'2015-07-08 15:31:59',NULL,NULL,NULL,NULL,'',4,NULL,NULL,13,1176,1,4),(589,'2015-07-08 15:31:59',NULL,NULL,NULL,NULL,'',6,NULL,NULL,13,1176,1,4),(590,'2015-07-08 15:31:59',NULL,NULL,NULL,NULL,'',7,NULL,NULL,13,1176,1,4),(591,'2015-07-08 15:31:59',NULL,NULL,NULL,NULL,'',8,NULL,NULL,13,1176,1,4),(592,'2015-07-08 15:31:59',NULL,NULL,NULL,NULL,'',9,NULL,NULL,13,1176,1,4),(593,'2015-07-08 15:31:59',NULL,NULL,NULL,NULL,'',10,NULL,NULL,13,1176,1,4),(594,'2015-07-08 15:31:59',NULL,NULL,NULL,NULL,'',11,NULL,NULL,13,1176,1,4),(595,'2015-07-08 15:31:59',NULL,NULL,NULL,NULL,'',12,NULL,NULL,13,1176,1,4),(596,'2015-07-08 15:31:59','2015-07-15 09:00:03','2015-07-09 16:27:01','2015-07-14 15:54:12','2015-07-17 00:00:00','',13,8,14,13,1176,5,4),(597,'2015-07-08 15:31:59','2015-07-15 08:59:58','2015-07-14 15:21:27','2015-07-14 15:22:46',NULL,'',15,8,14,13,1176,5,4),(598,'2015-07-08 15:31:59','2015-07-10 11:30:39','2015-07-10 12:18:09',NULL,NULL,'',18,1,2,13,1176,1,4),(599,'2015-07-08 15:31:59',NULL,NULL,NULL,NULL,'',20,NULL,NULL,13,1176,1,4),(600,'2015-07-08 15:31:59',NULL,NULL,NULL,NULL,'',21,NULL,NULL,13,1176,1,4),(601,'2015-07-08 15:31:59',NULL,NULL,NULL,NULL,'',22,NULL,NULL,13,1176,1,4),(602,'2015-07-08 15:31:59',NULL,NULL,NULL,NULL,'',23,NULL,NULL,13,1176,1,4),(603,'2015-07-08 15:31:59',NULL,NULL,NULL,NULL,'',24,NULL,NULL,13,1176,1,4),(604,'2015-07-08 15:31:59','2015-07-13 13:53:21','2015-07-08 15:38:16',NULL,'2015-07-14 00:00:00','Comment on this #18160 #124 And #129135 #18161',1,3,2,13,1200,1,5),(605,'2015-07-08 15:31:59','2015-07-09 14:52:28','2015-07-08 15:38:42',NULL,'2015-07-01 00:00:00','',2,8,8,13,1200,1,4),(606,'2015-07-08 15:31:59',NULL,NULL,NULL,NULL,'',3,NULL,NULL,13,1200,1,4),(607,'2015-07-08 15:31:59',NULL,NULL,NULL,NULL,'',4,NULL,NULL,13,1200,1,4),(608,'2015-07-08 15:31:59',NULL,NULL,NULL,NULL,'',6,NULL,NULL,13,1200,1,4),(609,'2015-07-08 15:31:59',NULL,NULL,NULL,NULL,'',7,NULL,NULL,13,1200,1,4),(610,'2015-07-08 15:31:59',NULL,NULL,NULL,NULL,'',8,NULL,NULL,13,1200,1,4),(611,'2015-07-08 15:31:59',NULL,NULL,NULL,NULL,'',9,NULL,NULL,13,1200,1,4),(612,'2015-07-08 15:31:59',NULL,NULL,NULL,NULL,'',10,NULL,NULL,13,1200,1,4),(613,'2015-07-08 15:31:59',NULL,NULL,NULL,NULL,'',11,NULL,NULL,13,1200,1,4),(614,'2015-07-08 15:31:59',NULL,NULL,NULL,NULL,'',12,NULL,NULL,13,1200,1,4),(615,'2015-07-08 15:31:59','2015-07-15 09:00:03','2015-07-09 16:27:01','2015-07-14 15:54:12','2015-07-17 00:00:00','',13,8,14,13,1200,5,4),(616,'2015-07-08 15:31:59','2015-07-15 08:59:58','2015-07-14 15:21:27','2015-07-14 15:22:46',NULL,'',15,8,14,13,1200,5,4),(617,'2015-07-08 15:31:59','2015-07-10 11:30:39','2015-07-10 12:18:09',NULL,NULL,'',18,1,2,13,1200,1,4),(618,'2015-07-08 15:31:59',NULL,NULL,NULL,NULL,'',20,NULL,NULL,13,1200,1,4),(619,'2015-07-08 15:31:59',NULL,NULL,NULL,NULL,'',21,NULL,NULL,13,1200,1,4),(620,'2015-07-08 15:31:59',NULL,NULL,NULL,NULL,'',22,NULL,NULL,13,1200,1,4),(621,'2015-07-08 15:31:59',NULL,NULL,NULL,NULL,'',23,NULL,NULL,13,1200,1,4),(622,'2015-07-08 15:31:59',NULL,NULL,NULL,NULL,'',24,NULL,NULL,13,1200,1,4),(623,'2015-07-08 15:32:00','2015-07-13 13:53:21','2015-07-08 15:38:16',NULL,'2015-07-14 00:00:00','',1,3,2,13,1201,1,5),(624,'2015-07-08 15:32:00','2015-07-09 14:52:28','2015-07-08 15:38:50',NULL,'2015-07-01 00:00:00','',2,8,8,13,1201,1,4),(625,'2015-07-08 15:32:00',NULL,NULL,NULL,NULL,'',3,NULL,NULL,13,1201,1,4),(626,'2015-07-08 15:32:00',NULL,NULL,NULL,NULL,'',4,NULL,NULL,13,1201,1,4),(627,'2015-07-08 15:32:00',NULL,NULL,NULL,NULL,'',6,NULL,NULL,13,1201,1,4),(628,'2015-07-08 15:32:00',NULL,NULL,NULL,NULL,'',7,NULL,NULL,13,1201,1,4),(629,'2015-07-08 15:32:00',NULL,NULL,NULL,NULL,'',8,NULL,NULL,13,1201,1,4),(630,'2015-07-08 15:32:00',NULL,NULL,NULL,NULL,'',9,NULL,NULL,13,1201,1,4),(631,'2015-07-08 15:32:00',NULL,NULL,NULL,NULL,'',10,NULL,NULL,13,1201,1,4),(632,'2015-07-08 15:32:00',NULL,NULL,NULL,NULL,'',11,NULL,NULL,13,1201,1,4),(633,'2015-07-08 15:32:00',NULL,NULL,NULL,NULL,'',12,NULL,NULL,13,1201,1,4),(634,'2015-07-08 15:32:00','2015-07-15 09:00:03','2015-07-09 16:27:01','2015-07-14 15:53:19','2015-07-17 00:00:00','This Passed',13,8,14,13,1201,2,4),(635,'2015-07-08 15:32:00','2015-07-15 08:59:58','2015-07-14 15:21:27','2015-07-14 15:56:09',NULL,'',15,8,14,13,1201,2,4),(636,'2015-07-08 15:32:00','2015-07-10 11:30:39',NULL,NULL,NULL,'',18,1,2,13,1201,1,4),(637,'2015-07-08 15:32:00',NULL,NULL,NULL,NULL,'',20,NULL,NULL,13,1201,1,4),(638,'2015-07-08 15:32:00',NULL,NULL,NULL,NULL,'',21,NULL,NULL,13,1201,1,4),(639,'2015-07-08 15:32:00',NULL,NULL,NULL,NULL,'',22,NULL,NULL,13,1201,1,4),(640,'2015-07-08 15:32:00',NULL,NULL,NULL,NULL,'',23,NULL,NULL,13,1201,1,4),(641,'2015-07-08 15:32:00',NULL,NULL,NULL,NULL,'',24,NULL,NULL,13,1201,1,4),(642,'2015-07-08 15:32:00','2015-07-13 13:53:21','2015-07-08 15:38:23','2015-07-10 13:47:14','2015-07-14 00:00:00','',1,3,2,13,1203,2,5),(643,'2015-07-08 15:32:00','2015-07-09 14:52:28','2015-07-08 15:38:42','2015-07-08 15:38:45','2015-07-01 00:00:00','',2,8,8,13,1203,2,4),(644,'2015-07-08 15:32:00',NULL,NULL,NULL,NULL,'',4,NULL,NULL,13,1203,1,4),(645,'2015-07-08 15:32:00',NULL,NULL,NULL,NULL,'',6,NULL,NULL,13,1203,1,4),(646,'2015-07-08 15:32:00',NULL,NULL,NULL,NULL,'',7,NULL,NULL,13,1203,1,4),(647,'2015-07-08 15:32:00',NULL,NULL,NULL,NULL,'',8,NULL,NULL,13,1203,1,4),(648,'2015-07-08 15:32:00',NULL,NULL,NULL,NULL,'',9,NULL,NULL,13,1203,1,4),(649,'2015-07-08 15:32:00',NULL,NULL,NULL,NULL,'',10,NULL,NULL,13,1203,1,4),(650,'2015-07-08 15:32:00',NULL,NULL,NULL,NULL,'',11,NULL,NULL,13,1203,1,4),(651,'2015-07-08 15:32:00',NULL,NULL,NULL,NULL,'',12,NULL,NULL,13,1203,1,4),(652,'2015-07-08 15:32:00','2015-07-15 09:00:03','2015-07-09 16:27:13','2015-07-14 15:54:12','2015-07-17 00:00:00','This Passed',13,8,14,13,1203,2,4),(653,'2015-07-08 15:32:00','2015-07-15 08:59:58','2015-07-14 15:22:46','2015-07-14 15:22:46',NULL,'',15,8,14,13,1203,7,4),(654,'2015-07-08 15:32:00','2015-07-10 11:30:39','2015-07-10 12:18:09','2015-07-10 12:18:11',NULL,'#0018160',18,1,2,13,1203,3,4),(655,'2015-07-08 15:32:00',NULL,NULL,NULL,NULL,'',20,NULL,NULL,13,1203,1,4),(656,'2015-07-08 15:32:00',NULL,NULL,NULL,NULL,'',21,NULL,NULL,13,1203,1,4),(657,'2015-07-08 15:32:00',NULL,NULL,NULL,NULL,'',22,NULL,NULL,13,1203,1,4),(658,'2015-07-08 15:32:00',NULL,NULL,NULL,NULL,'',23,NULL,NULL,13,1203,1,4),(659,'2015-07-08 15:32:00',NULL,NULL,NULL,NULL,'',24,NULL,NULL,13,1203,1,4),(660,'2015-07-08 15:31:59',NULL,NULL,NULL,NULL,'',1,NULL,NULL,13,1197,1,2),(661,'2015-07-08 15:31:59','2015-07-09 14:52:28',NULL,NULL,'2015-07-01 00:00:00','',2,8,8,13,1197,1,4),(662,'2015-07-08 15:31:59',NULL,NULL,NULL,NULL,'',3,NULL,NULL,13,1197,1,4),(663,'2015-07-08 15:31:59',NULL,NULL,NULL,NULL,'',4,NULL,NULL,13,1197,1,4),(664,'2015-07-08 15:31:59',NULL,NULL,NULL,NULL,'',6,NULL,NULL,13,1197,1,4),(665,'2015-07-08 15:31:59',NULL,NULL,NULL,NULL,'',7,NULL,NULL,13,1197,1,4),(666,'2015-07-08 15:31:59',NULL,NULL,NULL,NULL,'',8,NULL,NULL,13,1197,1,4),(667,'2015-07-08 15:31:59',NULL,NULL,NULL,NULL,'',9,NULL,NULL,13,1197,1,4),(668,'2015-07-08 15:31:59',NULL,NULL,NULL,NULL,'',10,NULL,NULL,13,1197,1,4),(669,'2015-07-08 15:31:59','2015-07-15 08:59:58','2015-07-14 15:22:49','2015-07-14 15:22:49',NULL,'',15,8,14,13,1197,7,4),(670,'2015-07-08 15:31:59','2015-07-10 11:30:39',NULL,NULL,NULL,'',18,1,2,13,1197,1,4),(671,'2015-07-08 15:31:59',NULL,NULL,NULL,NULL,'',20,NULL,NULL,13,1197,1,4),(672,'2015-07-08 15:31:59',NULL,NULL,NULL,NULL,'',22,NULL,NULL,13,1197,1,4),(673,'2015-07-08 15:31:59',NULL,NULL,NULL,NULL,'',23,NULL,NULL,13,1197,1,4),(674,'2015-07-08 15:31:59',NULL,NULL,NULL,NULL,'',24,NULL,NULL,13,1197,1,4),(675,'2015-07-08 15:31:59',NULL,NULL,NULL,NULL,'',1,NULL,NULL,13,1195,1,6),(676,'2015-07-08 15:31:59',NULL,NULL,NULL,NULL,'',2,NULL,NULL,13,1195,1,4),(677,'2015-07-08 15:31:59',NULL,NULL,NULL,NULL,'',3,NULL,NULL,13,1195,1,4),(678,'2015-07-08 15:31:59',NULL,NULL,NULL,NULL,'',4,NULL,NULL,13,1195,1,4),(679,'2015-07-08 15:31:59',NULL,NULL,NULL,NULL,'',6,NULL,NULL,13,1195,1,4),(680,'2015-07-08 15:31:59',NULL,NULL,NULL,NULL,'',7,NULL,NULL,13,1195,1,4),(681,'2015-07-08 15:31:59',NULL,NULL,NULL,NULL,'',8,NULL,NULL,13,1195,1,4),(682,'2015-07-08 15:31:59',NULL,NULL,NULL,NULL,'',9,NULL,NULL,13,1195,1,4),(683,'2015-07-08 15:31:59',NULL,NULL,NULL,NULL,'',10,NULL,NULL,13,1195,1,4),(684,'2015-07-08 15:31:59',NULL,NULL,NULL,NULL,'',11,NULL,NULL,13,1195,1,4),(685,'2015-07-08 15:31:59',NULL,NULL,NULL,NULL,'',12,NULL,NULL,13,1195,1,4),(686,'2015-07-08 15:31:59',NULL,NULL,NULL,NULL,'',13,NULL,NULL,13,1195,1,4),(687,'2015-07-08 15:31:59',NULL,NULL,NULL,NULL,'',15,NULL,NULL,13,1195,1,4),(688,'2015-07-08 15:31:59',NULL,NULL,NULL,NULL,'',18,NULL,NULL,13,1195,1,4),(689,'2015-07-08 15:31:59',NULL,NULL,NULL,NULL,'',20,NULL,NULL,13,1195,1,4),(690,'2015-07-08 15:31:59',NULL,NULL,NULL,NULL,'',21,NULL,NULL,13,1195,1,4),(691,'2015-07-08 15:31:59',NULL,NULL,NULL,NULL,'',22,NULL,NULL,13,1195,1,4),(692,'2015-07-08 15:31:59',NULL,NULL,NULL,NULL,'',23,NULL,NULL,13,1195,1,4),(693,'2015-07-08 15:31:59',NULL,NULL,NULL,NULL,'',24,NULL,NULL,13,1195,1,4),(694,'2015-07-08 15:32:01',NULL,NULL,NULL,NULL,'',1,NULL,NULL,13,1196,1,6),(695,'2015-07-08 15:32:01',NULL,NULL,NULL,NULL,'',2,NULL,NULL,13,1196,1,4),(696,'2015-07-08 15:32:01',NULL,NULL,NULL,NULL,'',3,NULL,NULL,13,1196,1,4),(697,'2015-07-08 15:32:01',NULL,NULL,NULL,NULL,'',4,NULL,NULL,13,1196,1,4),(698,'2015-07-08 15:32:01',NULL,NULL,NULL,NULL,'',6,NULL,NULL,13,1196,1,4),(699,'2015-07-08 15:32:01',NULL,NULL,NULL,NULL,'',7,NULL,NULL,13,1196,1,4),(700,'2015-07-08 15:32:01',NULL,NULL,NULL,NULL,'',8,NULL,NULL,13,1196,1,4),(701,'2015-07-08 15:32:01',NULL,NULL,NULL,NULL,'',9,NULL,NULL,13,1196,1,4),(702,'2015-07-08 15:32:01',NULL,NULL,NULL,NULL,'',10,NULL,NULL,13,1196,1,4),(703,'2015-07-08 15:32:01',NULL,NULL,NULL,NULL,'',11,NULL,NULL,13,1196,1,4),(704,'2015-07-08 15:32:01',NULL,NULL,NULL,NULL,'',12,NULL,NULL,13,1196,1,4),(705,'2015-07-08 15:32:01',NULL,NULL,NULL,NULL,'',13,NULL,NULL,13,1196,1,4),(706,'2015-07-08 15:32:01',NULL,NULL,NULL,NULL,'',15,NULL,NULL,13,1196,1,4),(707,'2015-07-08 15:32:01',NULL,NULL,NULL,NULL,'',18,NULL,NULL,13,1196,1,4),(708,'2015-07-08 15:32:01',NULL,NULL,NULL,NULL,'',20,NULL,NULL,13,1196,1,4),(709,'2015-07-08 15:32:01',NULL,NULL,NULL,NULL,'',21,NULL,NULL,13,1196,1,4),(710,'2015-07-08 15:32:01',NULL,NULL,NULL,NULL,'',22,NULL,NULL,13,1196,1,4),(711,'2015-07-08 15:32:01',NULL,NULL,NULL,NULL,'',23,NULL,NULL,13,1196,1,4),(712,'2015-07-08 15:32:01',NULL,NULL,NULL,NULL,'',24,NULL,NULL,13,1196,1,4),(713,'2015-07-08 15:32:01',NULL,NULL,NULL,NULL,'',1,NULL,NULL,13,1198,1,6),(714,'2015-07-08 15:32:01',NULL,NULL,NULL,NULL,'',2,NULL,NULL,13,1198,1,4),(715,'2015-07-08 15:32:01',NULL,NULL,NULL,NULL,'',3,NULL,NULL,13,1198,1,4),(716,'2015-07-08 15:32:01',NULL,NULL,NULL,NULL,'',4,NULL,NULL,13,1198,1,4),(717,'2015-07-08 15:32:01',NULL,NULL,NULL,NULL,'',6,NULL,NULL,13,1198,1,4),(718,'2015-07-08 15:32:01',NULL,NULL,NULL,NULL,'',7,NULL,NULL,13,1198,1,4),(719,'2015-07-08 15:32:01',NULL,NULL,NULL,NULL,'',8,NULL,NULL,13,1198,1,4),(720,'2015-07-08 15:32:01',NULL,NULL,NULL,NULL,'',9,NULL,NULL,13,1198,1,4),(721,'2015-07-08 15:32:01',NULL,NULL,NULL,NULL,'',10,NULL,NULL,13,1198,1,4),(722,'2015-07-08 15:32:01',NULL,NULL,NULL,NULL,'',11,NULL,NULL,13,1198,1,4),(723,'2015-07-08 15:32:01',NULL,NULL,NULL,NULL,'',12,NULL,NULL,13,1198,1,4),(724,'2015-07-08 15:32:01',NULL,NULL,NULL,NULL,'',13,NULL,NULL,13,1198,1,4),(725,'2015-07-08 15:32:01',NULL,NULL,NULL,NULL,'',15,NULL,NULL,13,1198,1,4),(726,'2015-07-08 15:32:01',NULL,NULL,NULL,NULL,'',18,NULL,NULL,13,1198,1,4),(727,'2015-07-08 15:32:01',NULL,NULL,NULL,NULL,'',20,NULL,NULL,13,1198,1,4),(728,'2015-07-08 15:32:01',NULL,NULL,NULL,NULL,'',21,NULL,NULL,13,1198,1,4),(729,'2015-07-08 15:32:01',NULL,NULL,NULL,NULL,'',22,NULL,NULL,13,1198,1,4),(730,'2015-07-08 15:32:01',NULL,NULL,NULL,NULL,'',23,NULL,NULL,13,1198,1,4),(731,'2015-07-08 15:32:01',NULL,NULL,NULL,NULL,'',24,NULL,NULL,13,1198,1,4),(732,'2015-07-08 15:32:01',NULL,NULL,NULL,NULL,'',1,NULL,NULL,13,1199,1,6),(733,'2015-07-08 15:32:01',NULL,NULL,NULL,NULL,'',2,NULL,NULL,13,1199,1,4),(734,'2015-07-08 15:32:01',NULL,NULL,NULL,NULL,'',3,NULL,NULL,13,1199,1,4),(735,'2015-07-08 15:32:01',NULL,NULL,NULL,NULL,'',4,NULL,NULL,13,1199,1,4),(736,'2015-07-08 15:32:01',NULL,NULL,NULL,NULL,'',6,NULL,NULL,13,1199,1,4),(737,'2015-07-08 15:32:01',NULL,NULL,NULL,NULL,'',7,NULL,NULL,13,1199,1,4),(738,'2015-07-08 15:32:01',NULL,NULL,NULL,NULL,'',8,NULL,NULL,13,1199,1,4),(739,'2015-07-08 15:32:01',NULL,NULL,NULL,NULL,'',9,NULL,NULL,13,1199,1,4),(740,'2015-07-08 15:32:01',NULL,NULL,NULL,NULL,'',10,NULL,NULL,13,1199,1,4),(741,'2015-07-08 15:32:01',NULL,NULL,NULL,NULL,'',11,NULL,NULL,13,1199,1,4),(742,'2015-07-08 15:32:01',NULL,NULL,NULL,NULL,'',12,NULL,NULL,13,1199,1,4),(743,'2015-07-08 15:32:01',NULL,NULL,NULL,NULL,'',13,NULL,NULL,13,1199,1,4),(744,'2015-07-08 15:32:01',NULL,NULL,NULL,NULL,'',15,NULL,NULL,13,1199,1,4),(745,'2015-07-08 15:32:01',NULL,NULL,NULL,NULL,'',18,NULL,NULL,13,1199,1,4),(746,'2015-07-08 15:32:01',NULL,NULL,NULL,NULL,'',20,NULL,NULL,13,1199,1,4),(747,'2015-07-08 15:32:01',NULL,NULL,NULL,NULL,'',21,NULL,NULL,13,1199,1,4),(748,'2015-07-08 15:32:01',NULL,NULL,NULL,NULL,'',22,NULL,NULL,13,1199,1,4),(749,'2015-07-08 15:32:01',NULL,NULL,NULL,NULL,'',23,NULL,NULL,13,1199,1,4),(750,'2015-07-08 15:32:01',NULL,NULL,NULL,NULL,'',24,NULL,NULL,13,1199,1,4),(751,'2015-07-08 15:34:30',NULL,NULL,NULL,NULL,'',4,NULL,NULL,13,1202,1,4),(752,'2015-07-08 15:34:30',NULL,NULL,NULL,NULL,'',7,NULL,NULL,13,1202,1,4),(753,'2015-07-08 15:34:30',NULL,NULL,NULL,NULL,'',9,NULL,NULL,13,1202,1,4),(754,'2015-07-08 15:34:30',NULL,NULL,NULL,NULL,'',12,NULL,NULL,13,1202,1,4),(755,'2015-07-08 15:34:30',NULL,NULL,NULL,NULL,'',21,NULL,NULL,13,1202,1,4),(756,'2015-07-08 15:39:55',NULL,NULL,NULL,NULL,'',1,NULL,NULL,48,77,1,4),(757,'2015-07-08 15:39:55',NULL,NULL,NULL,NULL,'',2,NULL,NULL,48,77,1,4),(758,'2015-07-08 15:39:55','2015-07-15 14:22:44','2015-07-16 10:00:44','2015-07-16 10:28:48',NULL,'',3,14,14,48,77,5,4),(759,'2015-07-08 15:39:55',NULL,'2015-07-14 16:06:15',NULL,NULL,'',4,NULL,NULL,48,77,1,4),(760,'2015-07-08 15:39:55',NULL,NULL,NULL,NULL,'',6,NULL,NULL,48,77,1,4),(761,'2015-07-08 15:39:55',NULL,NULL,NULL,NULL,'',7,NULL,NULL,48,77,1,4),(762,'2015-07-08 15:39:55',NULL,NULL,NULL,NULL,'',8,NULL,NULL,48,77,1,4),(763,'2015-07-08 15:39:55',NULL,NULL,NULL,NULL,'',9,NULL,NULL,48,77,1,4),(764,'2015-07-08 15:39:55',NULL,NULL,NULL,NULL,'',10,NULL,NULL,48,77,1,4),(765,'2015-07-08 15:39:55',NULL,NULL,NULL,NULL,'',11,NULL,NULL,48,77,1,4),(766,'2015-07-08 15:39:55',NULL,NULL,NULL,NULL,'',12,NULL,NULL,48,77,1,4),(767,'2015-07-08 15:39:55',NULL,NULL,NULL,NULL,'',13,NULL,NULL,48,77,1,4),(768,'2015-07-08 15:39:55',NULL,NULL,NULL,NULL,'',15,NULL,NULL,48,77,1,4),(769,'2015-07-08 15:39:55',NULL,NULL,NULL,NULL,'',18,NULL,NULL,48,77,1,4),(770,'2015-07-08 15:39:55',NULL,NULL,NULL,NULL,'',20,NULL,NULL,48,77,1,4),(771,'2015-07-08 15:39:55',NULL,NULL,NULL,NULL,'',21,NULL,NULL,48,77,1,4),(772,'2015-07-08 15:39:55',NULL,NULL,NULL,NULL,'',22,NULL,NULL,48,77,1,4),(773,'2015-07-08 15:39:55',NULL,NULL,NULL,NULL,'',23,NULL,NULL,48,77,1,4),(774,'2015-07-08 15:39:55',NULL,NULL,NULL,NULL,'',24,NULL,NULL,48,77,1,4),(775,'2015-07-08 15:39:55',NULL,NULL,NULL,NULL,'\r\n\r\n\r\n\r\n\r\n\r\n',1,NULL,NULL,48,1176,1,4),(776,'2015-07-08 15:39:55',NULL,NULL,NULL,NULL,'',2,NULL,NULL,48,1176,1,4),(777,'2015-07-08 15:39:55','2015-07-15 14:22:44','2015-07-16 10:00:44','2015-07-16 10:05:19',NULL,'',3,14,14,48,1176,5,4),(778,'2015-07-08 15:39:55',NULL,'2015-07-14 16:06:15',NULL,NULL,'',4,NULL,NULL,48,1176,1,4),(779,'2015-07-08 15:39:55',NULL,NULL,NULL,NULL,'',6,NULL,NULL,48,1176,1,4),(780,'2015-07-08 15:39:55',NULL,NULL,NULL,NULL,'',7,NULL,NULL,48,1176,1,4),(781,'2015-07-08 15:39:55',NULL,NULL,NULL,NULL,'',8,NULL,NULL,48,1176,1,4),(782,'2015-07-08 15:39:55',NULL,NULL,NULL,NULL,'',9,NULL,NULL,48,1176,1,4),(783,'2015-07-08 15:39:55',NULL,NULL,NULL,NULL,'',10,NULL,NULL,48,1176,1,4),(784,'2015-07-08 15:39:55',NULL,NULL,NULL,NULL,'',11,NULL,NULL,48,1176,1,4),(785,'2015-07-08 15:39:55',NULL,NULL,NULL,NULL,'',12,NULL,NULL,48,1176,1,4),(786,'2015-07-08 15:39:55',NULL,NULL,NULL,NULL,'',13,NULL,NULL,48,1176,1,4),(787,'2015-07-08 15:39:55',NULL,NULL,NULL,NULL,'',15,NULL,NULL,48,1176,1,4),(788,'2015-07-08 15:39:55',NULL,NULL,NULL,NULL,'',18,NULL,NULL,48,1176,1,4),(789,'2015-07-08 15:39:55',NULL,NULL,NULL,NULL,'',20,NULL,NULL,48,1176,1,4),(790,'2015-07-08 15:39:55',NULL,NULL,NULL,NULL,'',21,NULL,NULL,48,1176,1,4),(791,'2015-07-08 15:39:55',NULL,NULL,NULL,NULL,'',22,NULL,NULL,48,1176,1,4),(792,'2015-07-08 15:39:55',NULL,NULL,NULL,NULL,'',23,NULL,NULL,48,1176,1,4),(793,'2015-07-08 15:39:55',NULL,NULL,NULL,NULL,'',24,NULL,NULL,48,1176,1,4),(794,'2015-07-08 15:39:56',NULL,NULL,NULL,NULL,'',1,NULL,NULL,48,1200,1,4),(795,'2015-07-08 15:39:56',NULL,NULL,NULL,NULL,'',2,NULL,NULL,48,1200,1,4),(796,'2015-07-08 15:39:56','2015-07-15 14:22:44','2015-07-16 10:00:44','2015-07-16 10:05:19',NULL,'',3,14,14,48,1200,5,4),(797,'2015-07-08 15:39:56',NULL,'2015-07-14 16:06:15',NULL,NULL,'',4,NULL,NULL,48,1200,1,4),(798,'2015-07-08 15:39:56',NULL,NULL,NULL,NULL,'\r\n\r\n\r\n\r\n\r\n\r\n\r\n\r\n\r\n\r\n\r\n\r\n\r\n\r\n',6,NULL,NULL,48,1200,1,4),(799,'2015-07-08 15:39:56',NULL,NULL,NULL,NULL,'',7,NULL,NULL,48,1200,1,4),(800,'2015-07-08 15:39:56',NULL,NULL,NULL,NULL,'',8,NULL,NULL,48,1200,1,4),(801,'2015-07-08 15:39:56',NULL,NULL,NULL,NULL,'',9,NULL,NULL,48,1200,1,4),(802,'2015-07-08 15:39:56',NULL,NULL,NULL,NULL,'',10,NULL,NULL,48,1200,1,4),(803,'2015-07-08 15:39:56',NULL,NULL,NULL,NULL,'',11,NULL,NULL,48,1200,1,4),(804,'2015-07-08 15:39:56',NULL,NULL,NULL,NULL,'',12,NULL,NULL,48,1200,1,4),(805,'2015-07-08 15:39:56',NULL,NULL,NULL,NULL,'',13,NULL,NULL,48,1200,1,4),(806,'2015-07-08 15:39:56',NULL,NULL,NULL,NULL,'',15,NULL,NULL,48,1200,1,4),(807,'2015-07-08 15:39:56',NULL,NULL,NULL,NULL,'',18,NULL,NULL,48,1200,1,4),(808,'2015-07-08 15:39:56',NULL,NULL,NULL,NULL,'',20,NULL,NULL,48,1200,1,4),(809,'2015-07-08 15:39:56',NULL,NULL,NULL,NULL,'',21,NULL,NULL,48,1200,1,4),(810,'2015-07-08 15:39:56',NULL,NULL,NULL,NULL,'',22,NULL,NULL,48,1200,1,4),(811,'2015-07-08 15:39:56',NULL,NULL,NULL,NULL,'',23,NULL,NULL,48,1200,1,4),(812,'2015-07-08 15:39:56',NULL,NULL,NULL,NULL,'',24,NULL,NULL,48,1200,1,4),(813,'2015-07-08 15:39:56',NULL,NULL,NULL,NULL,'',1,NULL,NULL,48,1201,1,4),(814,'2015-07-08 15:39:56',NULL,NULL,NULL,NULL,'',2,NULL,NULL,48,1201,1,4),(815,'2015-07-08 15:39:56','2015-07-15 14:22:44','2015-07-16 10:05:19','2015-07-16 10:28:44',NULL,'',3,14,14,48,1201,2,4),(816,'2015-07-08 15:39:56',NULL,'2015-07-14 16:06:15','2015-07-14 16:06:29',NULL,'',4,NULL,NULL,48,1201,3,4),(817,'2015-07-08 15:39:56',NULL,NULL,NULL,NULL,'',6,NULL,NULL,48,1201,1,4),(818,'2015-07-08 15:39:56',NULL,NULL,NULL,NULL,'',7,NULL,NULL,48,1201,1,4),(819,'2015-07-08 15:39:56',NULL,NULL,NULL,NULL,'',8,NULL,NULL,48,1201,1,4),(820,'2015-07-08 15:39:56',NULL,NULL,NULL,NULL,'',9,NULL,NULL,48,1201,1,4),(821,'2015-07-08 15:39:56',NULL,NULL,NULL,NULL,'',10,NULL,NULL,48,1201,1,4),(822,'2015-07-08 15:39:56',NULL,NULL,NULL,NULL,'',11,NULL,NULL,48,1201,1,4),(823,'2015-07-08 15:39:56',NULL,NULL,NULL,NULL,'',12,NULL,NULL,48,1201,1,4),(824,'2015-07-08 15:39:56',NULL,NULL,NULL,NULL,'',13,NULL,NULL,48,1201,1,4),(825,'2015-07-08 15:39:56',NULL,NULL,NULL,NULL,'',15,NULL,NULL,48,1201,1,4),(826,'2015-07-08 15:39:56',NULL,NULL,NULL,NULL,'',18,NULL,NULL,48,1201,1,4),(827,'2015-07-08 15:39:56',NULL,NULL,NULL,NULL,'',20,NULL,NULL,48,1201,1,4),(828,'2015-07-08 15:39:56',NULL,NULL,NULL,NULL,'',21,NULL,NULL,48,1201,1,4),(829,'2015-07-08 15:39:56',NULL,NULL,NULL,NULL,'',22,NULL,NULL,48,1201,1,4),(830,'2015-07-08 15:39:56',NULL,NULL,NULL,NULL,'',23,NULL,NULL,48,1201,1,4),(831,'2015-07-08 15:39:56',NULL,NULL,NULL,NULL,'',24,NULL,NULL,48,1201,1,4),(832,'2015-07-08 15:39:56',NULL,NULL,NULL,NULL,'',1,NULL,NULL,48,1203,1,4),(833,'2015-07-08 15:39:56',NULL,NULL,NULL,NULL,'',2,NULL,NULL,48,1203,1,4),(834,'2015-07-08 15:39:56','2015-07-15 14:22:44','2015-07-16 10:00:44','2015-07-16 10:28:41',NULL,'',3,14,14,48,1203,2,4),(835,'2015-07-08 15:39:56','2015-07-14 16:07:14','2015-07-14 16:06:31',NULL,NULL,'',4,2,2,48,1203,1,4),(836,'2015-07-08 15:39:56',NULL,NULL,NULL,NULL,'',6,NULL,NULL,48,1203,1,4),(837,'2015-07-08 15:39:56',NULL,NULL,NULL,NULL,'',7,NULL,NULL,48,1203,1,4),(838,'2015-07-08 15:39:56',NULL,NULL,NULL,NULL,'',8,NULL,NULL,48,1203,1,4),(839,'2015-07-08 15:39:56',NULL,NULL,NULL,NULL,'',9,NULL,NULL,48,1203,1,4),(840,'2015-07-08 15:39:56',NULL,NULL,NULL,NULL,'',10,NULL,NULL,48,1203,1,4),(841,'2015-07-08 15:39:56',NULL,NULL,NULL,NULL,'',11,NULL,NULL,48,1203,1,4),(842,'2015-07-08 15:39:56',NULL,NULL,NULL,NULL,'',12,NULL,NULL,48,1203,1,4),(843,'2015-07-08 15:39:56',NULL,NULL,NULL,NULL,'',13,NULL,NULL,48,1203,1,4),(844,'2015-07-08 15:39:56',NULL,NULL,NULL,NULL,'',15,NULL,NULL,48,1203,1,4),(845,'2015-07-08 15:39:56',NULL,NULL,NULL,NULL,'',18,NULL,NULL,48,1203,1,4),(846,'2015-07-08 15:39:56',NULL,NULL,NULL,NULL,'',20,NULL,NULL,48,1203,1,4),(847,'2015-07-08 15:39:56',NULL,NULL,NULL,NULL,'',21,NULL,NULL,48,1203,1,4),(848,'2015-07-08 15:39:56',NULL,NULL,NULL,NULL,'',22,NULL,NULL,48,1203,1,4),(849,'2015-07-08 15:39:56',NULL,NULL,NULL,NULL,'',23,NULL,NULL,48,1203,1,4),(850,'2015-07-08 15:39:56',NULL,NULL,NULL,NULL,'',24,NULL,NULL,48,1203,1,4),(851,'2015-07-08 15:39:55',NULL,NULL,NULL,NULL,'',1,NULL,NULL,48,1197,1,4),(852,'2015-07-08 15:39:55',NULL,NULL,NULL,NULL,'',2,NULL,NULL,48,1197,1,4),(853,'2015-07-08 15:39:55','2015-07-15 14:22:44','2015-07-16 10:28:46','2015-07-16 10:28:48',NULL,'',3,14,14,48,1197,2,4),(854,'2015-07-08 15:39:55',NULL,NULL,NULL,NULL,'',4,NULL,NULL,48,1197,1,4),(855,'2015-07-08 15:39:55',NULL,NULL,NULL,NULL,'',6,NULL,NULL,48,1197,1,4),(856,'2015-07-08 15:39:55',NULL,NULL,NULL,NULL,'',7,NULL,NULL,48,1197,1,4),(857,'2015-07-08 15:39:55',NULL,NULL,NULL,NULL,'',8,NULL,NULL,48,1197,1,4),(858,'2015-07-08 15:39:55',NULL,NULL,NULL,NULL,'',9,NULL,NULL,48,1197,1,4),(859,'2015-07-08 15:39:55',NULL,NULL,NULL,NULL,'',10,NULL,NULL,48,1197,1,4),(860,'2015-07-08 15:39:55',NULL,NULL,NULL,NULL,'',15,NULL,NULL,48,1197,1,4),(861,'2015-07-08 15:39:55',NULL,NULL,NULL,NULL,'',18,NULL,NULL,48,1197,1,4),(862,'2015-07-08 15:39:55',NULL,NULL,NULL,NULL,'',20,NULL,NULL,48,1197,1,4),(863,'2015-07-08 15:39:55',NULL,NULL,NULL,NULL,'',22,NULL,NULL,48,1197,1,4),(864,'2015-07-08 15:39:55',NULL,NULL,NULL,NULL,'',23,NULL,NULL,48,1197,1,4),(865,'2015-07-08 15:39:55',NULL,NULL,NULL,NULL,'',24,NULL,NULL,48,1197,1,4),(866,'2015-07-08 15:39:55',NULL,NULL,NULL,NULL,'',1,NULL,NULL,48,1195,1,4),(867,'2015-07-08 15:39:55',NULL,NULL,NULL,NULL,'',2,NULL,NULL,48,1195,1,4),(868,'2015-07-08 15:39:55',NULL,NULL,NULL,NULL,'',3,NULL,NULL,48,1195,1,4),(869,'2015-07-08 15:39:55',NULL,NULL,NULL,NULL,'',4,NULL,NULL,48,1195,1,4),(870,'2015-07-08 15:39:55',NULL,NULL,NULL,NULL,'',6,NULL,NULL,48,1195,1,4),(871,'2015-07-08 15:39:55',NULL,NULL,NULL,NULL,'',7,NULL,NULL,48,1195,1,4),(872,'2015-07-08 15:39:55',NULL,NULL,NULL,NULL,'',8,NULL,NULL,48,1195,1,4),(873,'2015-07-08 15:39:55',NULL,NULL,NULL,NULL,'',9,NULL,NULL,48,1195,1,4),(874,'2015-07-08 15:39:55',NULL,NULL,NULL,NULL,'',10,NULL,NULL,48,1195,1,4),(875,'2015-07-08 15:39:55',NULL,NULL,NULL,NULL,'',11,NULL,NULL,48,1195,1,4),(876,'2015-07-08 15:39:55',NULL,NULL,NULL,NULL,'',12,NULL,NULL,48,1195,1,4),(877,'2015-07-08 15:39:55',NULL,NULL,NULL,NULL,'',13,NULL,NULL,48,1195,1,4),(878,'2015-07-08 15:39:55',NULL,NULL,NULL,NULL,'',15,NULL,NULL,48,1195,1,4),(879,'2015-07-08 15:39:55',NULL,NULL,NULL,NULL,'',18,NULL,NULL,48,1195,1,4),(880,'2015-07-08 15:39:55',NULL,NULL,NULL,NULL,'',20,NULL,NULL,48,1195,1,4),(881,'2015-07-08 15:39:55',NULL,NULL,NULL,NULL,'',21,NULL,NULL,48,1195,1,4),(882,'2015-07-08 15:39:55',NULL,NULL,NULL,NULL,'',22,NULL,NULL,48,1195,1,4),(883,'2015-07-08 15:39:55',NULL,NULL,NULL,NULL,'',23,NULL,NULL,48,1195,1,4),(884,'2015-07-08 15:39:55',NULL,NULL,NULL,NULL,'',24,NULL,NULL,48,1195,1,4),(885,'2015-07-08 15:39:58',NULL,NULL,NULL,NULL,'',1,NULL,NULL,48,1196,1,4),(886,'2015-07-08 15:39:58',NULL,NULL,NULL,NULL,'',2,NULL,NULL,48,1196,1,4),(887,'2015-07-08 15:39:58',NULL,NULL,NULL,NULL,'',3,NULL,NULL,48,1196,1,4),(888,'2015-07-08 15:39:58',NULL,NULL,NULL,NULL,'',4,NULL,NULL,48,1196,1,4),(889,'2015-07-08 15:39:58',NULL,NULL,NULL,NULL,'',6,NULL,NULL,48,1196,1,4),(890,'2015-07-08 15:39:58',NULL,NULL,NULL,NULL,'',7,NULL,NULL,48,1196,1,4),(891,'2015-07-08 15:39:58',NULL,NULL,NULL,NULL,'',8,NULL,NULL,48,1196,1,4),(892,'2015-07-08 15:39:58',NULL,NULL,NULL,NULL,'',9,NULL,NULL,48,1196,1,4),(893,'2015-07-08 15:39:58',NULL,NULL,NULL,NULL,'',10,NULL,NULL,48,1196,1,4),(894,'2015-07-08 15:39:58',NULL,NULL,NULL,NULL,'',11,NULL,NULL,48,1196,1,4),(895,'2015-07-08 15:39:58',NULL,NULL,NULL,NULL,'',12,NULL,NULL,48,1196,1,4),(896,'2015-07-08 15:39:58',NULL,NULL,NULL,NULL,'',13,NULL,NULL,48,1196,1,4),(897,'2015-07-08 15:39:58',NULL,NULL,NULL,NULL,'',15,NULL,NULL,48,1196,1,4),(898,'2015-07-08 15:39:58',NULL,NULL,NULL,NULL,'',18,NULL,NULL,48,1196,1,4),(899,'2015-07-08 15:39:58',NULL,NULL,NULL,NULL,'',20,NULL,NULL,48,1196,1,4),(900,'2015-07-08 15:39:58',NULL,NULL,NULL,NULL,'',21,NULL,NULL,48,1196,1,4),(901,'2015-07-08 15:39:58',NULL,NULL,NULL,NULL,'',22,NULL,NULL,48,1196,1,4),(902,'2015-07-08 15:39:58',NULL,NULL,NULL,NULL,'',23,NULL,NULL,48,1196,1,4),(903,'2015-07-08 15:39:58',NULL,NULL,NULL,NULL,'',24,NULL,NULL,48,1196,1,4),(904,'2015-07-08 15:39:59',NULL,NULL,NULL,NULL,'',1,NULL,NULL,48,1198,1,4),(905,'2015-07-08 15:39:59',NULL,NULL,NULL,NULL,'',2,NULL,NULL,48,1198,1,4),(906,'2015-07-08 15:39:59',NULL,NULL,NULL,NULL,'',3,NULL,NULL,48,1198,1,4),(907,'2015-07-08 15:39:59',NULL,NULL,NULL,NULL,'',4,NULL,NULL,48,1198,1,4),(908,'2015-07-08 15:39:59',NULL,NULL,NULL,NULL,'',6,NULL,NULL,48,1198,1,4),(909,'2015-07-08 15:39:59',NULL,NULL,NULL,NULL,'',7,NULL,NULL,48,1198,1,4),(910,'2015-07-08 15:39:59',NULL,NULL,NULL,NULL,'',8,NULL,NULL,48,1198,1,4),(911,'2015-07-08 15:39:59',NULL,NULL,NULL,NULL,'',9,NULL,NULL,48,1198,1,4),(912,'2015-07-08 15:39:59',NULL,NULL,NULL,NULL,'',10,NULL,NULL,48,1198,1,4),(913,'2015-07-08 15:39:59',NULL,NULL,NULL,NULL,'',11,NULL,NULL,48,1198,1,4),(914,'2015-07-08 15:39:59',NULL,NULL,NULL,NULL,'',12,NULL,NULL,48,1198,1,4),(915,'2015-07-08 15:39:59',NULL,NULL,NULL,NULL,'',13,NULL,NULL,48,1198,1,4),(916,'2015-07-08 15:39:59',NULL,NULL,NULL,NULL,'',15,NULL,NULL,48,1198,1,4),(917,'2015-07-08 15:39:59',NULL,NULL,NULL,NULL,'',18,NULL,NULL,48,1198,1,4),(918,'2015-07-08 15:39:59',NULL,NULL,NULL,NULL,'',20,NULL,NULL,48,1198,1,4),(919,'2015-07-08 15:39:59',NULL,NULL,NULL,NULL,'',21,NULL,NULL,48,1198,1,4),(920,'2015-07-08 15:39:59',NULL,NULL,NULL,NULL,'',22,NULL,NULL,48,1198,1,4),(921,'2015-07-08 15:39:59',NULL,NULL,NULL,NULL,'',23,NULL,NULL,48,1198,1,4),(922,'2015-07-08 15:39:59',NULL,NULL,NULL,NULL,'',24,NULL,NULL,48,1198,1,4),(923,'2015-07-08 15:39:59',NULL,NULL,NULL,NULL,'',1,NULL,NULL,48,1199,1,4),(924,'2015-07-08 15:39:59',NULL,NULL,NULL,NULL,'',2,NULL,NULL,48,1199,1,4),(925,'2015-07-08 15:39:59',NULL,NULL,NULL,NULL,'',3,NULL,NULL,48,1199,1,4),(926,'2015-07-08 15:39:59',NULL,NULL,NULL,NULL,'',4,NULL,NULL,48,1199,1,4),(927,'2015-07-08 15:39:59',NULL,NULL,NULL,NULL,'',6,NULL,NULL,48,1199,1,4),(928,'2015-07-08 15:39:59',NULL,NULL,NULL,NULL,'',7,NULL,NULL,48,1199,1,4),(929,'2015-07-08 15:39:59',NULL,NULL,NULL,NULL,'',8,NULL,NULL,48,1199,1,4),(930,'2015-07-08 15:39:59',NULL,NULL,NULL,NULL,'',9,NULL,NULL,48,1199,1,4),(931,'2015-07-08 15:39:59',NULL,NULL,NULL,NULL,'',10,NULL,NULL,48,1199,1,4),(932,'2015-07-08 15:39:59',NULL,NULL,NULL,NULL,'',11,NULL,NULL,48,1199,1,4),(933,'2015-07-08 15:39:59',NULL,NULL,NULL,NULL,'',12,NULL,NULL,48,1199,1,4),(934,'2015-07-08 15:39:59',NULL,NULL,NULL,NULL,'',13,NULL,NULL,48,1199,1,4),(935,'2015-07-08 15:39:59',NULL,NULL,NULL,NULL,'',15,NULL,NULL,48,1199,1,4),(936,'2015-07-08 15:39:59',NULL,NULL,NULL,NULL,'',18,NULL,NULL,48,1199,1,4),(937,'2015-07-08 15:39:59',NULL,NULL,NULL,NULL,'',20,NULL,NULL,48,1199,1,4),(938,'2015-07-08 15:39:59',NULL,NULL,NULL,NULL,'',21,NULL,NULL,48,1199,1,4),(939,'2015-07-08 15:39:59',NULL,NULL,NULL,NULL,'',22,NULL,NULL,48,1199,1,4),(940,'2015-07-08 15:39:59',NULL,NULL,NULL,NULL,'',23,NULL,NULL,48,1199,1,4),(941,'2015-07-08 15:39:59',NULL,NULL,NULL,NULL,'',24,NULL,NULL,48,1199,1,4),(942,'2015-07-08 15:39:55',NULL,NULL,NULL,NULL,'',4,NULL,NULL,48,1202,1,4),(943,'2015-07-08 15:39:55',NULL,NULL,NULL,NULL,'',7,NULL,NULL,48,1202,1,4),(944,'2015-07-08 15:39:55',NULL,NULL,NULL,NULL,'',9,NULL,NULL,48,1202,1,4),(945,'2015-07-08 15:39:55',NULL,NULL,NULL,NULL,'',12,NULL,NULL,48,1202,1,4),(946,'2015-07-08 15:39:55',NULL,NULL,NULL,NULL,'',14,NULL,NULL,48,1202,1,4),(947,'2015-07-08 15:39:55',NULL,NULL,NULL,NULL,'',21,NULL,NULL,48,1202,1,4),(948,'2015-07-08 15:39:55',NULL,NULL,NULL,NULL,'',23,NULL,NULL,48,1182,1,4),(949,'2015-07-08 15:39:55',NULL,NULL,NULL,NULL,'',1,NULL,NULL,48,1204,1,4),(950,'2015-07-08 15:40:00',NULL,NULL,NULL,NULL,'',1,NULL,NULL,48,1205,1,4),(951,'2015-07-08 15:46:50',NULL,NULL,NULL,NULL,'',11,NULL,NULL,2,1,1,4),(952,'2015-07-08 15:46:50','2015-07-22 15:35:19','2015-07-17 17:00:35','2015-07-20 12:11:11',NULL,'',20,14,14,2,1,12,4),(953,'2015-07-08 15:46:51',NULL,NULL,NULL,NULL,'',11,NULL,NULL,2,2,1,4),(954,'2015-07-08 15:46:51','2015-07-22 15:35:19','2015-07-17 17:00:35','2015-07-20 12:11:11',NULL,'',20,14,14,2,2,12,4),(955,'2015-07-08 15:46:51',NULL,NULL,NULL,NULL,'#18160',11,NULL,NULL,2,16,1,4),(956,'2015-07-08 15:46:51','2015-07-22 15:35:19','2015-07-17 17:00:35','2015-07-20 12:11:11',NULL,'',20,14,14,2,16,12,4),(957,'2015-07-08 15:46:51',NULL,NULL,NULL,NULL,'',11,NULL,NULL,2,17,1,4),(958,'2015-07-08 15:46:51','2015-07-22 15:35:19','2015-07-17 17:00:35','2015-07-20 12:11:11',NULL,'',20,14,14,2,17,2,4),(959,'2015-07-08 15:46:51',NULL,NULL,NULL,NULL,'',11,NULL,NULL,2,19,1,4),(960,'2015-07-08 15:46:51','2015-07-22 15:35:19','2015-07-17 17:00:46','2015-07-17 17:00:50',NULL,'',20,14,14,2,19,2,4),(961,'2015-07-08 15:46:51',NULL,NULL,NULL,NULL,'',11,NULL,NULL,2,20,1,4),(962,'2015-07-08 15:46:51','2015-07-22 15:35:19',NULL,NULL,NULL,'',20,14,14,2,20,1,4),(963,'2015-07-08 15:46:51',NULL,NULL,NULL,NULL,'',11,NULL,NULL,2,21,1,4),(964,'2015-07-08 15:46:51','2015-07-22 15:35:19','2015-07-22 15:23:57','2015-07-22 15:24:00',NULL,'',20,14,14,2,21,2,4),(965,'2015-07-08 15:46:51',NULL,NULL,NULL,NULL,'',11,NULL,NULL,2,22,1,4),(966,'2015-07-08 15:46:51','2015-07-22 15:35:19',NULL,NULL,NULL,'',20,14,14,2,22,1,4),(967,'2015-07-08 15:46:51',NULL,NULL,NULL,NULL,'',11,NULL,NULL,2,1145,1,4),(968,'2015-07-08 15:46:51','2015-07-22 15:35:19',NULL,NULL,NULL,'',20,14,14,2,1145,1,4),(969,'2015-07-08 15:46:51',NULL,NULL,NULL,NULL,'',11,NULL,NULL,2,48,1,4),(970,'2015-07-08 15:46:51','2015-07-22 15:35:19',NULL,NULL,NULL,'',20,14,14,2,48,1,4),(971,'2015-07-08 15:46:51',NULL,NULL,NULL,NULL,'',11,NULL,NULL,2,49,1,4),(972,'2015-07-08 15:46:51','2015-07-22 15:35:19',NULL,NULL,NULL,'',20,14,14,2,49,1,4),(973,'2015-07-08 15:46:51',NULL,NULL,NULL,NULL,'',11,NULL,NULL,2,50,1,4),(974,'2015-07-08 15:46:51','2015-07-22 15:35:19',NULL,NULL,NULL,'',20,14,14,2,50,1,4),(975,'2015-07-08 15:46:51',NULL,NULL,NULL,NULL,'',11,NULL,NULL,2,51,1,4),(976,'2015-07-08 15:46:51','2015-07-22 15:35:19',NULL,NULL,NULL,'',20,14,14,2,51,1,4),(977,'2015-07-08 15:46:51',NULL,NULL,NULL,NULL,'',11,NULL,NULL,2,52,1,4),(978,'2015-07-08 15:46:51','2015-07-22 15:35:19',NULL,NULL,NULL,'',20,14,14,2,52,1,4),(979,'2015-07-08 15:46:51',NULL,NULL,NULL,NULL,'',11,NULL,NULL,2,53,1,4),(980,'2015-07-08 15:46:51','2015-07-22 15:35:19',NULL,NULL,NULL,'',20,14,14,2,53,1,4),(981,'2015-07-08 15:46:51',NULL,NULL,NULL,NULL,'',11,NULL,NULL,2,54,1,4),(982,'2015-07-08 15:46:51','2015-07-22 15:35:19',NULL,NULL,NULL,'',20,14,14,2,54,1,4),(983,'2015-07-08 15:46:51',NULL,NULL,NULL,NULL,'',11,NULL,NULL,2,55,1,4),(984,'2015-07-08 15:46:51','2015-07-22 15:35:19',NULL,NULL,NULL,'',20,14,14,2,55,1,4),(985,'2015-07-08 15:46:51',NULL,NULL,NULL,NULL,'',11,NULL,NULL,2,56,1,4),(986,'2015-07-08 15:46:51','2015-07-22 15:35:19',NULL,NULL,NULL,'',20,14,14,2,56,1,4),(987,'2015-07-08 15:46:51',NULL,NULL,NULL,NULL,'',11,NULL,NULL,2,57,1,4),(988,'2015-07-08 15:46:51','2015-07-22 15:35:19',NULL,NULL,NULL,'',20,14,14,2,57,1,4),(989,'2015-07-08 15:46:51',NULL,NULL,NULL,NULL,'',11,NULL,NULL,2,58,1,4),(990,'2015-07-08 15:46:51','2015-07-22 15:35:19',NULL,NULL,NULL,'',20,14,14,2,58,1,4),(991,'2015-07-08 15:46:51',NULL,NULL,NULL,NULL,'',11,NULL,NULL,2,59,1,4),(992,'2015-07-08 15:46:51','2015-07-22 15:35:19',NULL,NULL,NULL,'',20,14,14,2,59,1,4),(993,'2015-07-08 15:46:51',NULL,NULL,NULL,NULL,'',11,NULL,NULL,2,1146,1,4),(994,'2015-07-08 15:46:51','2015-07-22 15:35:19',NULL,NULL,NULL,'',20,14,14,2,1146,1,4),(995,'2015-07-08 15:46:51',NULL,NULL,NULL,NULL,'',11,NULL,NULL,2,1152,1,4),(996,'2015-07-08 15:46:51','2015-07-22 15:35:19','2015-07-21 09:23:22',NULL,NULL,'',20,14,14,2,1152,7,4),(997,'2015-07-08 15:46:52',NULL,NULL,NULL,NULL,'',11,NULL,NULL,2,1153,1,4),(998,'2015-07-08 15:46:52','2015-07-22 15:35:19',NULL,NULL,NULL,'',20,14,14,2,1153,1,4),(999,'2015-07-08 15:46:52',NULL,NULL,NULL,NULL,'',11,NULL,NULL,2,1154,1,4),(1000,'2015-07-08 15:46:52','2015-07-22 15:35:19',NULL,NULL,NULL,'',20,14,14,2,1154,1,4),(1001,'2015-07-08 15:46:52',NULL,NULL,NULL,NULL,'',11,NULL,NULL,2,1155,1,4),(1002,'2015-07-08 15:46:52','2015-07-22 15:35:19',NULL,NULL,NULL,'',20,14,14,2,1155,1,4),(1003,'2015-07-08 15:46:52',NULL,NULL,NULL,NULL,'',11,NULL,NULL,2,1156,1,4),(1004,'2015-07-08 15:46:52','2015-07-22 15:35:19',NULL,NULL,NULL,'',20,14,14,2,1156,1,4),(1005,'2015-07-08 15:46:52',NULL,NULL,NULL,NULL,'',11,NULL,NULL,2,1157,1,4),(1006,'2015-07-08 15:46:52','2015-07-22 15:35:19',NULL,NULL,NULL,'',20,14,14,2,1157,1,4),(1007,'2015-07-08 15:46:52',NULL,NULL,NULL,NULL,'',11,NULL,NULL,2,1158,1,4),(1008,'2015-07-08 15:46:52','2015-07-22 15:35:19',NULL,NULL,NULL,'',20,14,14,2,1158,1,4),(1009,'2015-07-08 15:46:52',NULL,NULL,NULL,NULL,'',11,NULL,NULL,2,1159,1,4),(1010,'2015-07-08 15:46:52','2015-07-22 15:35:19','2015-07-21 09:23:22',NULL,NULL,'',20,14,14,2,1159,7,4),(1011,'2015-07-08 15:46:52',NULL,NULL,NULL,NULL,'',11,NULL,NULL,2,1160,1,4),(1012,'2015-07-08 15:46:52','2015-07-22 15:35:19',NULL,NULL,NULL,'',20,14,14,2,1160,1,4),(1013,'2015-07-08 15:46:52',NULL,NULL,NULL,NULL,'',11,NULL,NULL,2,1161,1,4),(1014,'2015-07-08 15:46:52','2015-07-22 15:35:19',NULL,NULL,NULL,'',20,14,14,2,1161,1,4),(1015,'2015-07-08 15:46:52',NULL,NULL,NULL,NULL,'',11,NULL,NULL,2,1162,1,4),(1016,'2015-07-08 15:46:52','2015-07-22 15:35:19',NULL,NULL,NULL,'',20,14,14,2,1162,1,4),(1017,'2015-07-08 15:46:52',NULL,NULL,NULL,NULL,'',11,NULL,NULL,2,1163,1,4),(1018,'2015-07-08 15:46:52','2015-07-22 15:35:19',NULL,NULL,NULL,'',20,14,14,2,1163,1,4),(1019,'2015-07-08 16:44:17','2015-07-10 15:37:39','2015-07-09 15:14:49',NULL,'2015-07-02 00:00:00','',1,2,2,58,1219,1,5),(1020,'2015-07-08 16:44:17','2015-07-10 15:37:39','2015-07-09 15:14:49',NULL,'2015-07-02 00:00:00','',1,2,2,58,1220,1,5),(1021,'2015-07-08 16:44:17','2015-07-10 15:37:39','2015-07-09 15:14:49',NULL,'2015-07-02 00:00:00','\r\n',1,2,2,58,1221,1,5),(1022,'2015-07-08 16:44:17',NULL,NULL,NULL,NULL,'',5,NULL,NULL,58,1222,1,4),(1023,'2015-07-08 16:44:17',NULL,NULL,NULL,NULL,'',5,NULL,NULL,58,1223,1,4),(1024,'2015-07-08 16:52:09',NULL,NULL,NULL,NULL,'',1,NULL,NULL,13,1228,1,5),(1025,'2015-07-08 16:52:09',NULL,NULL,NULL,NULL,'',4,NULL,NULL,13,1228,1,4),(1026,'2015-07-08 16:52:09',NULL,NULL,NULL,NULL,'',9,NULL,NULL,13,1228,1,4),(1027,'2015-07-08 16:52:09','2015-07-15 08:59:51','2015-07-14 12:00:45','2015-07-14 12:00:47',NULL,'',14,8,14,13,1228,5,2),(1028,'2015-07-08 16:52:09',NULL,NULL,NULL,NULL,'',1,NULL,NULL,13,1229,1,5),(1029,'2015-07-08 16:52:09',NULL,NULL,NULL,NULL,'',4,NULL,NULL,13,1229,1,4),(1030,'2015-07-08 16:52:09',NULL,NULL,NULL,NULL,'',9,NULL,NULL,13,1229,1,4),(1031,'2015-07-08 16:52:09','2015-07-15 08:59:51','2015-07-14 12:00:45','2015-07-14 12:00:47',NULL,'',14,8,14,13,1229,5,2),(1032,'2015-07-08 16:52:09',NULL,NULL,NULL,NULL,'',1,NULL,NULL,13,1230,1,5),(1033,'2015-07-08 16:52:09',NULL,NULL,NULL,NULL,'',4,NULL,NULL,13,1230,1,4),(1034,'2015-07-08 16:52:09',NULL,NULL,NULL,NULL,'',9,NULL,NULL,13,1230,1,4),(1035,'2015-07-08 16:52:09','2015-07-15 08:59:51','2015-07-14 12:00:45','2015-07-14 12:00:47',NULL,'',14,8,14,13,1230,2,2),(1036,'2015-07-08 16:52:09',NULL,NULL,NULL,NULL,'',30,NULL,NULL,13,1232,1,4),(1037,'2015-07-10 10:06:16','2015-07-10 13:51:12','2015-07-10 10:30:52','2015-07-10 13:51:09','2015-07-17 00:00:00','',3,3,2,44,1150,5,3),(1038,'2015-07-10 10:06:16','2015-07-10 13:51:12','2015-07-10 10:30:52','2015-07-10 13:51:09','2015-07-17 00:00:00','',3,3,2,44,1151,2,3),(1039,'2015-07-10 10:14:45',NULL,NULL,NULL,NULL,'',3,NULL,NULL,59,1213,1,4),(1040,'2015-07-10 10:14:45',NULL,NULL,NULL,NULL,'',5,NULL,NULL,59,1213,1,4),(1041,'2015-07-10 10:15:19',NULL,NULL,NULL,NULL,'',9,NULL,NULL,59,1215,1,4),(1042,'2015-07-10 10:15:19',NULL,NULL,NULL,NULL,'',5,NULL,NULL,59,1215,1,4),(1043,'2015-07-10 10:20:01',NULL,NULL,NULL,NULL,'',3,NULL,NULL,59,1215,1,4),(1044,'2015-07-10 10:22:46',NULL,NULL,NULL,NULL,'',5,NULL,NULL,59,1216,1,4),(1045,'2015-07-10 10:26:18',NULL,NULL,NULL,NULL,'',9,NULL,NULL,59,1213,1,4),(1046,'2015-07-10 10:29:12',NULL,NULL,NULL,NULL,'',9,NULL,NULL,59,1216,1,4),(1047,'2015-07-10 12:06:36',NULL,NULL,NULL,NULL,'',4,NULL,NULL,61,1233,1,4),(1048,'2015-07-10 12:06:36','2015-07-10 12:07:31','2015-07-10 12:07:18','2015-07-10 12:09:01',NULL,'',7,1,1,61,1233,5,6),(1049,'2015-07-10 12:06:36',NULL,NULL,NULL,NULL,'',10,NULL,NULL,61,1233,1,4),(1050,'2015-07-10 12:06:36',NULL,NULL,NULL,NULL,'',9,NULL,NULL,61,1233,1,4),(1051,'2015-07-10 12:06:36','2015-07-20 09:10:41',NULL,NULL,NULL,'',28,14,14,61,1233,1,4),(1052,'2015-07-10 12:06:36',NULL,NULL,NULL,NULL,'',4,NULL,NULL,61,1234,1,4),(1053,'2015-07-10 12:06:36','2015-07-10 12:07:31','2015-07-10 12:08:01','2015-07-10 12:09:01',NULL,'',7,1,1,61,1234,5,6),(1054,'2015-07-10 12:06:36',NULL,NULL,NULL,NULL,'',10,NULL,NULL,61,1234,1,4),(1055,'2015-07-10 12:06:36',NULL,NULL,NULL,NULL,'',9,NULL,NULL,61,1234,1,4),(1056,'2015-07-10 12:06:36','2015-07-20 09:10:41',NULL,NULL,NULL,'',28,14,14,61,1234,1,4),(1057,'2015-07-10 12:06:36',NULL,NULL,NULL,NULL,'',4,NULL,NULL,61,1235,1,4),(1058,'2015-07-10 12:06:36','2015-07-10 12:07:31','2015-07-10 12:08:01','2015-07-10 12:09:01',NULL,'Comment',7,1,1,61,1235,2,6),(1059,'2015-07-10 12:06:36',NULL,NULL,NULL,NULL,'',10,NULL,NULL,61,1235,1,4),(1060,'2015-07-10 12:06:36',NULL,NULL,NULL,NULL,'',9,NULL,NULL,61,1235,1,4),(1061,'2015-07-10 12:06:36','2015-07-20 09:10:41',NULL,NULL,NULL,'',28,14,14,61,1235,1,4),(1062,'2015-07-10 12:06:36',NULL,NULL,NULL,NULL,'',4,NULL,NULL,61,1236,1,4),(1063,'2015-07-10 12:06:36','2015-07-10 12:07:31','2015-07-10 12:07:18','2015-07-10 12:07:58',NULL,'',7,1,1,61,1236,3,3),(1064,'2015-07-10 12:06:36',NULL,NULL,NULL,NULL,'',10,NULL,NULL,61,1236,1,4),(1065,'2015-07-10 12:06:36',NULL,NULL,NULL,NULL,'',12,NULL,NULL,61,1236,1,4),(1066,'2015-07-10 12:06:36',NULL,NULL,NULL,NULL,'',9,NULL,NULL,61,1236,1,4),(1067,'2015-07-10 12:06:36','2015-07-20 09:10:41',NULL,NULL,NULL,'',28,14,14,61,1236,1,4),(1068,'2015-07-13 10:26:44',NULL,NULL,'2015-07-15 12:25:29',NULL,'',1,NULL,NULL,36,1,6,4),(1069,'2015-07-13 10:26:44','2015-07-15 09:01:22','2015-07-14 09:30:39','2015-07-14 16:14:55',NULL,'A Comment',2,8,14,36,1,5,4),(1070,'2015-07-13 10:26:44','2015-07-15 09:01:11','2015-07-14 11:56:51','2015-07-14 14:23:28',NULL,'',3,8,14,36,1,5,4),(1071,'2015-07-13 10:26:44','2015-07-15 09:01:27','2015-07-14 11:53:46','2015-07-14 11:53:48',NULL,'',4,8,14,36,1,5,4),(1072,'2015-07-13 10:26:44',NULL,NULL,'2015-07-15 12:25:29',NULL,'',5,NULL,NULL,36,1,6,4),(1073,'2015-07-13 10:26:44',NULL,NULL,'2015-07-15 12:25:29',NULL,'',8,NULL,NULL,36,1,6,4),(1074,'2015-07-13 10:26:44','2015-07-15 09:04:40','2015-07-15 09:05:35','2015-07-15 12:25:29',NULL,'',11,14,14,36,1,6,4),(1075,'2015-07-13 10:26:44',NULL,NULL,'2015-07-15 12:25:29',NULL,'',20,NULL,NULL,36,1,6,4),(1076,'2015-07-13 10:26:45',NULL,NULL,'2015-07-15 12:25:29',NULL,'',1,NULL,NULL,36,2,6,4),(1077,'2015-07-13 10:26:45','2015-07-15 09:01:22','2015-07-14 09:30:39','2015-07-14 16:14:55',NULL,'',2,8,14,36,2,5,4),(1078,'2015-07-13 10:26:45','2015-07-15 09:01:11','2015-07-14 11:56:51','2015-07-14 14:23:28',NULL,'',3,8,14,36,2,5,4),(1079,'2015-07-13 10:26:45','2015-07-15 09:01:27','2015-07-14 11:53:46','2015-07-14 11:53:48',NULL,'',4,8,14,36,2,5,4),(1080,'2015-07-13 10:26:45',NULL,NULL,'2015-07-15 12:25:29',NULL,'',5,NULL,NULL,36,2,6,4),(1081,'2015-07-13 10:26:45',NULL,NULL,'2015-07-15 12:25:29',NULL,'',8,NULL,NULL,36,2,6,4),(1082,'2015-07-13 10:26:45','2015-07-15 09:04:40','2015-07-15 09:05:35','2015-07-15 12:25:29',NULL,'',11,14,14,36,2,6,4),(1083,'2015-07-13 10:26:45',NULL,NULL,'2015-07-15 12:25:29',NULL,'',20,NULL,NULL,36,2,6,4),(1084,'2015-07-13 10:26:45','2015-07-15 09:01:11','2015-07-14 11:56:51','2015-07-14 14:23:28',NULL,'',3,8,14,36,16,5,4),(1085,'2015-07-13 10:26:45','2015-07-15 09:01:27','2015-07-14 11:53:46','2015-07-14 11:53:48',NULL,'',4,8,14,36,16,5,4),(1086,'2015-07-13 10:26:45',NULL,NULL,'2015-07-15 12:25:29',NULL,'',5,NULL,NULL,36,16,6,4),(1087,'2015-07-13 10:26:45',NULL,NULL,'2015-07-15 12:25:29',NULL,'',7,NULL,NULL,36,16,6,4),(1088,'2015-07-13 10:26:45',NULL,NULL,'2015-07-15 12:25:29',NULL,'',8,NULL,NULL,36,16,6,4),(1089,'2015-07-13 10:26:45',NULL,NULL,'2015-07-15 12:25:29',NULL,'',10,NULL,NULL,36,16,6,4),(1090,'2015-07-13 10:26:45','2015-07-15 09:04:40','2015-07-15 09:07:42','2015-07-15 09:08:05',NULL,'',11,14,14,36,16,5,4),(1091,'2015-07-13 10:26:45',NULL,NULL,'2015-07-15 12:25:29',NULL,'',12,NULL,NULL,36,16,6,4),(1092,'2015-07-13 10:26:45',NULL,NULL,'2015-07-15 12:25:29',NULL,'',14,NULL,NULL,36,16,6,4),(1093,'2015-07-13 10:26:45','2015-07-15 09:48:12','2015-07-15 09:54:59','2015-07-15 09:55:37',NULL,'',20,14,14,36,16,5,4),(1094,'2015-07-13 10:26:45','2015-07-15 09:01:11','2015-07-14 14:23:28','2015-07-14 14:23:35',NULL,'',3,8,14,36,17,2,4),(1095,'2015-07-13 10:26:45','2015-07-15 09:01:27','2015-07-14 11:53:46','2015-07-14 11:53:48',NULL,'',4,8,14,36,17,2,4),(1096,'2015-07-13 10:26:45',NULL,NULL,'2015-07-15 12:25:29',NULL,'',5,NULL,NULL,36,17,6,4),(1097,'2015-07-13 10:26:45',NULL,NULL,'2015-07-15 12:25:29',NULL,'',7,NULL,NULL,36,17,6,4),(1098,'2015-07-13 10:26:45',NULL,NULL,'2015-07-15 12:25:29',NULL,'',8,NULL,NULL,36,17,6,4),(1099,'2015-07-13 10:26:45',NULL,NULL,'2015-07-15 12:25:29',NULL,'',10,NULL,NULL,36,17,6,4),(1100,'2015-07-13 10:26:45','2015-07-15 09:04:40','2015-07-15 09:08:02','2015-07-15 09:08:05',NULL,'',11,14,14,36,17,2,4),(1101,'2015-07-13 10:26:45',NULL,NULL,'2015-07-15 12:25:29',NULL,'',12,NULL,NULL,36,17,6,4),(1102,'2015-07-13 10:26:45',NULL,NULL,'2015-07-15 12:25:29',NULL,'',14,NULL,NULL,36,17,6,4),(1103,'2015-07-13 10:26:45','2015-07-15 09:48:12','2015-07-15 09:55:27','2015-07-15 09:55:37',NULL,'',20,14,14,36,17,2,4),(1104,'2015-07-13 10:26:45','2015-07-15 09:01:11','2015-07-14 14:23:20','2015-07-14 14:23:25',NULL,'',3,8,14,36,19,2,4),(1105,'2015-07-13 10:26:45',NULL,NULL,'2015-07-15 12:25:29',NULL,'',7,NULL,NULL,36,19,6,4),(1106,'2015-07-13 10:26:45',NULL,NULL,'2015-07-15 12:25:29',NULL,'',10,NULL,NULL,36,19,6,4),(1107,'2015-07-13 10:26:45','2015-07-15 09:04:40','2015-07-15 09:07:59','2015-07-15 09:08:01',NULL,'',11,14,14,36,19,2,4),(1108,'2015-07-13 10:26:45',NULL,NULL,'2015-07-15 12:25:29',NULL,'',12,NULL,NULL,36,19,6,4),(1109,'2015-07-13 10:26:45',NULL,NULL,'2015-07-15 12:25:29',NULL,'',14,NULL,NULL,36,19,6,4),(1110,'2015-07-13 10:26:45','2015-07-15 09:48:12','2015-07-15 09:55:23','2015-07-15 09:55:26',NULL,'',20,14,14,36,19,2,4),(1111,'2015-07-13 10:26:45','2015-07-15 09:01:11','2015-07-14 14:21:26','2015-07-15 12:25:29',NULL,'',3,8,14,36,20,6,4),(1112,'2015-07-13 10:26:45',NULL,NULL,'2015-07-15 12:25:29',NULL,'',7,NULL,NULL,36,20,6,4),(1113,'2015-07-13 10:26:45',NULL,NULL,'2015-07-15 12:25:29',NULL,'',10,NULL,NULL,36,20,6,4),(1114,'2015-07-13 10:26:45','2015-07-15 09:04:40','2015-07-15 09:07:54','2015-07-15 09:07:57',NULL,'',11,14,14,36,20,2,4),(1115,'2015-07-13 10:26:45',NULL,NULL,'2015-07-15 12:25:29',NULL,'',12,NULL,NULL,36,20,6,4),(1116,'2015-07-13 10:26:45',NULL,NULL,'2015-07-15 12:25:29',NULL,'',14,NULL,NULL,36,20,6,4),(1117,'2015-07-13 10:26:45','2015-07-15 09:48:12','2015-07-15 09:55:20','2015-07-15 09:55:22',NULL,'',20,14,14,36,20,2,4),(1118,'2015-07-13 10:26:45','2015-07-15 09:01:11','2015-07-14 14:21:03','2015-07-14 14:21:22',NULL,'',3,8,14,36,21,2,4),(1119,'2015-07-13 10:26:45',NULL,NULL,'2015-07-15 12:25:29',NULL,'',7,NULL,NULL,36,21,6,4),(1120,'2015-07-13 10:26:45',NULL,NULL,'2015-07-15 12:25:29',NULL,'',10,NULL,NULL,36,21,6,4),(1121,'2015-07-13 10:26:45','2015-07-15 09:04:40','2015-07-15 09:07:50','2015-07-15 09:07:53',NULL,'',11,14,14,36,21,2,4),(1122,'2015-07-13 10:26:45',NULL,NULL,'2015-07-15 12:25:29',NULL,'',12,NULL,NULL,36,21,6,4),(1123,'2015-07-13 10:26:45',NULL,NULL,'2015-07-15 12:25:29',NULL,'',14,NULL,NULL,36,21,6,4),(1124,'2015-07-13 10:26:45','2015-07-15 09:48:12','2015-07-15 09:55:18','2015-07-15 09:55:19',NULL,'',20,14,14,36,21,2,4),(1125,'2015-07-13 10:26:45','2015-07-15 09:01:11','2015-07-14 11:56:51','2015-07-14 11:56:53',NULL,'',3,8,14,36,22,2,4),(1126,'2015-07-13 10:26:45',NULL,NULL,'2015-07-15 12:25:29',NULL,'',7,NULL,NULL,36,22,6,4),(1127,'2015-07-13 10:26:45',NULL,NULL,'2015-07-15 12:25:29',NULL,'',10,NULL,NULL,36,22,6,4),(1128,'2015-07-13 10:26:45','2015-07-15 09:04:40','2015-07-15 09:07:47','2015-07-15 09:07:49',NULL,'',11,14,14,36,22,2,4),(1129,'2015-07-13 10:26:45',NULL,NULL,'2015-07-15 12:25:29',NULL,'',12,NULL,NULL,36,22,6,4),(1130,'2015-07-13 10:26:45',NULL,NULL,'2015-07-15 12:25:29',NULL,'',14,NULL,NULL,36,22,6,4),(1131,'2015-07-13 10:26:45','2015-07-15 09:48:12','2015-07-15 09:55:02','2015-07-15 09:55:17',NULL,'',20,14,14,36,22,2,4),(1132,'2015-07-13 10:26:45','2015-07-15 09:04:40','2015-07-15 09:07:42','2015-07-15 09:07:45',NULL,'',11,14,14,36,1145,2,4),(1133,'2015-07-13 10:26:45','2015-07-15 09:48:12','2015-07-15 09:54:59','2015-07-15 09:55:01',NULL,'',20,14,14,36,1145,2,4),(1134,'2015-07-13 10:26:45','2015-07-15 09:01:22','2015-07-14 09:30:39','2015-07-14 16:14:55',NULL,'',2,8,14,36,48,5,4),(1135,'2015-07-13 10:26:45','2015-07-15 09:04:40','2015-07-15 09:05:35','2015-07-15 09:06:52',NULL,'',11,14,14,36,48,5,4),(1136,'2015-07-13 10:26:45','2015-07-15 09:48:21',NULL,'2015-07-15 12:25:29',NULL,'',20,1,14,36,48,6,4),(1137,'2015-07-13 10:26:47','2015-07-15 09:01:22','2015-07-14 14:48:46','2015-07-15 12:25:29',NULL,'',2,8,14,36,49,6,4),(1138,'2015-07-13 10:26:47','2015-07-15 09:04:40','2015-07-15 09:06:49','2015-07-15 09:06:52',NULL,'',11,14,14,36,49,3,4),(1139,'2015-07-13 10:26:47','2015-07-15 09:48:21',NULL,'2015-07-15 12:25:29',NULL,'',20,1,14,36,49,6,4),(1140,'2015-07-13 10:26:47','2015-07-15 09:01:22','2015-07-14 14:48:43','2015-07-15 12:25:29',NULL,'',2,8,14,36,50,6,4),(1141,'2015-07-13 10:26:47','2015-07-15 09:04:40','2015-07-15 09:06:43','2015-07-15 09:06:46',NULL,'',11,14,14,36,50,2,4),(1142,'2015-07-13 10:26:47','2015-07-15 09:48:21',NULL,'2015-07-15 12:25:29',NULL,'',20,1,14,36,50,6,4),(1143,'2015-07-13 10:26:47','2015-07-15 09:01:22','2015-07-14 14:48:40','2015-07-15 12:25:29',NULL,'',2,8,14,36,51,6,4),(1144,'2015-07-13 10:26:47','2015-07-15 09:04:40','2015-07-15 09:06:38','2015-07-15 09:06:41',NULL,'',11,14,14,36,51,4,4),(1145,'2015-07-13 10:26:47','2015-07-15 09:48:21',NULL,'2015-07-15 12:25:29',NULL,'',20,1,14,36,51,6,4),(1146,'2015-07-13 10:26:47','2015-07-15 09:01:22','2015-07-14 14:48:38','2015-07-15 12:25:29',NULL,'',2,8,14,36,52,6,4),(1147,'2015-07-13 10:26:47','2015-07-15 09:04:40','2015-07-15 09:06:33','2015-07-15 09:06:37',NULL,'',11,14,14,36,52,3,4),(1148,'2015-07-13 10:26:47','2015-07-15 09:48:21',NULL,'2015-07-15 12:25:29',NULL,'',20,1,14,36,52,6,4),(1149,'2015-07-13 10:26:47','2015-07-15 09:01:22','2015-07-14 14:48:36','2015-07-15 12:25:29',NULL,'',2,8,14,36,53,6,4),(1150,'2015-07-13 10:26:47','2015-07-15 09:04:40','2015-07-15 09:06:27','2015-07-15 09:06:32',NULL,'',11,14,14,36,53,2,4),(1151,'2015-07-13 10:26:47','2015-07-15 09:48:21',NULL,'2015-07-15 12:25:29',NULL,'',20,1,14,36,53,6,4),(1152,'2015-07-13 10:26:47','2015-07-15 09:01:22','2015-07-14 14:29:07','2015-07-15 12:25:29',NULL,'',2,8,14,36,54,6,4),(1153,'2015-07-13 10:26:47','2015-07-15 09:04:40','2015-07-15 09:06:22','2015-07-15 09:06:24',NULL,'',11,14,14,36,54,4,4),(1154,'2015-07-13 10:26:47','2015-07-15 09:48:21',NULL,'2015-07-15 12:25:29',NULL,'',20,1,14,36,54,6,4),(1155,'2015-07-13 10:26:47','2015-07-15 09:01:22','2015-07-14 13:59:59','2015-07-15 12:25:29',NULL,'',2,8,14,36,55,6,4),(1156,'2015-07-13 10:26:47','2015-07-15 09:04:40','2015-07-15 09:06:17','2015-07-15 09:06:20',NULL,'',11,14,14,36,55,3,4),(1157,'2015-07-13 10:26:47','2015-07-15 09:48:21',NULL,'2015-07-15 12:25:29',NULL,'',20,1,14,36,55,6,4),(1158,'2015-07-13 10:26:47','2015-07-15 09:01:22','2015-07-14 13:59:55','2015-07-15 12:25:29',NULL,'',2,8,14,36,56,6,4),(1159,'2015-07-13 10:26:47','2015-07-15 09:04:40','2015-07-15 09:06:12','2015-07-15 09:06:14',NULL,'',11,14,14,36,56,2,4),(1160,'2015-07-13 10:26:47','2015-07-15 09:48:21',NULL,'2015-07-15 12:25:29',NULL,'',20,1,14,36,56,6,4),(1161,'2015-07-13 10:26:47','2015-07-15 09:01:22','2015-07-14 14:48:32','2015-07-15 12:25:29',NULL,'',2,8,14,36,57,6,4),(1162,'2015-07-13 10:26:47','2015-07-15 09:04:40','2015-07-15 09:06:07','2015-07-15 09:06:10',NULL,'',11,14,14,36,57,4,4),(1163,'2015-07-13 10:26:47','2015-07-15 09:48:21',NULL,'2015-07-15 12:25:29',NULL,'',20,1,14,36,57,6,4),(1164,'2015-07-13 10:26:47','2015-07-15 09:01:22','2015-07-14 13:59:29','2015-07-15 12:25:29',NULL,'',2,8,14,36,58,6,4),(1165,'2015-07-13 10:26:47','2015-07-15 09:04:40','2015-07-15 09:06:02','2015-07-15 09:06:05',NULL,'',11,14,14,36,58,3,4),(1166,'2015-07-13 10:26:47','2015-07-15 09:48:21',NULL,'2015-07-15 12:25:29',NULL,'',20,1,14,36,58,6,4),(1167,'2015-07-13 10:26:47','2015-07-15 09:01:22','2015-07-14 09:30:39','2015-07-15 12:25:29',NULL,'211222222222222224\r\n4444\r\n4\r\n4\r\n4\r\n4\r\n4\r\n4\r\n4',2,8,14,36,59,6,4),(1168,'2015-07-13 10:26:47','2015-07-15 09:04:40','2015-07-15 09:05:35','2015-07-15 09:05:54',NULL,'',11,14,14,36,59,2,4),(1169,'2015-07-13 10:26:47','2015-07-15 09:48:21',NULL,'2015-07-15 12:25:29',NULL,'',20,1,14,36,59,6,4),(1170,'2015-07-13 10:26:45','2015-07-15 09:04:40','2015-07-15 09:07:25','2015-07-15 09:07:32',NULL,'',11,14,14,36,1146,2,4),(1171,'2015-07-13 10:26:45','2015-07-15 09:48:12','2015-07-15 09:55:48','2015-07-15 09:56:01',NULL,'',20,14,14,36,1146,2,4),(1172,'2015-07-13 10:26:45','2015-07-15 09:04:40','2015-07-15 09:08:16','2015-07-15 12:25:29',NULL,'',11,14,14,36,1152,6,4),(1173,'2015-07-13 10:26:45','2015-07-15 09:48:12','2015-07-15 10:01:56','2015-07-15 12:21:58',NULL,'',20,14,14,36,1152,5,4),(1174,'2015-07-13 10:26:49','2015-07-15 09:04:40','2015-07-15 09:09:12','2015-07-15 09:09:20',NULL,'',11,14,14,36,1153,2,4),(1175,'2015-07-13 10:26:49','2015-07-15 09:48:12','2015-07-15 10:21:58','2015-07-15 12:21:42',NULL,'',20,14,14,36,1153,2,4),(1176,'2015-07-13 10:26:49','2015-07-15 09:04:40','2015-07-15 09:09:00','2015-07-15 09:09:04',NULL,'',11,14,14,36,1154,2,4),(1177,'2015-07-13 10:26:49','2015-07-15 09:48:12','2015-07-15 10:22:02','2015-07-15 12:21:44',NULL,'',20,14,14,36,1154,2,4),(1178,'2015-07-13 10:26:49','2015-07-15 09:04:40','2015-07-15 09:08:56','2015-07-15 09:08:58',NULL,'',11,14,14,36,1155,2,4),(1179,'2015-07-13 10:26:49','2015-07-15 09:48:12','2015-07-15 10:22:03','2015-07-15 12:21:58',NULL,'',20,14,14,36,1155,2,4),(1180,'2015-07-13 10:26:49','2015-07-15 09:04:40','2015-07-15 09:08:52','2015-07-15 09:08:54',NULL,'',11,14,14,36,1156,2,4),(1181,'2015-07-13 10:26:49','2015-07-15 09:48:12','2015-07-15 12:21:39','2015-07-15 12:21:41',NULL,'',20,14,14,36,1156,2,4),(1182,'2015-07-13 10:26:49','2015-07-15 09:04:40','2015-07-15 09:08:47','2015-07-15 09:08:50',NULL,'',11,14,14,36,1157,2,4),(1183,'2015-07-13 10:26:49','2015-07-15 09:48:12','2015-07-15 12:21:34','2015-07-15 12:21:36',NULL,'',20,14,14,36,1157,2,4),(1184,'2015-07-13 10:26:49','2015-07-15 09:04:40','2015-07-15 09:08:41','2015-07-15 09:08:43',NULL,'',11,14,14,36,1158,2,4),(1185,'2015-07-13 10:26:49','2015-07-15 09:48:12','2015-07-15 12:21:30','2015-07-15 12:21:32',NULL,'',20,14,14,36,1158,2,4),(1186,'2015-07-13 10:26:49','2015-07-15 09:04:40','2015-07-15 09:08:37','2015-07-15 09:08:39',NULL,'',11,14,14,36,1159,2,4),(1187,'2015-07-13 10:26:49','2015-07-15 09:48:12','2015-07-15 12:21:28','2015-07-15 12:21:29',NULL,'',20,14,14,36,1159,2,4),(1188,'2015-07-13 10:26:49','2015-07-15 09:04:40','2015-07-15 09:08:34','2015-07-15 09:08:36',NULL,'',11,14,14,36,1160,2,4),(1189,'2015-07-13 10:26:49','2015-07-15 09:48:12','2015-07-15 12:21:24','2015-07-15 12:21:26',NULL,'',20,14,14,36,1160,2,4),(1190,'2015-07-13 10:26:49','2015-07-15 09:04:40','2015-07-15 09:08:29','2015-07-15 12:25:29',NULL,'',11,14,14,36,1161,6,4),(1191,'2015-07-13 10:26:49','2015-07-15 09:48:12','2015-07-15 10:01:56','2015-07-15 10:01:59',NULL,'',20,14,14,36,1161,2,4),(1192,'2015-07-13 10:26:49','2015-07-15 09:04:40','2015-07-15 09:08:25','2015-07-15 12:24:58',NULL,'',11,14,14,36,1162,4,4),(1193,'2015-07-13 10:26:49','2015-07-15 09:48:12','2015-07-15 12:21:14','2015-07-15 12:21:17',NULL,'',20,14,14,36,1162,2,4),(1194,'2015-07-13 10:26:49','2015-07-15 09:04:40','2015-07-15 09:08:16','2015-07-15 12:25:29',NULL,'',11,14,14,36,1163,6,4),(1195,'2015-07-13 10:26:49','2015-07-15 09:48:12','2015-07-15 12:21:20','2015-07-15 12:21:22',NULL,'',20,14,14,36,1163,2,4),(1196,'2015-07-14 13:35:29',NULL,NULL,NULL,NULL,'',1,NULL,NULL,68,1344,1,4),(1197,'2015-07-14 13:35:29',NULL,NULL,NULL,NULL,'',3,NULL,NULL,68,1344,1,4),(1198,'2015-07-14 13:35:29',NULL,NULL,NULL,NULL,'',5,NULL,NULL,68,1344,1,4),(1199,'2015-07-14 13:35:29',NULL,NULL,NULL,NULL,'',10,NULL,NULL,68,1344,1,4),(1200,'2015-07-14 13:35:29','2015-07-15 09:03:31','2015-07-14 14:48:20','2015-07-14 14:48:23',NULL,'',14,8,14,68,1344,2,4),(1201,'2015-07-14 16:15:18','2015-07-15 09:01:46','2015-07-14 16:16:30','2015-07-14 16:16:30',NULL,'',3,8,14,38,1,5,4),(1202,'2015-07-14 16:15:18','2015-07-15 09:01:52','2015-07-14 16:19:48','2015-07-14 16:34:22',NULL,'',5,8,14,38,1,5,4),(1203,'2015-07-14 16:15:18','2015-07-15 09:01:58','2015-07-14 16:30:48','2015-07-17 15:23:15',NULL,'',7,8,14,38,1,6,4),(1204,'2015-07-14 16:15:18','2015-07-15 09:02:04','2015-07-14 16:27:47','2015-07-14 16:41:17',NULL,'',8,8,14,38,1,5,4),(1205,'2015-07-14 16:15:18',NULL,NULL,'2015-07-17 15:23:15',NULL,'',10,NULL,NULL,38,1,6,4),(1206,'2015-07-14 16:15:18','2015-07-15 09:45:09','2015-07-15 09:45:59','2015-07-15 09:46:53',NULL,'',12,14,14,38,1,5,4),(1207,'2015-07-14 16:15:18',NULL,NULL,'2015-07-17 15:23:15',NULL,'',13,NULL,NULL,38,1,6,4),(1208,'2015-07-14 16:15:18','2015-07-15 09:02:18','2015-07-14 16:24:36','2015-07-14 16:24:36',NULL,'',15,8,14,38,1,5,4),(1209,'2015-07-14 16:15:18',NULL,NULL,'2015-07-17 15:23:15',NULL,'',24,NULL,NULL,38,1,6,4),(1210,'2015-07-14 16:15:19','2015-07-15 09:01:46','2015-07-14 16:16:30','2015-07-14 16:16:30',NULL,'',3,8,14,38,2,5,4),(1211,'2015-07-14 16:15:19','2015-07-15 09:01:52','2015-07-14 16:19:48','2015-07-14 16:34:22',NULL,'',5,8,14,38,2,5,4),(1212,'2015-07-14 16:15:19','2015-07-15 09:01:58','2015-07-14 16:30:48','2015-07-17 15:23:15',NULL,'',7,8,14,38,2,6,4),(1213,'2015-07-14 16:15:19','2015-07-15 09:02:04','2015-07-14 16:27:47','2015-07-14 16:41:17',NULL,'',8,8,14,38,2,5,4),(1214,'2015-07-14 16:15:19',NULL,NULL,'2015-07-17 15:23:15',NULL,'',10,NULL,NULL,38,2,6,4),(1215,'2015-07-14 16:15:19','2015-07-15 09:45:09','2015-07-15 09:45:59','2015-07-15 09:46:53',NULL,'',12,14,14,38,2,5,4),(1216,'2015-07-14 16:15:19',NULL,NULL,'2015-07-17 15:23:15',NULL,'',13,NULL,NULL,38,2,6,4),(1217,'2015-07-14 16:15:19','2015-07-15 09:02:18','2015-07-14 16:24:36','2015-07-14 16:24:36',NULL,'',15,8,14,38,2,5,4),(1218,'2015-07-14 16:15:19',NULL,NULL,'2015-07-17 15:23:15',NULL,'',24,NULL,NULL,38,2,6,4),(1219,'2015-07-14 16:15:19','2015-07-15 09:01:58','2015-07-14 16:30:48','2015-07-17 15:23:15',NULL,'',7,8,14,38,16,6,4),(1220,'2015-07-14 16:15:19','2015-07-15 09:02:04','2015-07-14 16:27:47','2015-07-14 16:38:55',NULL,'',8,8,14,38,16,5,4),(1221,'2015-07-14 16:15:19',NULL,NULL,'2015-07-17 15:23:15',NULL,'',14,NULL,NULL,38,16,6,4),(1222,'2015-07-14 16:15:19','2015-07-15 09:01:58','2015-07-14 16:30:48','2015-07-14 16:31:04',NULL,'',7,8,14,38,20,2,4),(1223,'2015-07-14 16:15:19','2015-07-15 09:02:04','2015-07-14 16:28:18','2015-07-14 16:28:36',NULL,'',8,8,14,38,20,2,4),(1224,'2015-07-14 16:15:19',NULL,NULL,'2015-07-17 15:23:15',NULL,'',14,NULL,NULL,38,20,6,4),(1225,'2015-07-14 16:15:19','2015-07-15 09:01:58','2015-07-14 16:30:55','2015-07-14 16:31:13',NULL,'',7,8,14,38,17,2,4),(1226,'2015-07-14 16:15:19','2015-07-15 09:02:04','2015-07-14 16:28:16','2015-07-14 16:28:40',NULL,'',8,8,14,38,17,2,4),(1227,'2015-07-14 16:15:19',NULL,NULL,'2015-07-17 15:23:15',NULL,'',14,NULL,NULL,38,17,6,4),(1228,'2015-07-14 16:15:19','2015-07-15 09:01:58','2015-07-14 16:30:57','2015-07-14 16:31:15',NULL,'',7,8,14,38,19,2,4),(1229,'2015-07-14 16:15:19','2015-07-15 09:02:04','2015-07-14 16:28:13','2015-07-14 16:28:42',NULL,'',8,8,14,38,19,2,4),(1230,'2015-07-14 16:15:19',NULL,NULL,'2015-07-17 15:23:15',NULL,'',14,NULL,NULL,38,19,6,4),(1231,'2015-07-14 16:15:19','2015-07-15 09:01:58','2015-07-14 16:30:58','2015-07-17 15:23:15',NULL,'',7,8,14,38,21,6,4),(1232,'2015-07-14 16:15:19','2015-07-15 09:02:04','2015-07-14 16:28:09','2015-07-14 16:28:44',NULL,'',8,8,14,38,21,2,4),(1233,'2015-07-14 16:15:19',NULL,NULL,'2015-07-17 15:23:15',NULL,'',14,NULL,NULL,38,21,6,4),(1234,'2015-07-14 16:15:19','2015-07-15 09:01:58','2015-07-14 16:31:00','2015-07-14 16:31:19',NULL,'',7,8,14,38,22,2,4),(1235,'2015-07-14 16:15:19','2015-07-15 09:02:04','2015-07-14 16:28:02','2015-07-14 16:28:47',NULL,'',8,8,14,38,22,2,4),(1236,'2015-07-14 16:15:19',NULL,NULL,'2015-07-17 15:23:15',NULL,'',14,NULL,NULL,38,22,6,4),(1237,'2015-07-14 16:15:19','2015-07-15 09:02:04','2015-07-14 16:27:47','2015-07-14 16:38:55',NULL,'',8,8,14,38,1145,2,4),(1238,'2015-07-14 16:15:19','2015-07-15 09:01:46','2015-07-14 16:16:30','2015-07-17 15:23:15',NULL,'',3,8,14,38,48,6,4),(1239,'2015-07-14 16:15:19','2015-07-15 09:01:52','2015-07-14 16:19:48','2015-07-14 16:34:22',NULL,'',5,8,14,38,48,5,4),(1240,'2015-07-14 16:15:19','2015-07-15 09:01:58','2015-07-14 16:32:08','2015-07-17 15:23:15',NULL,'',7,8,14,38,48,6,4),(1241,'2015-07-14 16:15:19','2015-07-15 09:02:04','2015-07-14 16:40:23','2015-07-14 16:41:17',NULL,'',8,8,14,38,48,5,4),(1242,'2015-07-14 16:15:19',NULL,NULL,'2015-07-17 15:23:15',NULL,'',10,NULL,NULL,38,48,6,4),(1243,'2015-07-14 16:15:19','2015-07-15 09:45:09','2015-07-15 09:45:59','2015-07-15 09:46:53',NULL,'',12,14,14,38,48,5,4),(1244,'2015-07-14 16:15:19',NULL,NULL,'2015-07-17 15:23:15',NULL,'',13,NULL,NULL,38,48,6,4),(1245,'2015-07-14 16:15:19','2015-07-15 09:02:18','2015-07-14 16:24:36','2015-07-17 15:23:15',NULL,'',15,8,14,38,48,6,4),(1246,'2015-07-14 16:15:19',NULL,NULL,'2015-07-17 15:23:15',NULL,'',24,NULL,NULL,38,48,6,4),(1247,'2015-07-14 16:15:21','2015-07-15 09:01:46','2015-07-14 16:16:30','2015-07-17 15:23:15',NULL,'',3,8,14,38,51,6,4),(1248,'2015-07-14 16:15:21','2015-07-15 09:01:52','2015-07-14 16:19:48','2015-07-14 16:34:22',NULL,'',5,8,14,38,51,3,4),(1249,'2015-07-14 16:15:21','2015-07-15 09:01:58','2015-07-14 16:32:08','2015-07-14 16:32:15',NULL,'',7,8,14,38,51,2,4),(1250,'2015-07-14 16:15:21','2015-07-15 09:02:04','2015-07-14 16:40:36','2015-07-14 16:41:17',NULL,'',8,8,14,38,51,2,4),(1251,'2015-07-14 16:15:21','2015-07-15 09:45:09','2015-07-15 09:46:12','2015-07-15 09:46:14',NULL,'',12,14,14,38,51,2,4),(1252,'2015-07-14 16:15:21','2015-07-15 09:01:46',NULL,'2015-07-17 15:23:15',NULL,'',3,8,14,38,52,6,4),(1253,'2015-07-14 16:15:21','2015-07-15 09:01:52','2015-07-14 16:19:56','2015-07-14 16:20:37',NULL,'',5,8,14,38,52,2,4),(1254,'2015-07-14 16:15:21','2015-07-15 09:01:58','2015-07-14 16:32:19','2015-07-14 16:32:44',NULL,'',7,8,14,38,52,2,4),(1255,'2015-07-14 16:15:21','2015-07-15 09:02:04','2015-07-14 16:40:35','2015-07-14 16:41:15',NULL,'',8,8,14,38,52,3,4),(1256,'2015-07-14 16:15:21','2015-07-15 09:45:09','2015-07-15 09:46:15','2015-07-15 09:46:17',NULL,'',12,14,14,38,52,2,4),(1257,'2015-07-14 16:15:21','2015-07-15 09:01:46',NULL,'2015-07-17 15:23:15',NULL,'',3,8,14,38,53,6,4),(1258,'2015-07-14 16:15:21','2015-07-15 09:01:52','2015-07-14 16:20:08','2015-07-14 16:20:42',NULL,'',5,8,14,38,53,2,4),(1259,'2015-07-14 16:15:21','2015-07-15 09:01:58','2015-07-14 16:32:21','2015-07-14 16:32:47',NULL,'',7,8,14,38,53,2,4),(1260,'2015-07-14 16:15:21','2015-07-15 09:02:04','2015-07-14 16:40:33','2015-07-14 16:41:12',NULL,'',8,8,14,38,53,2,4),(1261,'2015-07-14 16:15:21','2015-07-15 09:45:09','2015-07-15 09:46:19','2015-07-15 09:46:20',NULL,'',12,14,14,38,53,2,4),(1262,'2015-07-14 16:15:21','2015-07-15 09:01:46',NULL,'2015-07-17 15:23:15',NULL,'',3,8,14,38,50,6,4),(1263,'2015-07-14 16:15:21','2015-07-15 09:01:52','2015-07-14 16:20:17','2015-07-14 16:21:49',NULL,'',5,8,14,38,50,2,4),(1264,'2015-07-14 16:15:21','2015-07-15 09:01:58','2015-07-14 16:32:22','2015-07-14 16:32:49',NULL,'',7,8,14,38,50,2,4),(1265,'2015-07-14 16:15:21','2015-07-15 09:02:04','2015-07-14 16:40:32','2015-07-14 16:41:10',NULL,'',8,8,14,38,50,2,4),(1266,'2015-07-14 16:15:21','2015-07-15 09:45:09','2015-07-15 09:46:22','2015-07-15 09:46:23',NULL,'',12,14,14,38,50,2,4),(1267,'2015-07-14 16:15:21','2015-07-15 09:01:46',NULL,'2015-07-17 15:23:15',NULL,'',3,8,14,38,54,6,4),(1268,'2015-07-14 16:15:21','2015-07-15 09:01:52','2015-07-14 16:20:18','2015-07-14 16:20:46',NULL,'',5,8,14,38,54,2,4),(1269,'2015-07-14 16:15:21','2015-07-15 09:01:58','2015-07-14 16:32:29','2015-07-14 16:32:51',NULL,'',7,8,14,38,54,2,4),(1270,'2015-07-14 16:15:21','2015-07-15 09:02:04','2015-07-14 16:40:30','2015-07-14 16:41:07',NULL,'',8,8,14,38,54,2,4),(1271,'2015-07-14 16:15:21','2015-07-15 09:45:09','2015-07-15 09:46:25','2015-07-15 09:46:26',NULL,'',12,14,14,38,54,2,4),(1272,'2015-07-14 16:15:21','2015-07-15 09:01:46',NULL,'2015-07-17 15:23:15',NULL,'',3,8,14,38,55,6,4),(1273,'2015-07-14 16:15:21','2015-07-15 09:01:52','2015-07-14 16:20:20','2015-07-14 16:20:49',NULL,'',5,8,14,38,55,2,4),(1274,'2015-07-14 16:15:21','2015-07-15 09:01:58','2015-07-14 16:32:31','2015-07-14 16:32:53',NULL,'',7,8,14,38,55,2,4),(1275,'2015-07-14 16:15:21','2015-07-15 09:02:04','2015-07-14 16:40:29','2015-07-14 16:41:04',NULL,'',8,8,14,38,55,4,4),(1276,'2015-07-14 16:15:21','2015-07-15 09:45:09','2015-07-15 09:46:37','2015-07-15 09:46:39',NULL,'',12,14,14,38,55,2,4),(1277,'2015-07-14 16:15:21','2015-07-15 09:01:46',NULL,'2015-07-17 15:23:15',NULL,'',3,8,14,38,56,6,4),(1278,'2015-07-14 16:15:21','2015-07-15 09:01:52','2015-07-14 16:20:21','2015-07-14 16:20:54',NULL,'',5,8,14,38,56,2,4),(1279,'2015-07-14 16:15:21','2015-07-15 09:01:58','2015-07-14 16:32:32','2015-07-17 15:23:15',NULL,'',7,8,14,38,56,6,4),(1280,'2015-07-14 16:15:21','2015-07-15 09:02:04','2015-07-14 16:40:28','2015-07-14 16:41:02',NULL,'',8,8,14,38,56,3,4),(1281,'2015-07-14 16:15:21','2015-07-15 09:45:09','2015-07-15 09:46:40','2015-07-15 09:46:42',NULL,'',12,14,14,38,56,2,4),(1282,'2015-07-14 16:15:21','2015-07-15 09:01:46',NULL,'2015-07-17 15:23:15',NULL,'',3,8,14,38,57,6,4),(1283,'2015-07-14 16:15:21','2015-07-15 09:01:52','2015-07-14 16:20:23','2015-07-14 16:20:58',NULL,'',5,8,14,38,57,2,4),(1284,'2015-07-14 16:15:21','2015-07-15 09:01:58','2015-07-14 16:32:35','2015-07-17 15:23:15',NULL,'',7,8,14,38,57,6,4),(1285,'2015-07-14 16:15:21','2015-07-15 09:02:04','2015-07-14 16:40:27','2015-07-14 16:41:00',NULL,'',8,8,14,38,57,3,4),(1286,'2015-07-14 16:15:21','2015-07-15 09:45:09','2015-07-15 09:46:44','2015-07-15 09:46:46',NULL,'',12,14,14,38,57,2,4),(1287,'2015-07-14 16:15:21','2015-07-15 09:01:46',NULL,'2015-07-17 15:23:15',NULL,'',3,8,14,38,58,6,4),(1288,'2015-07-14 16:15:21','2015-07-15 09:01:52','2015-07-14 16:20:24','2015-07-14 16:21:00',NULL,'',5,8,14,38,58,2,4),(1289,'2015-07-14 16:15:21','2015-07-15 09:01:58','2015-07-14 16:32:36','2015-07-17 15:23:15',NULL,'',7,8,14,38,58,6,4),(1290,'2015-07-14 16:15:21','2015-07-15 09:02:04','2015-07-14 16:40:25','2015-07-14 16:40:56',NULL,'',8,8,14,38,58,2,4),(1291,'2015-07-14 16:15:21','2015-07-15 09:45:09','2015-07-15 09:46:48','2015-07-15 14:21:21',NULL,'',12,14,14,38,58,4,4),(1292,'2015-07-14 16:15:21','2015-07-15 09:01:46',NULL,'2015-07-17 15:23:15',NULL,'',3,8,14,38,59,6,4),(1293,'2015-07-14 16:15:21','2015-07-15 09:01:52','2015-07-14 16:20:26','2015-07-14 16:21:03',NULL,'',5,8,14,38,59,2,4),(1294,'2015-07-14 16:15:21','2015-07-15 09:01:58','2015-07-14 16:32:38','2015-07-17 15:23:15',NULL,'',7,8,14,38,59,6,4),(1295,'2015-07-14 16:15:21','2015-07-15 09:02:04','2015-07-14 16:40:23','2015-07-14 16:40:55',NULL,'',8,8,14,38,59,2,4),(1296,'2015-07-14 16:15:21','2015-07-15 09:45:09','2015-07-15 09:45:59','2015-07-15 09:46:53',NULL,'',12,14,14,38,59,2,4),(1297,'2015-07-14 16:15:19','2015-07-15 09:02:04','2015-07-14 16:39:07','2015-07-14 16:39:10',NULL,'',8,8,14,38,1146,2,4),(1298,'2015-07-14 16:15:19','2015-07-15 09:02:04','2015-07-14 16:39:15','2015-07-14 16:40:11',NULL,'',8,8,14,38,1152,5,4),(1299,'2015-07-14 16:15:23','2015-07-15 09:02:04','2015-07-14 16:39:15','2015-07-14 16:39:37',NULL,'',8,8,14,38,1153,2,4),(1300,'2015-07-14 16:15:23','2015-07-15 09:02:04','2015-07-14 16:39:35','2015-07-14 16:39:39',NULL,'',8,8,14,38,1154,2,4),(1301,'2015-07-14 16:15:23','2015-07-15 09:02:04','2015-07-14 16:39:34','2015-07-14 16:39:41',NULL,'',8,8,14,38,1155,2,4),(1302,'2015-07-14 16:15:23','2015-07-15 09:02:04','2015-07-14 16:39:32','2015-07-14 16:39:44',NULL,'',8,8,14,38,1156,2,4),(1303,'2015-07-14 16:15:23','2015-07-15 09:02:04','2015-07-14 16:39:30','2015-07-14 16:39:46',NULL,'',8,8,14,38,1157,2,4),(1304,'2015-07-14 16:15:23','2015-07-15 09:02:04','2015-07-14 16:39:29','2015-07-14 16:39:56',NULL,'',8,8,14,38,1158,2,4),(1305,'2015-07-14 16:15:23','2015-07-15 09:02:04','2015-07-14 16:39:28','2015-07-14 16:39:58',NULL,'',8,8,14,38,1159,2,4),(1306,'2015-07-14 16:15:23','2015-07-15 09:02:04','2015-07-14 16:39:27','2015-07-14 16:40:00',NULL,'',8,8,14,38,1160,2,4),(1307,'2015-07-14 16:15:23','2015-07-15 09:02:04','2015-07-14 16:39:25','2015-07-14 16:40:03',NULL,'',8,8,14,38,1161,2,4),(1308,'2015-07-14 16:15:23','2015-07-15 09:02:04','2015-07-14 16:39:24','2015-07-14 16:40:05',NULL,'',8,8,14,38,1162,2,4),(1309,'2015-07-14 16:15:23','2015-07-15 09:02:04','2015-07-14 16:39:22','2015-07-14 16:40:11',NULL,'',8,8,14,38,1163,2,4),(1310,'2015-07-15 15:15:33',NULL,NULL,'2015-07-22 10:17:49',NULL,'',5,NULL,NULL,69,1323,6,4),(1311,'2015-07-15 15:15:33',NULL,NULL,'2015-07-22 10:17:49',NULL,'',28,NULL,NULL,69,1323,6,4),(1312,'2015-07-15 15:15:33',NULL,NULL,'2015-07-22 10:17:49',NULL,'',5,NULL,NULL,69,1324,6,4),(1313,'2015-07-15 15:15:33',NULL,NULL,'2015-07-22 10:17:49',NULL,'',28,NULL,NULL,69,1324,6,4),(1314,'2015-07-15 15:15:33',NULL,NULL,'2015-07-22 10:17:49',NULL,'',5,NULL,NULL,69,1326,6,4),(1315,'2015-07-15 15:15:33',NULL,NULL,'2015-07-22 10:17:49',NULL,'',28,NULL,NULL,69,1326,6,4),(1316,'2015-07-15 15:15:34',NULL,NULL,'2015-07-22 10:17:49',NULL,'',28,NULL,NULL,69,1331,6,4),(1317,'2015-07-15 15:15:34',NULL,NULL,'2015-07-22 10:17:49',NULL,'',28,NULL,NULL,69,1332,6,4),(1318,'2015-07-15 15:15:34',NULL,NULL,'2015-07-22 10:17:49',NULL,'',5,NULL,NULL,69,1334,6,4),(1319,'2015-07-16 11:03:43','2015-07-16 17:39:03','2015-07-17 10:38:33',NULL,'2015-07-22 00:00:00','CommmentCommmentCommmentCommmentCommmentCommmentCommmentCommmentCommmentCommmentCommmentCommmentCommmentCommmentCommmentCommmentCommmentCommmentCommmentCommmentCommmentCommmentCommmentCommmentCommmentCommmentCom #18161entCommmentCommmentCommmentCommment',1,2,2,62,1292,7,4),(1320,'2015-07-16 11:03:43','2015-07-17 13:39:38',NULL,NULL,NULL,'',7,1,2,62,1292,1,4),(1321,'2015-07-16 11:03:43',NULL,NULL,NULL,NULL,'',11,NULL,NULL,62,1292,1,4),(1322,'2015-07-16 11:03:43',NULL,NULL,NULL,NULL,'',20,NULL,NULL,62,1292,1,4),(1323,'2015-07-16 11:03:43',NULL,NULL,NULL,NULL,'',25,NULL,NULL,62,1292,1,4),(1324,'2015-07-16 11:03:43',NULL,NULL,NULL,NULL,'',27,NULL,NULL,62,1292,1,4),(1325,'2015-07-16 11:03:43','2015-07-16 17:39:03','2015-07-17 10:38:33',NULL,'2015-07-22 00:00:00','',1,2,2,62,1293,7,4),(1326,'2015-07-16 11:03:43','2015-07-17 13:39:38',NULL,NULL,NULL,'',7,1,2,62,1293,1,4),(1327,'2015-07-16 11:03:43',NULL,NULL,NULL,NULL,'',11,NULL,NULL,62,1293,1,4),(1328,'2015-07-16 11:03:43',NULL,NULL,NULL,NULL,'',20,NULL,NULL,62,1293,1,4),(1329,'2015-07-16 11:03:43',NULL,NULL,NULL,NULL,'',25,NULL,NULL,62,1293,1,4),(1330,'2015-07-16 11:03:43',NULL,NULL,NULL,NULL,'',27,NULL,NULL,62,1293,1,4),(1331,'2015-07-16 11:03:44','2015-07-16 17:39:03','2015-07-17 10:39:02',NULL,'2015-07-22 00:00:00','',1,2,2,62,1294,7,4),(1332,'2015-07-16 11:03:44','2015-07-17 13:39:38',NULL,NULL,NULL,'',7,1,2,62,1294,1,4),(1333,'2015-07-16 11:03:44',NULL,NULL,NULL,NULL,'',11,NULL,NULL,62,1294,1,4),(1334,'2015-07-16 11:03:44',NULL,NULL,NULL,NULL,'',20,NULL,NULL,62,1294,1,4),(1335,'2015-07-16 11:03:44',NULL,NULL,NULL,NULL,'',25,NULL,NULL,62,1294,1,4),(1336,'2015-07-16 11:03:44',NULL,NULL,NULL,NULL,'',27,NULL,NULL,62,1294,1,4),(1337,'2015-07-16 11:03:44','2015-07-16 17:39:03','2015-07-17 10:39:02',NULL,'2015-07-22 00:00:00','',1,2,2,62,1295,7,4),(1338,'2015-07-16 11:03:44','2015-07-17 13:39:38',NULL,NULL,NULL,'',7,1,2,62,1295,1,4),(1339,'2015-07-16 11:03:44',NULL,NULL,NULL,NULL,'',11,NULL,NULL,62,1295,1,4),(1340,'2015-07-16 11:03:44',NULL,NULL,NULL,NULL,'',25,NULL,NULL,62,1295,1,4),(1341,'2015-07-16 11:03:44',NULL,NULL,NULL,NULL,'',27,NULL,NULL,62,1295,1,4),(1342,'2015-07-16 11:03:44','2015-07-16 17:39:03','2015-07-17 10:38:33',NULL,'2015-07-22 00:00:00','',1,2,2,62,1299,7,4),(1343,'2015-07-16 11:03:44',NULL,NULL,NULL,NULL,'',11,NULL,NULL,62,1299,1,4),(1344,'2015-07-16 11:03:44',NULL,NULL,NULL,NULL,'',20,NULL,NULL,62,1299,1,4),(1345,'2015-07-16 11:03:44',NULL,NULL,NULL,NULL,'',25,NULL,NULL,62,1299,1,4),(1346,'2015-07-16 11:03:44',NULL,NULL,NULL,NULL,'',27,NULL,NULL,62,1299,1,4),(1347,'2015-07-16 11:03:45','2015-07-16 17:39:03','2015-07-17 10:38:33',NULL,'2015-07-22 00:00:00','',1,2,2,62,1300,7,4),(1348,'2015-07-16 11:03:45',NULL,NULL,NULL,NULL,'',11,NULL,NULL,62,1300,1,4),(1349,'2015-07-16 11:03:45',NULL,NULL,NULL,NULL,'',20,NULL,NULL,62,1300,1,4),(1350,'2015-07-16 11:03:45',NULL,NULL,NULL,NULL,'',25,NULL,NULL,62,1300,1,4),(1351,'2015-07-16 11:03:45',NULL,NULL,NULL,NULL,'',27,NULL,NULL,62,1300,1,4),(1352,'2015-07-16 11:03:45','2015-07-16 17:39:03','2015-07-17 10:38:57','2015-07-17 10:38:59','2015-07-22 00:00:00','',1,2,2,62,1301,4,4),(1353,'2015-07-16 11:03:45',NULL,NULL,NULL,NULL,'',11,NULL,NULL,62,1301,1,4),(1354,'2015-07-16 11:03:45',NULL,NULL,NULL,NULL,'',20,NULL,NULL,62,1301,1,4),(1355,'2015-07-16 11:03:45',NULL,NULL,NULL,NULL,'',25,NULL,NULL,62,1301,1,4),(1356,'2015-07-16 11:03:45',NULL,NULL,NULL,NULL,'',27,NULL,NULL,62,1301,1,4),(1357,'2015-07-16 11:03:45','2015-07-16 17:39:03','2015-07-17 10:38:33',NULL,'2015-07-22 00:00:00','',1,2,2,62,1302,7,4),(1358,'2015-07-16 11:03:45',NULL,NULL,NULL,NULL,'',11,NULL,NULL,62,1302,1,4),(1359,'2015-07-16 11:03:45',NULL,NULL,NULL,NULL,'',20,NULL,NULL,62,1302,1,4),(1360,'2015-07-16 11:03:45',NULL,NULL,NULL,NULL,'',25,NULL,NULL,62,1302,1,4),(1361,'2015-07-16 11:03:45',NULL,NULL,NULL,NULL,'',27,NULL,NULL,62,1302,1,4),(1362,'2015-07-16 11:03:45','2015-07-16 17:39:03','2015-07-17 10:38:46','2015-07-17 10:38:52','2015-07-22 00:00:00','',1,2,2,62,1305,5,4),(1363,'2015-07-16 11:03:45',NULL,NULL,NULL,NULL,'',11,NULL,NULL,62,1305,1,4),(1364,'2015-07-16 11:03:45',NULL,NULL,NULL,NULL,'',20,NULL,NULL,62,1305,1,4),(1365,'2015-07-16 11:03:45',NULL,NULL,NULL,NULL,'',25,NULL,NULL,62,1305,1,4),(1366,'2015-07-16 11:03:45',NULL,NULL,NULL,NULL,'',27,NULL,NULL,62,1305,1,4),(1367,'2015-07-16 11:03:46','2015-07-16 17:39:03','2015-07-17 10:38:46','2015-07-17 10:38:52','2015-07-22 00:00:00','',1,2,2,62,1307,5,4),(1368,'2015-07-16 11:03:46',NULL,NULL,NULL,NULL,'',11,NULL,NULL,62,1307,1,4),(1369,'2015-07-16 11:03:46',NULL,NULL,NULL,NULL,'',20,NULL,NULL,62,1307,1,4),(1370,'2015-07-16 11:03:46',NULL,NULL,NULL,NULL,'',25,NULL,NULL,62,1307,1,4),(1371,'2015-07-16 11:03:46',NULL,NULL,NULL,NULL,'',27,NULL,NULL,62,1307,1,4),(1372,'2015-07-16 11:03:46','2015-07-16 17:39:03','2015-07-17 10:38:46','2015-07-17 10:38:52','2015-07-22 00:00:00','#18161',1,2,2,62,1309,2,4),(1373,'2015-07-16 11:03:46',NULL,NULL,NULL,NULL,'',11,NULL,NULL,62,1309,1,4),(1374,'2015-07-16 11:03:46',NULL,NULL,NULL,NULL,'',20,NULL,NULL,62,1309,1,4),(1375,'2015-07-16 11:03:46',NULL,NULL,NULL,NULL,'',25,NULL,NULL,62,1309,1,4),(1376,'2015-07-16 11:03:46',NULL,NULL,NULL,NULL,'',27,NULL,NULL,62,1309,1,4),(1377,'2015-07-16 11:03:45','2015-07-16 17:39:03','2015-07-17 10:38:41',NULL,'2015-07-22 00:00:00','',1,2,2,62,1306,7,4),(1378,'2015-07-16 11:03:45',NULL,NULL,NULL,NULL,'',11,NULL,NULL,62,1306,1,4),(1379,'2015-07-16 11:03:45',NULL,NULL,NULL,NULL,'',20,NULL,NULL,62,1306,1,4),(1380,'2015-07-16 11:03:45',NULL,NULL,NULL,NULL,'',25,NULL,NULL,62,1306,1,4),(1381,'2015-07-16 11:03:45',NULL,NULL,NULL,NULL,'',27,NULL,NULL,62,1306,1,4),(1382,'2015-07-16 11:03:45','2015-07-16 17:39:03','2015-07-17 10:38:33','2015-07-17 10:38:39','2015-07-22 00:00:00','',1,2,2,62,1308,3,4),(1383,'2015-07-16 11:03:45',NULL,NULL,NULL,NULL,'',11,NULL,NULL,62,1308,1,4),(1384,'2015-07-16 11:03:45',NULL,NULL,NULL,NULL,'',20,NULL,NULL,62,1308,1,4),(1385,'2015-07-16 11:03:45',NULL,NULL,NULL,NULL,'',25,NULL,NULL,62,1308,1,4),(1386,'2015-07-16 11:03:45',NULL,NULL,NULL,NULL,'',27,NULL,NULL,62,1308,1,4),(1387,'2015-07-16 11:03:45','2015-07-16 17:39:03','2015-07-17 15:30:32',NULL,'2015-07-22 00:00:00','',1,2,2,62,1303,7,4),(1388,'2015-07-16 11:03:45',NULL,NULL,NULL,NULL,'',11,NULL,NULL,62,1303,1,4),(1389,'2015-07-16 11:03:45',NULL,NULL,NULL,NULL,'',20,NULL,NULL,62,1303,1,4),(1390,'2015-07-16 11:03:45',NULL,NULL,NULL,NULL,'',25,NULL,NULL,62,1303,1,4),(1391,'2015-07-16 11:03:45',NULL,NULL,NULL,NULL,'',27,NULL,NULL,62,1303,1,4),(1392,'2015-07-16 11:03:45','2015-07-16 17:39:03','2015-07-17 15:34:25','2015-07-17 15:34:54','2015-07-22 00:00:00','',1,2,2,62,1304,5,4),(1393,'2015-07-16 11:03:45',NULL,NULL,NULL,NULL,'',11,NULL,NULL,62,1304,1,4),(1394,'2015-07-16 11:03:45',NULL,NULL,NULL,NULL,'',20,NULL,NULL,62,1304,1,4),(1395,'2015-07-16 11:03:45',NULL,NULL,NULL,NULL,'',25,NULL,NULL,62,1304,1,4),(1396,'2015-07-16 11:03:45',NULL,NULL,NULL,NULL,'',27,NULL,NULL,62,1304,1,4),(1397,'2015-07-16 11:03:47','2015-07-16 17:39:03','2015-07-17 15:34:25','2015-07-17 15:34:54','2015-07-22 00:00:00','',1,2,2,62,1310,2,4),(1398,'2015-07-16 11:03:47',NULL,NULL,NULL,NULL,'',11,NULL,NULL,62,1310,1,4),(1399,'2015-07-16 11:03:47',NULL,NULL,NULL,NULL,'',20,NULL,NULL,62,1310,1,4),(1400,'2015-07-16 11:03:47',NULL,NULL,NULL,NULL,'',25,NULL,NULL,62,1310,1,4),(1401,'2015-07-16 11:03:47',NULL,NULL,NULL,NULL,'',27,NULL,NULL,62,1310,1,4),(1402,'2015-07-16 17:07:53','2015-07-17 14:36:41','2015-07-17 14:38:47','2015-07-17 15:22:47',NULL,'',3,14,14,67,1,5,4),(1403,'2015-07-16 17:07:53','2015-07-17 15:24:17',NULL,NULL,NULL,'',5,14,14,67,1,1,4),(1404,'2015-07-16 17:07:53',NULL,NULL,NULL,NULL,'',7,NULL,NULL,67,1,1,4),(1405,'2015-07-16 17:07:53','2015-07-17 15:52:31',NULL,NULL,NULL,'',8,2,2,67,1,1,4),(1406,'2015-07-16 17:07:53',NULL,NULL,NULL,NULL,'',10,NULL,NULL,67,1,1,4),(1407,'2015-07-16 17:07:53',NULL,NULL,NULL,NULL,'',12,NULL,NULL,67,1,1,4),(1408,'2015-07-16 17:07:53',NULL,NULL,NULL,NULL,'',13,NULL,NULL,67,1,1,4),(1409,'2015-07-16 17:07:53',NULL,NULL,NULL,NULL,'',15,NULL,NULL,67,1,1,4),(1410,'2015-07-16 17:07:53',NULL,NULL,NULL,NULL,'',24,NULL,NULL,67,1,1,4),(1411,'2015-07-16 17:07:53','2015-07-17 14:36:41','2015-07-17 14:38:47','2015-07-17 15:22:47',NULL,'',3,14,14,67,2,5,4),(1412,'2015-07-16 17:07:53','2015-07-17 15:24:17',NULL,NULL,NULL,'',5,14,14,67,2,1,4),(1413,'2015-07-16 17:07:53',NULL,NULL,NULL,NULL,'',7,NULL,NULL,67,2,1,4),(1414,'2015-07-16 17:07:53','2015-07-17 15:52:31',NULL,NULL,NULL,'',8,2,2,67,2,1,4),(1415,'2015-07-16 17:07:53',NULL,NULL,NULL,NULL,'',10,NULL,NULL,67,2,1,4),(1416,'2015-07-16 17:07:53',NULL,NULL,NULL,NULL,'',12,NULL,NULL,67,2,1,4),(1417,'2015-07-16 17:07:53',NULL,NULL,NULL,NULL,'',13,NULL,NULL,67,2,1,4),(1418,'2015-07-16 17:07:53',NULL,NULL,NULL,NULL,'',15,NULL,NULL,67,2,1,4),(1419,'2015-07-16 17:07:53',NULL,NULL,NULL,NULL,'',24,NULL,NULL,67,2,1,4),(1420,'2015-07-16 17:07:54',NULL,NULL,NULL,NULL,'',7,NULL,NULL,67,16,1,4),(1421,'2015-07-16 17:07:54','2015-07-17 15:52:31',NULL,NULL,NULL,'',8,2,2,67,16,1,4),(1422,'2015-07-16 17:07:54',NULL,NULL,NULL,NULL,'',14,NULL,NULL,67,16,1,4),(1423,'2015-07-16 17:07:54',NULL,NULL,NULL,NULL,'',7,NULL,NULL,67,17,1,4),(1424,'2015-07-16 17:07:54','2015-07-17 15:52:31',NULL,NULL,NULL,'',8,2,2,67,17,1,4),(1425,'2015-07-16 17:07:54',NULL,NULL,NULL,NULL,'',14,NULL,NULL,67,17,1,4),(1426,'2015-07-16 17:07:54','2015-07-17 15:52:31',NULL,NULL,NULL,'',8,2,2,67,1145,1,4),(1427,'2015-07-16 17:07:54',NULL,NULL,NULL,NULL,'',7,NULL,NULL,67,22,1,4),(1428,'2015-07-16 17:07:54','2015-07-17 15:52:31',NULL,NULL,NULL,'',8,2,2,67,22,1,4),(1429,'2015-07-16 17:07:54',NULL,NULL,NULL,NULL,'',14,NULL,NULL,67,22,1,4),(1430,'2015-07-16 17:07:54',NULL,NULL,NULL,NULL,'',7,NULL,NULL,67,21,1,4),(1431,'2015-07-16 17:07:54','2015-07-17 15:52:31',NULL,NULL,NULL,'',8,2,2,67,21,1,4),(1432,'2015-07-16 17:07:54',NULL,NULL,NULL,NULL,'',14,NULL,NULL,67,21,1,4),(1433,'2015-07-16 17:07:54',NULL,NULL,NULL,NULL,'',7,NULL,NULL,67,20,1,4),(1434,'2015-07-16 17:07:54','2015-07-17 15:52:31',NULL,NULL,NULL,'',8,2,2,67,20,1,4),(1435,'2015-07-16 17:07:54',NULL,NULL,NULL,NULL,'',14,NULL,NULL,67,20,1,4),(1436,'2015-07-16 17:07:54',NULL,NULL,NULL,NULL,'',7,NULL,NULL,67,19,1,4),(1437,'2015-07-16 17:07:54','2015-07-17 15:52:31',NULL,NULL,NULL,'',8,2,2,67,19,1,4),(1438,'2015-07-16 17:07:54',NULL,NULL,NULL,NULL,'',14,NULL,NULL,67,19,1,4),(1439,'2015-07-16 17:07:54','2015-07-17 15:52:31',NULL,NULL,NULL,'',8,2,2,67,1152,1,4),(1440,'2015-07-16 17:07:56','2015-07-17 15:52:31',NULL,NULL,NULL,'',8,2,2,67,1153,1,4),(1441,'2015-07-16 17:07:56','2015-07-17 15:52:31',NULL,NULL,NULL,'',8,2,2,67,1154,1,4),(1442,'2015-07-16 17:07:56','2015-07-17 15:52:31',NULL,NULL,NULL,'',8,2,2,67,1155,1,4),(1443,'2015-07-16 17:07:56','2015-07-17 15:52:31',NULL,NULL,NULL,'',8,2,2,67,1156,1,4),(1444,'2015-07-16 17:07:56','2015-07-17 15:52:31',NULL,NULL,NULL,'',8,2,2,67,1157,1,4),(1445,'2015-07-16 17:07:56','2015-07-17 15:52:31',NULL,NULL,NULL,'',8,2,2,67,1158,1,4),(1446,'2015-07-16 17:07:56','2015-07-17 15:52:31',NULL,NULL,NULL,'',8,2,2,67,1159,1,4),(1447,'2015-07-16 17:07:56','2015-07-17 15:52:31',NULL,NULL,NULL,'',8,2,2,67,1160,1,4),(1448,'2015-07-16 17:07:56','2015-07-17 15:52:31',NULL,NULL,NULL,'',8,2,2,67,1161,1,4),(1449,'2015-07-16 17:07:56','2015-07-17 15:52:31',NULL,NULL,NULL,'',8,2,2,67,1162,1,4),(1450,'2015-07-16 17:07:56','2015-07-17 15:52:31',NULL,NULL,NULL,'',8,2,2,67,1163,1,4),(1451,'2015-07-16 17:07:54','2015-07-17 15:52:31',NULL,NULL,NULL,'',8,2,2,67,1146,1,4),(1452,'2015-07-16 17:07:54','2015-07-17 14:36:41','2015-07-17 14:38:47','2015-07-17 15:22:47',NULL,'',3,14,14,67,48,5,4),(1453,'2015-07-16 17:07:54','2015-07-17 15:24:17',NULL,NULL,NULL,'',5,14,14,67,48,1,4),(1454,'2015-07-16 17:07:54',NULL,NULL,NULL,NULL,'',7,NULL,NULL,67,48,1,4),(1455,'2015-07-16 17:07:54','2015-07-17 15:52:31',NULL,NULL,NULL,'',8,2,2,67,48,1,4),(1456,'2015-07-16 17:07:54',NULL,NULL,NULL,NULL,'',10,NULL,NULL,67,48,1,4),(1457,'2015-07-16 17:07:54',NULL,NULL,NULL,NULL,'',12,NULL,NULL,67,48,1,4),(1458,'2015-07-16 17:07:54',NULL,NULL,NULL,NULL,'',13,NULL,NULL,67,48,1,4),(1459,'2015-07-16 17:07:54',NULL,NULL,NULL,NULL,'',15,NULL,NULL,67,48,1,4),(1460,'2015-07-16 17:07:54',NULL,NULL,NULL,NULL,'',24,NULL,NULL,67,48,1,4),(1461,'2015-07-16 17:07:57','2015-07-17 14:36:41','2015-07-17 14:38:47','2015-07-17 15:22:28',NULL,'',3,14,14,67,50,2,4),(1462,'2015-07-16 17:07:57','2015-07-17 15:24:17',NULL,NULL,NULL,'',5,14,14,67,50,1,4),(1463,'2015-07-16 17:07:57',NULL,NULL,NULL,NULL,'',7,NULL,NULL,67,50,1,4),(1464,'2015-07-16 17:07:57','2015-07-17 15:52:31',NULL,NULL,NULL,'',8,2,2,67,50,1,4),(1465,'2015-07-16 17:07:57',NULL,NULL,NULL,NULL,'',12,NULL,NULL,67,50,1,4),(1466,'2015-07-16 17:07:57','2015-07-17 14:36:41','2015-07-17 14:39:00','2015-07-17 14:39:03',NULL,'',3,14,14,67,51,2,4),(1467,'2015-07-16 17:07:57','2015-07-17 15:24:17',NULL,NULL,NULL,'',5,14,14,67,51,1,4),(1468,'2015-07-16 17:07:57',NULL,NULL,NULL,NULL,'',7,NULL,NULL,67,51,1,4),(1469,'2015-07-16 17:07:57','2015-07-17 15:52:31',NULL,NULL,NULL,'',8,2,2,67,51,1,4),(1470,'2015-07-16 17:07:57',NULL,NULL,NULL,NULL,'',12,NULL,NULL,67,51,1,4),(1471,'2015-07-16 17:07:57','2015-07-17 14:36:41','2015-07-17 14:39:39','2015-07-17 15:22:31',NULL,'',3,14,14,67,52,2,4),(1472,'2015-07-16 17:07:57','2015-07-17 15:24:17',NULL,NULL,NULL,'',5,14,14,67,52,1,4),(1473,'2015-07-16 17:07:57',NULL,NULL,NULL,NULL,'',7,NULL,NULL,67,52,1,4),(1474,'2015-07-16 17:07:57','2015-07-17 15:52:31',NULL,NULL,NULL,'',8,2,2,67,52,1,4),(1475,'2015-07-16 17:07:57',NULL,NULL,NULL,NULL,'',12,NULL,NULL,67,52,1,4),(1476,'2015-07-16 17:07:57','2015-07-17 14:36:41','2015-07-17 14:39:45','2015-07-17 15:22:33',NULL,'',3,14,14,67,53,2,4),(1477,'2015-07-16 17:07:57','2015-07-17 15:24:17',NULL,NULL,NULL,'',5,14,14,67,53,1,4),(1478,'2015-07-16 17:07:57',NULL,NULL,NULL,NULL,'',7,NULL,NULL,67,53,1,4),(1479,'2015-07-16 17:07:57','2015-07-17 15:52:31',NULL,NULL,NULL,'',8,2,2,67,53,1,4),(1480,'2015-07-16 17:07:57',NULL,NULL,NULL,NULL,'',12,NULL,NULL,67,53,1,4),(1481,'2015-07-16 17:07:57','2015-07-17 14:36:41','2015-07-17 14:39:53','2015-07-17 15:22:26',NULL,'',3,14,14,67,54,2,4),(1482,'2015-07-16 17:07:57','2015-07-17 15:24:17',NULL,NULL,NULL,'',5,14,14,67,54,1,4),(1483,'2015-07-16 17:07:57',NULL,NULL,NULL,NULL,'',7,NULL,NULL,67,54,1,4),(1484,'2015-07-16 17:07:57','2015-07-17 15:52:31',NULL,NULL,NULL,'',8,2,2,67,54,1,4),(1485,'2015-07-16 17:07:57',NULL,NULL,NULL,NULL,'',12,NULL,NULL,67,54,1,4),(1486,'2015-07-16 17:07:57','2015-07-17 14:36:41','2015-07-17 14:40:24','2015-07-17 14:40:29',NULL,'',3,14,14,67,55,2,4),(1487,'2015-07-16 17:07:57','2015-07-17 15:24:17',NULL,NULL,NULL,'',5,14,14,67,55,1,4),(1488,'2015-07-16 17:07:57',NULL,NULL,NULL,NULL,'',7,NULL,NULL,67,55,1,4),(1489,'2015-07-16 17:07:57','2015-07-17 15:52:31',NULL,NULL,NULL,'',8,2,2,67,55,1,4),(1490,'2015-07-16 17:07:57',NULL,NULL,NULL,NULL,'',12,NULL,NULL,67,55,1,4),(1491,'2015-07-16 17:07:57','2015-07-17 14:36:41','2015-07-17 15:22:34','2015-07-17 15:22:36',NULL,'',3,14,14,67,56,2,4),(1492,'2015-07-16 17:07:57','2015-07-17 15:24:17',NULL,NULL,NULL,'',5,14,14,67,56,1,4),(1493,'2015-07-16 17:07:57',NULL,NULL,NULL,NULL,'',7,NULL,NULL,67,56,1,4),(1494,'2015-07-16 17:07:57','2015-07-17 15:52:31',NULL,NULL,NULL,'',8,2,2,67,56,1,4),(1495,'2015-07-16 17:07:57',NULL,NULL,NULL,NULL,'',12,NULL,NULL,67,56,1,4),(1496,'2015-07-16 17:07:57','2015-07-17 14:36:41','2015-07-17 15:22:37','2015-07-17 15:22:40',NULL,'',3,14,14,67,57,2,4),(1497,'2015-07-16 17:07:57','2015-07-17 15:24:17',NULL,NULL,NULL,'',5,14,14,67,57,1,4),(1498,'2015-07-16 17:07:57',NULL,NULL,NULL,NULL,'',7,NULL,NULL,67,57,1,4),(1499,'2015-07-16 17:07:57','2015-07-17 15:52:31',NULL,NULL,NULL,'',8,2,2,67,57,1,4),(1500,'2015-07-16 17:07:57',NULL,NULL,NULL,NULL,'',12,NULL,NULL,67,57,1,4),(1501,'2015-07-16 17:07:57','2015-07-17 14:36:41','2015-07-17 15:22:41','2015-07-17 15:22:43',NULL,'',3,14,14,67,58,2,4),(1502,'2015-07-16 17:07:57','2015-07-17 15:24:17',NULL,NULL,NULL,'',5,14,14,67,58,1,4),(1503,'2015-07-16 17:07:57',NULL,NULL,NULL,NULL,'',7,NULL,NULL,67,58,1,4),(1504,'2015-07-16 17:07:57','2015-07-17 15:52:31',NULL,NULL,NULL,'',8,2,2,67,58,1,4),(1505,'2015-07-16 17:07:57',NULL,NULL,NULL,NULL,'',12,NULL,NULL,67,58,1,4),(1506,'2015-07-16 17:07:57','2015-07-17 14:36:41','2015-07-17 15:22:45','2015-07-17 15:22:47',NULL,'',3,14,14,67,59,2,4),(1507,'2015-07-16 17:07:57','2015-07-17 15:24:17',NULL,NULL,NULL,'',5,14,14,67,59,1,4),(1508,'2015-07-16 17:07:57',NULL,NULL,NULL,NULL,'',7,NULL,NULL,67,59,1,4),(1509,'2015-07-16 17:07:57','2015-07-17 15:52:31',NULL,NULL,NULL,'',8,2,2,67,59,1,4),(1510,'2015-07-16 17:07:57',NULL,NULL,NULL,NULL,'',12,NULL,NULL,67,59,1,4),(1511,'2015-07-21 13:45:24','2015-07-21 13:50:30',NULL,NULL,NULL,'',1,14,21,72,1448,1,4),(1512,'2015-07-21 13:45:24',NULL,NULL,NULL,NULL,'',2,NULL,NULL,72,1448,1,4),(1513,'2015-07-21 13:45:24',NULL,NULL,NULL,NULL,'',3,NULL,NULL,72,1448,1,4),(1514,'2015-07-21 13:45:24',NULL,NULL,NULL,NULL,'',4,NULL,NULL,72,1448,1,4),(1515,'2015-07-21 13:45:24',NULL,NULL,NULL,NULL,'',5,NULL,NULL,72,1448,1,4),(1516,'2015-07-21 13:45:24',NULL,NULL,NULL,NULL,'',8,NULL,NULL,72,1448,1,4),(1517,'2015-07-21 13:45:24',NULL,NULL,NULL,NULL,'',7,NULL,NULL,72,1448,1,4),(1518,'2015-07-21 13:45:24',NULL,NULL,NULL,NULL,'',10,NULL,NULL,72,1448,1,4),(1519,'2015-07-21 13:45:24',NULL,NULL,NULL,NULL,'',9,NULL,NULL,72,1448,1,4),(1520,'2015-07-21 13:45:24',NULL,NULL,NULL,NULL,'',11,NULL,NULL,72,1448,1,4),(1521,'2015-07-21 13:45:24',NULL,NULL,NULL,NULL,'',12,NULL,NULL,72,1448,1,4),(1522,'2015-07-21 13:45:24',NULL,NULL,NULL,NULL,'',13,NULL,NULL,72,1448,1,4),(1523,'2015-07-21 13:45:24',NULL,NULL,NULL,NULL,'',14,NULL,NULL,72,1448,1,4),(1524,'2015-07-21 13:45:24',NULL,NULL,NULL,NULL,'',15,NULL,NULL,72,1448,1,4),(1525,'2015-07-21 13:45:24',NULL,NULL,NULL,NULL,'',20,NULL,NULL,72,1448,1,4),(1526,'2015-07-21 13:45:24',NULL,NULL,NULL,NULL,'',21,NULL,NULL,72,1448,1,4),(1527,'2015-07-21 13:45:24',NULL,NULL,NULL,NULL,'',22,NULL,NULL,72,1448,1,4),(1528,'2015-07-21 13:45:24',NULL,NULL,NULL,NULL,'',24,NULL,NULL,72,1448,1,4),(1529,'2015-07-21 13:45:24',NULL,NULL,NULL,NULL,'',23,NULL,NULL,72,1448,1,4),(1530,'2015-07-21 13:45:24',NULL,NULL,NULL,NULL,'',26,NULL,NULL,72,1448,1,4),(1531,'2015-07-21 13:45:24',NULL,NULL,NULL,NULL,'',25,NULL,NULL,72,1448,1,4),(1532,'2015-07-21 13:45:24',NULL,NULL,NULL,NULL,'',27,NULL,NULL,72,1448,1,4),(1533,'2015-07-21 13:45:26','2015-07-21 13:50:30',NULL,NULL,NULL,'',1,14,21,72,1449,1,4),(1534,'2015-07-21 13:45:26',NULL,NULL,NULL,NULL,'',2,NULL,NULL,72,1449,1,4),(1535,'2015-07-21 13:45:26',NULL,NULL,NULL,NULL,'',3,NULL,NULL,72,1449,1,4),(1536,'2015-07-21 13:45:26',NULL,NULL,NULL,NULL,'',4,NULL,NULL,72,1449,1,4),(1537,'2015-07-21 13:45:26',NULL,NULL,NULL,NULL,'',5,NULL,NULL,72,1449,1,4),(1538,'2015-07-21 13:45:26',NULL,NULL,NULL,NULL,'',8,NULL,NULL,72,1449,1,4),(1539,'2015-07-21 13:45:26',NULL,NULL,NULL,NULL,'',7,NULL,NULL,72,1449,1,4),(1540,'2015-07-21 13:45:26',NULL,NULL,NULL,NULL,'',10,NULL,NULL,72,1449,1,4),(1541,'2015-07-21 13:45:26',NULL,NULL,NULL,NULL,'',9,NULL,NULL,72,1449,1,4),(1542,'2015-07-21 13:45:26',NULL,NULL,NULL,NULL,'',11,NULL,NULL,72,1449,1,4),(1543,'2015-07-21 13:45:26',NULL,NULL,NULL,NULL,'',12,NULL,NULL,72,1449,1,4),(1544,'2015-07-21 13:45:26',NULL,NULL,NULL,NULL,'',13,NULL,NULL,72,1449,1,4),(1545,'2015-07-21 13:45:26',NULL,NULL,NULL,NULL,'',14,NULL,NULL,72,1449,1,4),(1546,'2015-07-21 13:45:26',NULL,NULL,NULL,NULL,'',15,NULL,NULL,72,1449,1,4),(1547,'2015-07-21 13:45:26',NULL,NULL,NULL,NULL,'',20,NULL,NULL,72,1449,1,4),(1548,'2015-07-21 13:45:26',NULL,NULL,NULL,NULL,'',21,NULL,NULL,72,1449,1,4),(1549,'2015-07-21 13:45:26',NULL,NULL,NULL,NULL,'',22,NULL,NULL,72,1449,1,4),(1550,'2015-07-21 13:45:26',NULL,NULL,NULL,NULL,'',24,NULL,NULL,72,1449,1,4),(1551,'2015-07-21 13:45:26',NULL,NULL,NULL,NULL,'',23,NULL,NULL,72,1449,1,4),(1552,'2015-07-21 13:45:26',NULL,NULL,NULL,NULL,'',26,NULL,NULL,72,1449,1,4),(1553,'2015-07-21 13:45:26',NULL,NULL,NULL,NULL,'',25,NULL,NULL,72,1449,1,4),(1554,'2015-07-21 13:45:26',NULL,NULL,NULL,NULL,'',27,NULL,NULL,72,1449,1,4),(1555,'2015-07-21 13:45:27','2015-07-21 13:50:30',NULL,NULL,NULL,'',1,14,21,72,1450,1,4),(1556,'2015-07-21 13:45:27',NULL,NULL,NULL,NULL,'',2,NULL,NULL,72,1450,1,4),(1557,'2015-07-21 13:45:27',NULL,NULL,NULL,NULL,'',3,NULL,NULL,72,1450,1,4),(1558,'2015-07-21 13:45:27',NULL,NULL,NULL,NULL,'',4,NULL,NULL,72,1450,1,4),(1559,'2015-07-21 13:45:27',NULL,NULL,NULL,NULL,'',5,NULL,NULL,72,1450,1,4),(1560,'2015-07-21 13:45:27',NULL,NULL,NULL,NULL,'',8,NULL,NULL,72,1450,1,4),(1561,'2015-07-21 13:45:27',NULL,NULL,NULL,NULL,'',7,NULL,NULL,72,1450,1,4),(1562,'2015-07-21 13:45:27',NULL,NULL,NULL,NULL,'',10,NULL,NULL,72,1450,1,4),(1563,'2015-07-21 13:45:27',NULL,NULL,NULL,NULL,'',9,NULL,NULL,72,1450,1,4),(1564,'2015-07-21 13:45:27',NULL,NULL,NULL,NULL,'',11,NULL,NULL,72,1450,1,4),(1565,'2015-07-21 13:45:27',NULL,NULL,NULL,NULL,'',12,NULL,NULL,72,1450,1,4),(1566,'2015-07-21 13:45:27',NULL,NULL,NULL,NULL,'',13,NULL,NULL,72,1450,1,4),(1567,'2015-07-21 13:45:27',NULL,NULL,NULL,NULL,'',14,NULL,NULL,72,1450,1,4),(1568,'2015-07-21 13:45:27',NULL,NULL,NULL,NULL,'',15,NULL,NULL,72,1450,1,4),(1569,'2015-07-21 13:45:27',NULL,NULL,NULL,NULL,'',20,NULL,NULL,72,1450,1,4),(1570,'2015-07-21 13:45:27',NULL,NULL,NULL,NULL,'',21,NULL,NULL,72,1450,1,4),(1571,'2015-07-21 13:45:27',NULL,NULL,NULL,NULL,'',22,NULL,NULL,72,1450,1,4),(1572,'2015-07-21 13:45:27',NULL,NULL,NULL,NULL,'',24,NULL,NULL,72,1450,1,4),(1573,'2015-07-21 13:45:27',NULL,NULL,NULL,NULL,'',23,NULL,NULL,72,1450,1,4),(1574,'2015-07-21 13:45:27',NULL,NULL,NULL,NULL,'',26,NULL,NULL,72,1450,1,4),(1575,'2015-07-21 13:45:27',NULL,NULL,NULL,NULL,'',25,NULL,NULL,72,1450,1,4),(1576,'2015-07-21 13:45:27',NULL,NULL,NULL,NULL,'',27,NULL,NULL,72,1450,1,4),(1577,'2015-07-21 13:45:27','2015-07-21 13:50:30',NULL,NULL,NULL,'',1,14,21,72,1451,1,4),(1578,'2015-07-21 13:45:27',NULL,NULL,NULL,NULL,'',2,NULL,NULL,72,1451,1,4),(1579,'2015-07-21 13:45:27',NULL,NULL,NULL,NULL,'',3,NULL,NULL,72,1451,1,4),(1580,'2015-07-21 13:45:27',NULL,NULL,NULL,NULL,'',4,NULL,NULL,72,1451,1,4),(1581,'2015-07-21 13:45:27',NULL,NULL,NULL,NULL,'',5,NULL,NULL,72,1451,1,4),(1582,'2015-07-21 13:45:27',NULL,NULL,NULL,NULL,'',8,NULL,NULL,72,1451,1,4),(1583,'2015-07-21 13:45:27',NULL,NULL,NULL,NULL,'',7,NULL,NULL,72,1451,1,4),(1584,'2015-07-21 13:45:27',NULL,NULL,NULL,NULL,'',10,NULL,NULL,72,1451,1,4),(1585,'2015-07-21 13:45:27',NULL,NULL,NULL,NULL,'',9,NULL,NULL,72,1451,1,4),(1586,'2015-07-21 13:45:27',NULL,NULL,NULL,NULL,'',11,NULL,NULL,72,1451,1,4),(1587,'2015-07-21 13:45:27',NULL,NULL,NULL,NULL,'',12,NULL,NULL,72,1451,1,4),(1588,'2015-07-21 13:45:27',NULL,NULL,NULL,NULL,'',13,NULL,NULL,72,1451,1,4),(1589,'2015-07-21 13:45:27',NULL,NULL,NULL,NULL,'',14,NULL,NULL,72,1451,1,4),(1590,'2015-07-21 13:45:27',NULL,NULL,NULL,NULL,'',15,NULL,NULL,72,1451,1,4),(1591,'2015-07-21 13:45:27',NULL,NULL,NULL,NULL,'',20,NULL,NULL,72,1451,1,4),(1592,'2015-07-21 13:45:27',NULL,NULL,NULL,NULL,'',21,NULL,NULL,72,1451,1,4),(1593,'2015-07-21 13:45:27',NULL,NULL,NULL,NULL,'',22,NULL,NULL,72,1451,1,4),(1594,'2015-07-21 13:45:27',NULL,NULL,NULL,NULL,'',24,NULL,NULL,72,1451,1,4),(1595,'2015-07-21 13:45:27',NULL,NULL,NULL,NULL,'',23,NULL,NULL,72,1451,1,4),(1596,'2015-07-21 13:45:27',NULL,NULL,NULL,NULL,'',26,NULL,NULL,72,1451,1,4),(1597,'2015-07-21 13:45:27',NULL,NULL,NULL,NULL,'',25,NULL,NULL,72,1451,1,4),(1598,'2015-07-21 13:45:27',NULL,NULL,NULL,NULL,'',27,NULL,NULL,72,1451,1,4),(1599,'2015-07-21 13:45:30','2015-07-21 13:50:30',NULL,NULL,NULL,'',1,14,21,72,1452,1,4),(1600,'2015-07-21 13:45:30',NULL,NULL,NULL,NULL,'',2,NULL,NULL,72,1452,1,4),(1601,'2015-07-21 13:45:30',NULL,NULL,NULL,NULL,'',3,NULL,NULL,72,1452,1,4),(1602,'2015-07-21 13:45:30',NULL,NULL,NULL,NULL,'',4,NULL,NULL,72,1452,1,4),(1603,'2015-07-21 13:45:30',NULL,NULL,NULL,NULL,'',5,NULL,NULL,72,1452,1,4),(1604,'2015-07-21 13:45:30',NULL,NULL,NULL,NULL,'',8,NULL,NULL,72,1452,1,4),(1605,'2015-07-21 13:45:30',NULL,NULL,NULL,NULL,'',7,NULL,NULL,72,1452,1,4),(1606,'2015-07-21 13:45:30',NULL,NULL,NULL,NULL,'',10,NULL,NULL,72,1452,1,4),(1607,'2015-07-21 13:45:30',NULL,NULL,NULL,NULL,'',9,NULL,NULL,72,1452,1,4),(1608,'2015-07-21 13:45:30',NULL,NULL,NULL,NULL,'',11,NULL,NULL,72,1452,1,4),(1609,'2015-07-21 13:45:30',NULL,NULL,NULL,NULL,'',12,NULL,NULL,72,1452,1,4),(1610,'2015-07-21 13:45:30',NULL,NULL,NULL,NULL,'',13,NULL,NULL,72,1452,1,4),(1611,'2015-07-21 13:45:30',NULL,NULL,NULL,NULL,'',14,NULL,NULL,72,1452,1,4),(1612,'2015-07-21 13:45:30',NULL,NULL,NULL,NULL,'',15,NULL,NULL,72,1452,1,4),(1613,'2015-07-21 13:45:30',NULL,NULL,NULL,NULL,'',20,NULL,NULL,72,1452,1,4),(1614,'2015-07-21 13:45:30',NULL,NULL,NULL,NULL,'',21,NULL,NULL,72,1452,1,4),(1615,'2015-07-21 13:45:30',NULL,NULL,NULL,NULL,'',22,NULL,NULL,72,1452,1,4),(1616,'2015-07-21 13:45:30',NULL,NULL,NULL,NULL,'',24,NULL,NULL,72,1452,1,4),(1617,'2015-07-21 13:45:30',NULL,NULL,NULL,NULL,'',23,NULL,NULL,72,1452,1,4),(1618,'2015-07-21 13:45:30',NULL,NULL,NULL,NULL,'',26,NULL,NULL,72,1452,1,4),(1619,'2015-07-21 13:45:30',NULL,NULL,NULL,NULL,'',25,NULL,NULL,72,1452,1,4),(1620,'2015-07-21 13:45:30',NULL,NULL,NULL,NULL,'',27,NULL,NULL,72,1452,1,4),(1621,'2015-07-21 13:45:27','2015-07-21 13:50:30',NULL,NULL,NULL,'',1,14,21,72,1453,1,4),(1622,'2015-07-21 13:45:27',NULL,NULL,NULL,NULL,'',2,NULL,NULL,72,1453,1,4),(1623,'2015-07-21 13:45:27',NULL,NULL,NULL,NULL,'',3,NULL,NULL,72,1453,1,4),(1624,'2015-07-21 13:45:27',NULL,NULL,NULL,NULL,'',4,NULL,NULL,72,1453,1,4),(1625,'2015-07-21 13:45:27',NULL,NULL,NULL,NULL,'',5,NULL,NULL,72,1453,1,4),(1626,'2015-07-21 13:45:27',NULL,NULL,NULL,NULL,'',8,NULL,NULL,72,1453,1,4),(1627,'2015-07-21 13:45:27',NULL,NULL,NULL,NULL,'',7,NULL,NULL,72,1453,1,4),(1628,'2015-07-21 13:45:27',NULL,NULL,NULL,NULL,'',10,NULL,NULL,72,1453,1,4),(1629,'2015-07-21 13:45:27',NULL,NULL,NULL,NULL,'',9,NULL,NULL,72,1453,1,4),(1630,'2015-07-21 13:45:27',NULL,NULL,NULL,NULL,'',11,NULL,NULL,72,1453,1,4),(1631,'2015-07-21 13:45:27',NULL,NULL,NULL,NULL,'',12,NULL,NULL,72,1453,1,4),(1632,'2015-07-21 13:45:27',NULL,NULL,NULL,NULL,'',13,NULL,NULL,72,1453,1,4),(1633,'2015-07-21 13:45:27',NULL,NULL,NULL,NULL,'',14,NULL,NULL,72,1453,1,4),(1634,'2015-07-21 13:45:27',NULL,NULL,NULL,NULL,'',15,NULL,NULL,72,1453,1,4),(1635,'2015-07-21 13:45:27',NULL,NULL,NULL,NULL,'',20,NULL,NULL,72,1453,1,4),(1636,'2015-07-21 13:45:27',NULL,NULL,NULL,NULL,'',21,NULL,NULL,72,1453,1,4),(1637,'2015-07-21 13:45:27',NULL,NULL,NULL,NULL,'',22,NULL,NULL,72,1453,1,4),(1638,'2015-07-21 13:45:27',NULL,NULL,NULL,NULL,'',24,NULL,NULL,72,1453,1,4),(1639,'2015-07-21 13:45:27',NULL,NULL,NULL,NULL,'',23,NULL,NULL,72,1453,1,4),(1640,'2015-07-21 13:45:27',NULL,NULL,NULL,NULL,'',26,NULL,NULL,72,1453,1,4),(1641,'2015-07-21 13:45:27',NULL,NULL,NULL,NULL,'',25,NULL,NULL,72,1453,1,4),(1642,'2015-07-21 13:45:27',NULL,NULL,NULL,NULL,'',27,NULL,NULL,72,1453,1,4),(1643,'2015-07-21 13:49:27',NULL,NULL,NULL,NULL,'',1,NULL,NULL,73,1454,1,4),(1644,'2015-07-21 13:49:27',NULL,NULL,NULL,NULL,'',2,NULL,NULL,73,1454,1,4),(1645,'2015-07-21 13:49:27',NULL,NULL,NULL,NULL,'',3,NULL,NULL,73,1454,1,4),(1646,'2015-07-21 13:49:27',NULL,NULL,NULL,NULL,'',4,NULL,NULL,73,1454,1,4),(1647,'2015-07-21 13:49:27',NULL,NULL,NULL,NULL,'',5,NULL,NULL,73,1454,1,4),(1648,'2015-07-21 13:49:27',NULL,NULL,NULL,NULL,'',7,NULL,NULL,73,1454,1,4),(1649,'2015-07-21 13:49:27',NULL,NULL,NULL,NULL,'',8,NULL,NULL,73,1454,1,4),(1650,'2015-07-21 13:49:27',NULL,NULL,NULL,NULL,'',9,NULL,NULL,73,1454,1,4),(1651,'2015-07-21 13:49:27',NULL,NULL,NULL,NULL,'',10,NULL,NULL,73,1454,1,4),(1652,'2015-07-21 13:49:27',NULL,NULL,NULL,NULL,'',11,NULL,NULL,73,1454,1,4),(1653,'2015-07-21 13:49:27',NULL,NULL,NULL,NULL,'',12,NULL,NULL,73,1454,1,4),(1654,'2015-07-21 13:49:27','2015-07-21 14:43:46','2015-07-21 13:52:35',NULL,NULL,'',13,21,21,73,1454,1,4),(1655,'2015-07-21 13:49:27',NULL,NULL,NULL,NULL,'',14,NULL,NULL,73,1454,1,4),(1656,'2015-07-21 13:49:27',NULL,NULL,NULL,NULL,'',15,NULL,NULL,73,1454,1,4),(1657,'2015-07-21 13:49:27',NULL,NULL,NULL,NULL,'',21,NULL,NULL,73,1454,1,4),(1658,'2015-07-21 13:49:27',NULL,NULL,NULL,NULL,'',20,NULL,NULL,73,1454,1,4),(1659,'2015-07-21 13:49:27',NULL,NULL,NULL,NULL,'',23,NULL,NULL,73,1454,1,4),(1660,'2015-07-21 13:49:27',NULL,NULL,NULL,NULL,'',22,NULL,NULL,73,1454,1,4),(1661,'2015-07-21 13:49:27',NULL,NULL,NULL,NULL,'',24,NULL,NULL,73,1454,1,4),(1662,'2015-07-21 13:49:27',NULL,NULL,NULL,NULL,'',25,NULL,NULL,73,1454,1,4),(1663,'2015-07-21 13:49:27',NULL,NULL,NULL,NULL,'',26,NULL,NULL,73,1454,1,4),(1664,'2015-07-21 13:49:27',NULL,NULL,NULL,NULL,'',27,NULL,NULL,73,1454,1,4),(1665,'2015-07-21 13:49:29',NULL,NULL,NULL,NULL,'',1,NULL,NULL,73,1455,1,4),(1666,'2015-07-21 13:49:29',NULL,NULL,NULL,NULL,'',2,NULL,NULL,73,1455,1,4),(1667,'2015-07-21 13:49:29',NULL,NULL,NULL,NULL,'',3,NULL,NULL,73,1455,1,4),(1668,'2015-07-21 13:49:29',NULL,NULL,NULL,NULL,'',4,NULL,NULL,73,1455,1,4),(1669,'2015-07-21 13:49:29',NULL,NULL,NULL,NULL,'',5,NULL,NULL,73,1455,1,4),(1670,'2015-07-21 13:49:29',NULL,NULL,NULL,NULL,'',7,NULL,NULL,73,1455,1,4),(1671,'2015-07-21 13:49:29',NULL,NULL,NULL,NULL,'',8,NULL,NULL,73,1455,1,4),(1672,'2015-07-21 13:49:29',NULL,NULL,NULL,NULL,'',9,NULL,NULL,73,1455,1,4),(1673,'2015-07-21 13:49:29',NULL,NULL,NULL,NULL,'',10,NULL,NULL,73,1455,1,4),(1674,'2015-07-21 13:49:29',NULL,NULL,NULL,NULL,'',11,NULL,NULL,73,1455,1,4),(1675,'2015-07-21 13:49:29',NULL,NULL,NULL,NULL,'',12,NULL,NULL,73,1455,1,4),(1676,'2015-07-21 13:49:29','2015-07-21 14:43:46','2015-07-21 13:53:17',NULL,NULL,'',13,21,21,73,1455,1,4),(1677,'2015-07-21 13:49:29',NULL,NULL,NULL,NULL,'',14,NULL,NULL,73,1455,1,4),(1678,'2015-07-21 13:49:29',NULL,NULL,NULL,NULL,'',15,NULL,NULL,73,1455,1,4),(1679,'2015-07-21 13:49:29',NULL,NULL,NULL,NULL,'',21,NULL,NULL,73,1455,1,4),(1680,'2015-07-21 13:49:29',NULL,NULL,NULL,NULL,'',20,NULL,NULL,73,1455,1,4),(1681,'2015-07-21 13:49:29',NULL,NULL,NULL,NULL,'',23,NULL,NULL,73,1455,1,4),(1682,'2015-07-21 13:49:29',NULL,NULL,NULL,NULL,'',22,NULL,NULL,73,1455,1,4),(1683,'2015-07-21 13:49:29',NULL,NULL,NULL,NULL,'',24,NULL,NULL,73,1455,1,4),(1684,'2015-07-21 13:49:29',NULL,NULL,NULL,NULL,'',25,NULL,NULL,73,1455,1,4),(1685,'2015-07-21 13:49:29',NULL,NULL,NULL,NULL,'',26,NULL,NULL,73,1455,1,4),(1686,'2015-07-21 13:49:29',NULL,NULL,NULL,NULL,'',27,NULL,NULL,73,1455,1,4),(1687,'2015-07-21 13:49:31',NULL,NULL,NULL,NULL,'',1,NULL,NULL,73,1456,1,4),(1688,'2015-07-21 13:49:31',NULL,NULL,NULL,NULL,'',2,NULL,NULL,73,1456,1,4),(1689,'2015-07-21 13:49:31',NULL,NULL,NULL,NULL,'',3,NULL,NULL,73,1456,1,4),(1690,'2015-07-21 13:49:31',NULL,NULL,NULL,NULL,'',4,NULL,NULL,73,1456,1,4),(1691,'2015-07-21 13:49:31',NULL,NULL,NULL,NULL,'',5,NULL,NULL,73,1456,1,4),(1692,'2015-07-21 13:49:31',NULL,NULL,NULL,NULL,'',7,NULL,NULL,73,1456,1,4),(1693,'2015-07-21 13:49:31',NULL,NULL,NULL,NULL,'',8,NULL,NULL,73,1456,1,4),(1694,'2015-07-21 13:49:31',NULL,NULL,NULL,NULL,'',9,NULL,NULL,73,1456,1,4),(1695,'2015-07-21 13:49:31',NULL,NULL,NULL,NULL,'',10,NULL,NULL,73,1456,1,4),(1696,'2015-07-21 13:49:31',NULL,NULL,NULL,NULL,'',11,NULL,NULL,73,1456,1,4),(1697,'2015-07-21 13:49:31',NULL,NULL,NULL,NULL,'',12,NULL,NULL,73,1456,1,4),(1698,'2015-07-21 13:49:31','2015-07-21 13:50:02','2015-07-21 14:01:30','2015-07-21 14:01:33',NULL,'',13,21,21,73,1456,2,4),(1699,'2015-07-21 13:49:31',NULL,NULL,NULL,NULL,'',14,NULL,NULL,73,1456,1,4),(1700,'2015-07-21 13:49:31',NULL,NULL,NULL,NULL,'',15,NULL,NULL,73,1456,1,4),(1701,'2015-07-21 13:49:31',NULL,NULL,NULL,NULL,'',21,NULL,NULL,73,1456,1,4),(1702,'2015-07-21 13:49:31',NULL,NULL,NULL,NULL,'',20,NULL,NULL,73,1456,1,4),(1703,'2015-07-21 13:49:31',NULL,NULL,NULL,NULL,'',23,NULL,NULL,73,1456,1,4),(1704,'2015-07-21 13:49:31',NULL,NULL,NULL,NULL,'',22,NULL,NULL,73,1456,1,4),(1705,'2015-07-21 13:49:31',NULL,NULL,NULL,NULL,'',24,NULL,NULL,73,1456,1,4),(1706,'2015-07-21 13:49:31',NULL,NULL,NULL,NULL,'',25,NULL,NULL,73,1456,1,4),(1707,'2015-07-21 13:49:31',NULL,NULL,NULL,NULL,'',26,NULL,NULL,73,1456,1,4),(1708,'2015-07-21 13:49:31',NULL,NULL,NULL,NULL,'',27,NULL,NULL,73,1456,1,4),(1709,'2015-07-21 13:49:31',NULL,NULL,NULL,NULL,'',1,NULL,NULL,73,1457,1,4),(1710,'2015-07-21 13:49:31',NULL,NULL,NULL,NULL,'',2,NULL,NULL,73,1457,1,4),(1711,'2015-07-21 13:49:31',NULL,NULL,NULL,NULL,'',3,NULL,NULL,73,1457,1,4),(1712,'2015-07-21 13:49:31',NULL,NULL,NULL,NULL,'',4,NULL,NULL,73,1457,1,4),(1713,'2015-07-21 13:49:31',NULL,NULL,NULL,NULL,'',5,NULL,NULL,73,1457,1,4),(1714,'2015-07-21 13:49:31',NULL,NULL,NULL,NULL,'',7,NULL,NULL,73,1457,1,4),(1715,'2015-07-21 13:49:31',NULL,NULL,NULL,NULL,'',8,NULL,NULL,73,1457,1,4),(1716,'2015-07-21 13:49:31',NULL,NULL,NULL,NULL,'',9,NULL,NULL,73,1457,1,4),(1717,'2015-07-21 13:49:31',NULL,NULL,NULL,NULL,'',10,NULL,NULL,73,1457,1,4),(1718,'2015-07-21 13:49:31',NULL,NULL,NULL,NULL,'',11,NULL,NULL,73,1457,1,4),(1719,'2015-07-21 13:49:31',NULL,NULL,NULL,NULL,'',12,NULL,NULL,73,1457,1,4),(1720,'2015-07-21 13:49:31','2015-07-21 13:50:02','2015-07-21 13:53:17',NULL,NULL,'',13,21,21,73,1457,1,4),(1721,'2015-07-21 13:49:31',NULL,NULL,NULL,NULL,'',14,NULL,NULL,73,1457,1,4),(1722,'2015-07-21 13:49:31',NULL,NULL,NULL,NULL,'',15,NULL,NULL,73,1457,1,4),(1723,'2015-07-21 13:49:31',NULL,NULL,NULL,NULL,'',21,NULL,NULL,73,1457,1,4),(1724,'2015-07-21 13:49:31',NULL,NULL,NULL,NULL,'',20,NULL,NULL,73,1457,1,4),(1725,'2015-07-21 13:49:31',NULL,NULL,NULL,NULL,'',23,NULL,NULL,73,1457,1,4),(1726,'2015-07-21 13:49:31',NULL,NULL,NULL,NULL,'',22,NULL,NULL,73,1457,1,4),(1727,'2015-07-21 13:49:31',NULL,NULL,NULL,NULL,'',24,NULL,NULL,73,1457,1,4),(1728,'2015-07-21 13:49:31',NULL,NULL,NULL,NULL,'',25,NULL,NULL,73,1457,1,4),(1729,'2015-07-21 13:49:31',NULL,NULL,NULL,NULL,'',26,NULL,NULL,73,1457,1,4),(1730,'2015-07-21 13:49:31',NULL,NULL,NULL,NULL,'',27,NULL,NULL,73,1457,1,4),(1731,'2015-07-21 13:49:29',NULL,NULL,NULL,NULL,'',1,NULL,NULL,73,1458,1,4),(1732,'2015-07-21 13:49:29',NULL,NULL,NULL,NULL,'',2,NULL,NULL,73,1458,1,4),(1733,'2015-07-21 13:49:29',NULL,NULL,NULL,NULL,'',3,NULL,NULL,73,1458,1,4),(1734,'2015-07-21 13:49:29',NULL,NULL,NULL,NULL,'',4,NULL,NULL,73,1458,1,4),(1735,'2015-07-21 13:49:29',NULL,NULL,NULL,NULL,'',5,NULL,NULL,73,1458,1,4),(1736,'2015-07-21 13:49:29',NULL,NULL,NULL,NULL,'',7,NULL,NULL,73,1458,1,4),(1737,'2015-07-21 13:49:29',NULL,NULL,NULL,NULL,'',8,NULL,NULL,73,1458,1,4),(1738,'2015-07-21 13:49:29',NULL,NULL,NULL,NULL,'',9,NULL,NULL,73,1458,1,4),(1739,'2015-07-21 13:49:29',NULL,NULL,NULL,NULL,'',10,NULL,NULL,73,1458,1,4),(1740,'2015-07-21 13:49:29',NULL,NULL,NULL,NULL,'',11,NULL,NULL,73,1458,1,4),(1741,'2015-07-21 13:49:29',NULL,NULL,NULL,NULL,'',12,NULL,NULL,73,1458,1,4),(1742,'2015-07-21 13:49:29','2015-07-21 13:50:02','2015-07-21 13:52:35','2015-07-21 14:01:23',NULL,'',13,21,21,73,1458,5,4),(1743,'2015-07-21 13:49:29',NULL,NULL,NULL,NULL,'',14,NULL,NULL,73,1458,1,4),(1744,'2015-07-21 13:49:29',NULL,NULL,NULL,NULL,'',15,NULL,NULL,73,1458,1,4),(1745,'2015-07-21 13:49:29',NULL,NULL,NULL,NULL,'',21,NULL,NULL,73,1458,1,4),(1746,'2015-07-21 13:49:29',NULL,NULL,NULL,NULL,'',20,NULL,NULL,73,1458,1,4),(1747,'2015-07-21 13:49:29',NULL,NULL,NULL,NULL,'',23,NULL,NULL,73,1458,1,4),(1748,'2015-07-21 13:49:29',NULL,NULL,NULL,NULL,'',22,NULL,NULL,73,1458,1,4),(1749,'2015-07-21 13:49:29',NULL,NULL,NULL,NULL,'',24,NULL,NULL,73,1458,1,4),(1750,'2015-07-21 13:49:29',NULL,NULL,NULL,NULL,'',25,NULL,NULL,73,1458,1,4),(1751,'2015-07-21 13:49:29',NULL,NULL,NULL,NULL,'',26,NULL,NULL,73,1458,1,4),(1752,'2015-07-21 13:49:29',NULL,NULL,NULL,NULL,'',27,NULL,NULL,73,1458,1,4),(1753,'2015-07-21 13:49:38',NULL,NULL,NULL,NULL,'',1,NULL,NULL,73,1459,1,4),(1754,'2015-07-21 13:49:38',NULL,NULL,NULL,NULL,'',2,NULL,NULL,73,1459,1,4),(1755,'2015-07-21 13:49:38',NULL,NULL,NULL,NULL,'',3,NULL,NULL,73,1459,1,4),(1756,'2015-07-21 13:49:38',NULL,NULL,NULL,NULL,'',4,NULL,NULL,73,1459,1,4),(1757,'2015-07-21 13:49:38',NULL,NULL,NULL,NULL,'',5,NULL,NULL,73,1459,1,4),(1758,'2015-07-21 13:49:38',NULL,NULL,NULL,NULL,'',7,NULL,NULL,73,1459,1,4),(1759,'2015-07-21 13:49:38',NULL,NULL,NULL,NULL,'',8,NULL,NULL,73,1459,1,4),(1760,'2015-07-21 13:49:38',NULL,NULL,NULL,NULL,'',9,NULL,NULL,73,1459,1,4),(1761,'2015-07-21 13:49:38',NULL,NULL,NULL,NULL,'',10,NULL,NULL,73,1459,1,4),(1762,'2015-07-21 13:49:38',NULL,NULL,NULL,NULL,'',11,NULL,NULL,73,1459,1,4),(1763,'2015-07-21 13:49:38',NULL,NULL,NULL,NULL,'',12,NULL,NULL,73,1459,1,4),(1764,'2015-07-21 13:49:38','2015-07-21 13:50:02','2015-07-21 13:52:35','2015-07-21 14:01:23',NULL,'',13,21,21,73,1459,2,4),(1765,'2015-07-21 13:49:38',NULL,NULL,NULL,NULL,'',14,NULL,NULL,73,1459,1,4),(1766,'2015-07-21 13:49:38',NULL,NULL,NULL,NULL,'',15,NULL,NULL,73,1459,1,4),(1767,'2015-07-21 13:49:38',NULL,NULL,NULL,NULL,'',21,NULL,NULL,73,1459,1,4),(1768,'2015-07-21 13:49:38',NULL,NULL,NULL,NULL,'',20,NULL,NULL,73,1459,1,4),(1769,'2015-07-21 13:49:38',NULL,NULL,NULL,NULL,'',23,NULL,NULL,73,1459,1,4),(1770,'2015-07-21 13:49:38',NULL,NULL,NULL,NULL,'',22,NULL,NULL,73,1459,1,4),(1771,'2015-07-21 13:49:38',NULL,NULL,NULL,NULL,'',24,NULL,NULL,73,1459,1,4),(1772,'2015-07-21 13:49:38',NULL,NULL,NULL,NULL,'',25,NULL,NULL,73,1459,1,4),(1773,'2015-07-21 13:49:38',NULL,NULL,NULL,NULL,'',26,NULL,NULL,73,1459,1,4),(1774,'2015-07-21 13:49:38',NULL,NULL,NULL,NULL,'',27,NULL,NULL,73,1459,1,4),(1775,'2015-07-21 14:43:21',NULL,NULL,NULL,NULL,'',1,NULL,NULL,73,1460,1,4),(1776,'2015-07-21 14:43:21',NULL,NULL,NULL,NULL,'',2,NULL,NULL,73,1460,1,4),(1777,'2015-07-21 14:43:21',NULL,NULL,NULL,NULL,'',3,NULL,NULL,73,1460,1,4),(1778,'2015-07-21 14:43:21',NULL,NULL,NULL,NULL,'',4,NULL,NULL,73,1460,1,4),(1779,'2015-07-21 14:43:21',NULL,NULL,NULL,NULL,'',5,NULL,NULL,73,1460,1,4),(1780,'2015-07-21 14:43:21',NULL,NULL,NULL,NULL,'',7,NULL,NULL,73,1460,1,4),(1781,'2015-07-21 14:43:21',NULL,NULL,NULL,NULL,'',8,NULL,NULL,73,1460,1,4),(1782,'2015-07-21 14:43:21',NULL,NULL,NULL,NULL,'',9,NULL,NULL,73,1460,1,4),(1783,'2015-07-21 14:43:21',NULL,NULL,NULL,NULL,'',10,NULL,NULL,73,1460,1,4),(1784,'2015-07-21 14:43:21',NULL,NULL,NULL,NULL,'',11,NULL,NULL,73,1460,1,4),(1785,'2015-07-21 14:43:21',NULL,NULL,NULL,NULL,'',12,NULL,NULL,73,1460,1,4),(1786,'2015-07-21 14:43:21','2015-07-21 14:43:32',NULL,NULL,NULL,'',13,21,21,73,1460,1,4),(1787,'2015-07-21 14:43:21',NULL,NULL,NULL,NULL,'',14,NULL,NULL,73,1460,1,4),(1788,'2015-07-21 14:43:21',NULL,NULL,NULL,NULL,'',15,NULL,NULL,73,1460,1,4),(1789,'2015-07-21 14:43:21',NULL,NULL,NULL,NULL,'',21,NULL,NULL,73,1460,1,4),(1790,'2015-07-21 14:43:21',NULL,NULL,NULL,NULL,'',20,NULL,NULL,73,1460,1,4),(1791,'2015-07-21 14:43:21',NULL,NULL,NULL,NULL,'',23,NULL,NULL,73,1460,1,4),(1792,'2015-07-21 14:43:21',NULL,NULL,NULL,NULL,'',22,NULL,NULL,73,1460,1,4),(1793,'2015-07-21 14:43:21',NULL,NULL,NULL,NULL,'',24,NULL,NULL,73,1460,1,4),(1794,'2015-07-21 14:43:21',NULL,NULL,NULL,NULL,'',25,NULL,NULL,73,1460,1,4),(1795,'2015-07-21 14:43:21',NULL,NULL,NULL,NULL,'',26,NULL,NULL,73,1460,1,4),(1796,'2015-07-21 14:43:21',NULL,NULL,NULL,NULL,'',27,NULL,NULL,73,1460,1,4),(1797,'2015-07-22 10:45:13','2015-07-22 10:45:39','2015-07-22 10:45:41',NULL,'2015-07-24 00:00:00','',1,17,14,77,1461,7,3),(1798,'2015-07-22 10:45:13','2015-07-22 10:45:56','2015-07-22 10:46:07','2015-07-22 10:46:13',NULL,'',3,17,14,77,1461,5,4),(1799,'2015-07-22 10:45:13',NULL,NULL,NULL,NULL,'',2,NULL,NULL,77,1461,1,4),(1800,'2015-07-22 10:45:13',NULL,NULL,NULL,NULL,'',4,NULL,NULL,77,1461,1,4),(1801,'2015-07-22 10:45:13',NULL,NULL,NULL,NULL,'',5,NULL,NULL,77,1461,1,4),(1802,'2015-07-22 10:45:13',NULL,NULL,NULL,NULL,'',8,NULL,NULL,77,1461,1,4),(1803,'2015-07-22 10:45:13',NULL,NULL,NULL,NULL,'',9,NULL,NULL,77,1461,1,4),(1804,'2015-07-22 10:45:13',NULL,NULL,NULL,NULL,'',7,NULL,NULL,77,1461,1,4),(1805,'2015-07-22 10:45:13',NULL,NULL,NULL,NULL,'',10,NULL,NULL,77,1461,1,4),(1806,'2015-07-22 10:45:13',NULL,NULL,NULL,NULL,'',12,NULL,NULL,77,1461,1,4),(1807,'2015-07-22 10:45:13',NULL,NULL,NULL,NULL,'',13,NULL,NULL,77,1461,1,4),(1808,'2015-07-22 10:45:13',NULL,NULL,NULL,NULL,'',11,NULL,NULL,77,1461,1,4),(1809,'2015-07-22 10:45:13',NULL,NULL,NULL,NULL,'',14,NULL,NULL,77,1461,1,4),(1810,'2015-07-22 10:45:13',NULL,NULL,NULL,NULL,'',15,NULL,NULL,77,1461,1,4),(1811,'2015-07-22 10:45:13',NULL,NULL,NULL,NULL,'',20,NULL,NULL,77,1461,1,4),(1812,'2015-07-22 10:45:13',NULL,NULL,NULL,NULL,'',22,NULL,NULL,77,1461,1,4),(1813,'2015-07-22 10:45:13',NULL,NULL,NULL,NULL,'',21,NULL,NULL,77,1461,1,4),(1814,'2015-07-22 10:45:13',NULL,NULL,NULL,NULL,'',23,NULL,NULL,77,1461,1,4),(1815,'2015-07-22 10:45:13',NULL,NULL,NULL,NULL,'',25,NULL,NULL,77,1461,1,4),(1816,'2015-07-22 10:45:13',NULL,NULL,NULL,NULL,'',26,NULL,NULL,77,1461,1,4),(1817,'2015-07-22 10:45:13',NULL,NULL,NULL,NULL,'',27,NULL,NULL,77,1461,1,4),(1818,'2015-07-22 10:45:13',NULL,NULL,NULL,NULL,'',24,NULL,NULL,77,1461,1,4),(1819,'2015-07-22 10:45:15','2015-07-22 10:45:39','2015-07-22 10:45:41',NULL,'2015-07-24 00:00:00','',1,17,14,77,1462,7,3),(1820,'2015-07-22 10:45:15','2015-07-22 10:45:56','2015-07-22 10:46:07','2015-07-22 10:46:13',NULL,'',3,17,14,77,1462,5,4),(1821,'2015-07-22 10:45:15',NULL,NULL,NULL,NULL,'',2,NULL,NULL,77,1462,1,4),(1822,'2015-07-22 10:45:15',NULL,NULL,NULL,NULL,'',4,NULL,NULL,77,1462,1,4),(1823,'2015-07-22 10:45:15',NULL,NULL,NULL,NULL,'',5,NULL,NULL,77,1462,1,4),(1824,'2015-07-22 10:45:15',NULL,NULL,NULL,NULL,'',8,NULL,NULL,77,1462,1,4),(1825,'2015-07-22 10:45:15',NULL,NULL,NULL,NULL,'',9,NULL,NULL,77,1462,1,4),(1826,'2015-07-22 10:45:15',NULL,NULL,NULL,NULL,'',7,NULL,NULL,77,1462,1,4),(1827,'2015-07-22 10:45:15',NULL,NULL,NULL,NULL,'',10,NULL,NULL,77,1462,1,4),(1828,'2015-07-22 10:45:15',NULL,NULL,NULL,NULL,'',12,NULL,NULL,77,1462,1,4),(1829,'2015-07-22 10:45:15',NULL,NULL,NULL,NULL,'',13,NULL,NULL,77,1462,1,4),(1830,'2015-07-22 10:45:15',NULL,NULL,NULL,NULL,'',11,NULL,NULL,77,1462,1,4),(1831,'2015-07-22 10:45:15',NULL,NULL,NULL,NULL,'',14,NULL,NULL,77,1462,1,4),(1832,'2015-07-22 10:45:15',NULL,NULL,NULL,NULL,'',15,NULL,NULL,77,1462,1,4),(1833,'2015-07-22 10:45:15',NULL,NULL,NULL,NULL,'',20,NULL,NULL,77,1462,1,4),(1834,'2015-07-22 10:45:15',NULL,NULL,NULL,NULL,'',22,NULL,NULL,77,1462,1,4),(1835,'2015-07-22 10:45:15',NULL,NULL,NULL,NULL,'',21,NULL,NULL,77,1462,1,4),(1836,'2015-07-22 10:45:15',NULL,NULL,NULL,NULL,'',23,NULL,NULL,77,1462,1,4),(1837,'2015-07-22 10:45:15',NULL,NULL,NULL,NULL,'',25,NULL,NULL,77,1462,1,4),(1838,'2015-07-22 10:45:15',NULL,NULL,NULL,NULL,'',26,NULL,NULL,77,1462,1,4),(1839,'2015-07-22 10:45:15',NULL,NULL,NULL,NULL,'',27,NULL,NULL,77,1462,1,4),(1840,'2015-07-22 10:45:15',NULL,NULL,NULL,NULL,'',24,NULL,NULL,77,1462,1,4),(1841,'2015-07-22 10:45:18','2015-07-22 10:45:39','2015-07-22 10:45:41',NULL,'2015-07-24 00:00:00','',1,17,14,77,1463,7,3),(1842,'2015-07-22 10:45:18','2015-07-22 10:45:56','2015-07-22 10:46:07','2015-07-22 10:46:13',NULL,'',3,17,14,77,1463,2,4),(1843,'2015-07-22 10:45:18',NULL,NULL,NULL,NULL,'',2,NULL,NULL,77,1463,1,4),(1844,'2015-07-22 10:45:18',NULL,NULL,NULL,NULL,'',4,NULL,NULL,77,1463,1,4),(1845,'2015-07-22 10:45:18',NULL,NULL,NULL,NULL,'',5,NULL,NULL,77,1463,1,4),(1846,'2015-07-22 10:45:18',NULL,NULL,NULL,NULL,'',8,NULL,NULL,77,1463,1,4),(1847,'2015-07-22 10:45:18',NULL,NULL,NULL,NULL,'',9,NULL,NULL,77,1463,1,4),(1848,'2015-07-22 10:45:18',NULL,NULL,NULL,NULL,'',7,NULL,NULL,77,1463,1,4),(1849,'2015-07-22 10:45:18',NULL,NULL,NULL,NULL,'',10,NULL,NULL,77,1463,1,4),(1850,'2015-07-22 10:45:18',NULL,NULL,NULL,NULL,'',12,NULL,NULL,77,1463,1,4),(1851,'2015-07-22 10:45:18',NULL,NULL,NULL,NULL,'',13,NULL,NULL,77,1463,1,4),(1852,'2015-07-22 10:45:18',NULL,NULL,NULL,NULL,'',11,NULL,NULL,77,1463,1,4),(1853,'2015-07-22 10:45:18',NULL,NULL,NULL,NULL,'',14,NULL,NULL,77,1463,1,4),(1854,'2015-07-22 10:45:18',NULL,NULL,NULL,NULL,'',15,NULL,NULL,77,1463,1,4),(1855,'2015-07-22 10:45:18',NULL,NULL,NULL,NULL,'',20,NULL,NULL,77,1463,1,4),(1856,'2015-07-22 10:45:18',NULL,NULL,NULL,NULL,'',22,NULL,NULL,77,1463,1,4),(1857,'2015-07-22 10:45:18',NULL,NULL,NULL,NULL,'',21,NULL,NULL,77,1463,1,4),(1858,'2015-07-22 10:45:18',NULL,NULL,NULL,NULL,'',23,NULL,NULL,77,1463,1,4),(1859,'2015-07-22 10:45:18',NULL,NULL,NULL,NULL,'',25,NULL,NULL,77,1463,1,4),(1860,'2015-07-22 10:45:18',NULL,NULL,NULL,NULL,'',26,NULL,NULL,77,1463,1,4),(1861,'2015-07-22 10:45:18',NULL,NULL,NULL,NULL,'',27,NULL,NULL,77,1463,1,4),(1862,'2015-07-22 10:45:18',NULL,NULL,NULL,NULL,'',24,NULL,NULL,77,1463,1,4);
/*!40000 ALTER TABLE `taskinstances` ENABLE KEYS */;
UNLOCK TABLES;

--
-- Table structure for table `tasktemplates`
--

DROP TABLE IF EXISTS `tasktemplates`;
/*!40101 SET @saved_cs_client     = @@character_set_client */;
/*!40101 SET character_set_client = utf8 */;
CREATE TABLE `tasktemplates` (
  `id` int(11) NOT NULL AUTO_INCREMENT,
  `name` varchar(128) NOT NULL,
  `description` varchar(512) NOT NULL,
  `active` tinyint(1) NOT NULL,
  `product_id` int(11) NOT NULL,
  `parentTask_id` int(11) DEFAULT NULL,
  PRIMARY KEY (`id`),
  UNIQUE KEY `id` (`id`),
  KEY `IX_fk_templates_products_productid` (`product_id`),
  KEY `IX_fk_templates_templates_templateid` (`parentTask_id`),
  CONSTRAINT `fk_templates_products_productid` FOREIGN KEY (`product_id`) REFERENCES `products` (`id`) ON DELETE NO ACTION ON UPDATE NO ACTION,
  CONSTRAINT `fk_templates_templates_templateid` FOREIGN KEY (`parentTask_id`) REFERENCES `tasktemplates` (`id`) ON DELETE CASCADE ON UPDATE NO ACTION
) ENGINE=InnoDB AUTO_INCREMENT=1464 DEFAULT CHARSET=utf8;
/*!40101 SET character_set_client = @saved_cs_client */;

--
-- Dumping data for table `tasktemplates`
--

LOCK TABLES `tasktemplates` WRITE;
/*!40000 ALTER TABLE `tasktemplates` DISABLE KEYS */;
INSERT INTO `tasktemplates` VALUES (1,'Parento','Root of all things',1,2,NULL),(2,'Installation','Click to view sub-tasks',1,2,1),(3,'Installationo','Click to view sub-tasks',0,2,2),(4,'License Agreement','Task',0,2,3),(5,'Location','Task',0,2,3),(6,'Intall','Task',0,2,3),(7,'Finish','Task',0,2,3),(16,'Uninstall','Click to view sub-tasks',1,2,2),(17,'Via Control Panel','Task',1,2,16),(18,'Via Installed Shortcut','Task',0,2,16),(19,'Via Windows 8 Tiles The name upa','Task',1,2,16),(20,'Asked to confirm','Task',1,2,16),(21,'Uninstall Completes','Task',1,2,16),(22,'Files','Task',1,2,16),(48,'Start-Up','Click to view sub-tasks',1,2,2),(49,'Maker Form','Task',0,2,48),(50,'Welcome','Task',1,2,48),(51,'Open','Task',1,2,48),(52,'New','Task',1,2,48),(53,'Import','Task',1,2,48),(54,'Release Notes','Task',1,2,48),(55,'Demos','Task',1,2,48),(56,'Tutorials','Task',1,2,48),(57,'News','Task',1,2,48),(58,'Licenses','Task',1,2,48),(59,'Shut-down','Task',1,2,48),(60,'Installationo','Click to view sub-tasks',0,2,1),(61,'License Agreement','Task',0,2,60),(62,'Location','Task',0,2,60),(63,'Intall','Task',0,2,60),(64,'Finish','Task',0,2,60),(65,'Shortcuts','Task',0,2,60),(66,'Update (Yes)','Task',0,2,60),(67,'Update (No)','Task',0,2,60),(68,'Confirm Installation','Task',0,2,60),(69,'Application Oven','Task',0,2,60),(70,'Android Runner','Task',0,2,60),(71,'Licensing','Task',0,2,60),(72,'Such Task','NewProduct',0,3,NULL),(73,'Much Wow','NewProduct',1,6,NULL),(75,'Filtered by product','NewProduct',1,6,73),(77,'What, Again?','NewProduct',1,1,NULL),(78,'A carrot on a stick','NewProduct',0,3,72),(79,'Weird things...','NewProduct',1,7,NULL),(82,'Devious','Most Devious',0,39,NULL),(83,'Devious the 2nd','More Devious',0,39,82),(84,'Devious the 2nd\'s twin','Doubly Devious',0,39,82),(89,'1','d',0,17,NULL),(824,'Lewis...','FIX EVERYTHING!',0,17,89),(1139,'45','24',0,1,77),(1140,'2','2',0,1,1139),(1145,'Check install','Click to view sub-tasks',1,2,16),(1146,'Via Installed Shortcut','Task',1,2,2),(1147,'Do Everything','',1,4,NULL),(1148,'Med 1','',1,4,1147),(1149,'Sub 1','',1,4,1148),(1150,'Med 2','',1,4,1147),(1151,'Sub 2','',1,4,1150),(1152,'Installationo','Click to view sub-tasks',1,2,2),(1153,'License Agreement','Task',1,2,1152),(1154,'Location','Task',1,2,1152),(1155,'Intall','Task',1,2,1152),(1156,'Finish','Task',1,2,1152),(1157,'Shortcuts','Task',1,2,1152),(1158,'Update (Yes)','Task',1,2,1152),(1159,'Update (No)','Task',1,2,1152),(1160,'Confirm Installation','Task',1,2,1152),(1161,'Application Oven','Task',1,2,1152),(1162,'Android Runner','Task',1,2,1152),(1163,'Licensing','Task',1,2,1152),(1164,'New Root','Roat V2',0,2,NULL),(1165,'n','d',1,2,1164),(1166,'a','b',1,2,NULL),(1167,'A child','So scary',0,2,1166),(1169,'A child','So scary',1,2,1164),(1170,'This Child is My Child','Indeed it is, indeed',1,1,1140),(1176,'23','1',1,1,77),(1181,'Sausage','Is a German Invention',0,1,1176),(1182,'bb','a',1,1,NULL),(1185,'Blarga-','-flarg',1,2,NULL),(1189,'','',1,1,NULL),(1190,'','',1,1,1189),(1191,'','',1,1,1190),(1192,'','',1,1,1191),(1193,'','',1,1,1192),(1195,'','',1,1,NULL),(1196,'','',1,1,1195),(1197,'','',1,1,77),(1198,'','',1,1,1196),(1199,'','',1,1,1198),(1200,'This is 1200','That was 1200',1,1,1176),(1201,'','',1,1,1200),(1202,'ROOT','ROOTNESS',1,1,NULL),(1203,'This','',1,1,1200),(1204,'Task Root','Simply Solitare',1,1,NULL),(1205,'Child of Root','Root Child',1,1,1204),(1213,'Ubuntu, ios, win8nat','',1,10,NULL),(1215,'Win8Nat, TizenNat, ios, ubuntu','',1,10,NULL),(1216,'JasonPlat, ios, 8nat','',1,10,NULL),(1219,'','',0,11,NULL),(1220,'','',0,11,1219),(1221,'','',1,11,1220),(1222,'','',0,11,NULL),(1223,'','',1,11,1222),(1228,'A task is me','',1,11,NULL),(1229,'','',0,11,1228),(1230,'','',0,11,1229),(1232,'This is a task','',1,11,NULL),(1233,'New Task','',1,49,NULL),(1234,'task3','',1,49,1233),(1235,'','',0,49,1234),(1236,'','',0,49,1233),(1238,'1111111111111111111111111111111111111111111111111111111111111','',1,7,79),(1253,'Maker Form','Task',1,2,2),(1265,'a','',1,51,NULL),(1266,'b','',1,51,1265),(1267,'c','',1,51,1266),(1268,'','',1,51,1266),(1269,'','',1,51,1265),(1292,'Aaaggppqqaaaaaaaaaaaaaaaaaaaaaaaaaaaaaaaaaaaaaaaabaaaaaaaaaaaaaaaaaaaaaaaaaab\r\nSSSSSSSSSSSSSS\r\n\r\nBaaaaaaaab','StartDescDescDescDescDescDescDescDescDescDescDescDescDescDescDescDescDescDescDescDescDescDescDescDescDescDescDescDescDescDescDescDescDescDescDescDescDescDescDescDescDescDescDescDescDescDescDescDescDescDescDescDescDescDescDescDescDescDescDescDescDescDescDescDescDescscDescDescDescDescDescDesescDescDescDescDescDescDescDescDescDescDesescDescDescDescDescDescDescDescDescDescDescDescDescDescDescDescDescDescDescDescDescDescDescDescDescDescDescDescDescDescDescDescDescDescDescDescDescDescDescDescDescDescDescEnd',1,50,NULL),(1293,'b','',1,50,1292),(1294,'c','',1,50,1293),(1295,'d','',1,50,1294),(1299,'e','',1,50,1293),(1300,'f','',1,50,1299),(1301,'g','',1,50,1300),(1302,'h','',1,50,1300),(1303,'n','',1,50,1300),(1304,'o','',1,50,1300),(1305,'i','',1,50,1302),(1306,'l','',1,50,1302),(1307,'j','',1,50,1305),(1308,'m','',1,50,1302),(1309,'k','',1,50,1307),(1310,'p','',1,50,1304),(1314,'y','',1,50,NULL),(1315,'0','',1,50,NULL),(1321,'z','',1,50,1314),(1322,'d','',1,51,1268),(1323,'','',0,52,NULL),(1324,'','',0,52,1323),(1325,'','',0,52,1323),(1326,'','',0,52,1324),(1331,'','',0,52,1326),(1332,'','',0,52,1331),(1333,'','',0,52,1331),(1334,'','',0,52,1326),(1344,'Long Title Test With\r\nMultiple Chars','',1,9,NULL),(1345,'','',1,6,NULL),(1346,'','',1,55,NULL),(1347,'','',1,55,1346),(1348,'Name name name maas','Description! This is a bit faster',1,55,1347),(1349,'','',1,55,1348),(1350,'','',1,55,1346),(1351,'','',1,55,1348),(1352,'','',1,11,1228),(1353,'','',1,11,1352),(1397,'','',1,49,1234),(1431,'','',1,49,1234),(1434,'q','',1,50,1310),(1435,'r','',1,50,1434),(1436,'s','',1,50,1435),(1437,'t','',1,50,1436),(1442,'u','',1,50,1437),(1443,'v','',1,50,1442),(1444,'w','',1,50,1443),(1446,'x','',1,50,1444),(1447,'','',1,2,50),(1448,'Example Task - Top Level Parent','This is an example task, top level',1,2,NULL),(1449,'Example Child Task','Example Child Task, below parent',1,2,1448),(1450,'Example Task 1','',1,2,1449),(1451,'Example Task 2','',1,2,1449),(1452,'Example Task 2.1','',1,2,1451),(1453,'Example Task 3','',1,2,1449),(1454,'Example Task 1','',1,83,NULL),(1455,'Task 1.1','',1,83,1454),(1456,'Task 1.1.1','',1,83,1455),(1457,'Task 1.1.2','Example Description',1,83,1455),(1458,'Task 1.2','',1,83,1454),(1459,'Task 1.2.1','',1,83,1458),(1460,'Task 1.1.3','An example task, not started.',1,83,1455),(1461,'Example Task 1','',1,6,NULL),(1462,'Example Task 1.1','',1,6,1461),(1463,'Example Task 1.1.1','',1,6,1462);
/*!40000 ALTER TABLE `tasktemplates` ENABLE KEYS */;
UNLOCK TABLES;

--
-- Table structure for table `versionresolutions`
--

DROP TABLE IF EXISTS `versionresolutions`;
/*!40101 SET @saved_cs_client     = @@character_set_client */;
/*!40101 SET character_set_client = utf8 */;
CREATE TABLE `versionresolutions` (
  `id` int(11) NOT NULL AUTO_INCREMENT,
  `name` varchar(32) NOT NULL,
  `description` varchar(128) NOT NULL,
  `active` tinyint(1) NOT NULL,
  PRIMARY KEY (`id`),
  UNIQUE KEY `id` (`id`)
) ENGINE=InnoDB AUTO_INCREMENT=11 DEFAULT CHARSET=utf8;
/*!40101 SET character_set_client = @saved_cs_client */;

--
-- Dumping data for table `versionresolutions`
--

LOCK TABLES `versionresolutions` WRITE;
/*!40000 ALTER TABLE `versionresolutions` DISABLE KEYS */;
INSERT INTO `versionresolutions` VALUES (1,'Open','Version is Open',1),(2,'Released','Version is Released',1),(3,'Replaced with New Build','Version Closed: New Version available',1),(4,'Failed','Version has Failed',1);
/*!40000 ALTER TABLE `versionresolutions` ENABLE KEYS */;
UNLOCK TABLES;

--
-- Table structure for table `versions`
--

DROP TABLE IF EXISTS `versions`;
/*!40101 SET @saved_cs_client     = @@character_set_client */;
/*!40101 SET character_set_client = utf8 */;
CREATE TABLE `versions` (
  `id` int(11) NOT NULL AUTO_INCREMENT,
  `name` varchar(64) DEFAULT NULL,
  `timeCreated` datetime NOT NULL,
  `timeClosed` datetime DEFAULT NULL,
  `comments` text NOT NULL,
  `product_id` int(11) NOT NULL,
  `creator_id` int(11) NOT NULL,
  `resolution_id` int(11) NOT NULL,
  PRIMARY KEY (`id`),
  UNIQUE KEY `id` (`id`),
  KEY `IX_fk_versions_products_productid` (`product_id`),
  KEY `IX_fk_versions_user_userid` (`creator_id`),
  KEY `IX_FK_VersionResolutionVersion` (`resolution_id`),
  CONSTRAINT `FK_VersionResolutionVersion` FOREIGN KEY (`resolution_id`) REFERENCES `versionresolutions` (`id`) ON DELETE NO ACTION ON UPDATE NO ACTION,
  CONSTRAINT `fk_versions_products_productid` FOREIGN KEY (`product_id`) REFERENCES `products` (`id`) ON DELETE NO ACTION ON UPDATE NO ACTION,
  CONSTRAINT `fk_versions_user_userid` FOREIGN KEY (`creator_id`) REFERENCES `intelligenceusers` (`id`) ON DELETE NO ACTION ON UPDATE NO ACTION
) ENGINE=InnoDB AUTO_INCREMENT=82 DEFAULT CHARSET=utf8;
/*!40101 SET character_set_client = @saved_cs_client */;

--
-- Dumping data for table `versions`
--

LOCK TABLES `versions` WRITE;
/*!40000 ALTER TABLE `versions` DISABLE KEYS */;
INSERT INTO `versions` VALUES (1,'1.bugo','2015-06-26 16:00:00',NULL,'Bugs, all of them',2,3,2),(2,'1.4','2015-06-26 16:00:00',NULL,'Caught Fire and exploded fairly suddenly, like I\'m talking;\r\n\r\nBIG BADDA BOOM\r\n\r\nWhich is pretty bad, all things considered...\r\n',2,3,1),(3,'2.2','2015-06-26 16:00:00',NULL,'RC3',2,3,2),(13,'First','2015-06-25 16:00:42',NULL,'',1,2,1),(14,'Second','2015-06-25 16:01:46',NULL,'',1,2,1),(15,'Third','2015-06-25 16:04:23',NULL,'',1,2,1),(16,'4','2015-06-25 16:08:06',NULL,'',1,2,1),(17,'5','2015-06-25 16:09:06',NULL,'',1,2,1),(18,'6','2015-06-25 16:10:48',NULL,'',1,2,1),(19,'7','2015-06-25 16:11:24',NULL,'',1,2,1),(20,'8','2015-06-25 16:20:16',NULL,'',1,2,1),(21,'9','2015-06-25 16:21:06',NULL,'',1,2,1),(22,'123','2015-06-25 16:21:30',NULL,'',3,2,1),(23,'10','2015-06-25 16:25:59',NULL,'',1,2,1),(24,'124','2015-06-25 16:27:45',NULL,'',3,2,1),(25,'90','2015-06-25 16:41:03',NULL,'',1,2,3),(26,NULL,'2015-06-26 11:50:47',NULL,'',3,2,1),(27,NULL,'2015-06-26 11:54:36',NULL,'',2,2,3),(28,NULL,'2015-06-26 11:59:31',NULL,'',3,2,1),(29,NULL,'2015-06-26 12:00:21',NULL,'',2,2,1),(30,NULL,'2015-06-26 12:11:29',NULL,'',2,2,1),(31,'1.x','2015-06-30 10:37:13',NULL,'',39,2,1),(32,'2','2015-06-30 12:00:42',NULL,'',40,2,1),(33,'1.1','2015-06-30 15:53:41',NULL,'',39,2,1),(34,'1.2.x','2015-06-30 15:53:45',NULL,'',39,2,1),(35,'1.2.2.x','2015-06-30 15:53:56',NULL,'',39,2,1),(36,'Here I am','2015-07-01 09:04:46','2015-07-15 12:25:29','Just a walking...',2,2,2),(37,'Indeed','2015-07-01 09:05:07',NULL,'Simply',2,2,4),(38,'Gentlemen','2015-07-01 09:08:19','2015-07-17 15:23:15','Please, this is a very long comment, so please pay extra attention to the number of spaces in this comment, since if you put every second letter into ASCII, it spells out a secret message that only expert coders can discover. /l',2,2,4),(39,'A Version','2015-07-01 09:10:06',NULL,'Should be fixed',2,2,1),(40,'Test Version','2015-07-01 11:50:28',NULL,'A test',2,2,1),(41,'5','2015-07-02 14:27:36',NULL,'',17,2,1),(42,'Another','2015-07-02 17:01:23','2015-07-17 12:21:33','Most Fortusio',2,2,3),(43,'125','2015-07-03 10:48:23',NULL,'',3,2,1),(44,'1','2015-07-03 12:11:22',NULL,'',4,2,1),(45,'T','2015-07-03 15:40:19',NULL,'',1,2,2),(46,'NewVersion000','2015-07-06 10:55:48',NULL,'The newest of versions',43,2,1),(47,'Bananas...','2015-07-06 11:52:37',NULL,'The Overlord',1,2,1),(48,'Super','2015-07-06 11:53:09',NULL,'aasfasdaaaaaaaaaaaaaaaaaaaaaaaaaaaaaaaaaaaaaaaaaaaaaaaaaaaa',1,2,1),(49,'123','2015-07-06 17:36:20',NULL,'',2,2,1),(50,'Sony','2015-07-07 10:13:32','2015-07-14 12:08:33','Comments',7,2,4),(51,'Much WOW','2015-07-07 11:00:14',NULL,'Such WOW',1,2,1),(52,'Is this','2015-07-07 11:00:26',NULL,'The same?',1,2,1),(53,'143','2015-07-08 13:55:32',NULL,'Commentsas',2,2,1),(54,'v2','2015-07-08 13:56:33',NULL,'a',2,2,1),(55,'1.0','2015-07-08 15:21:04',NULL,'RC1',15,2,1),(56,'Verisio, De','2015-07-08 15:36:41',NULL,'Excellent News',2,2,1),(57,'vv','2015-07-08 15:39:33',NULL,'as',1,2,1),(58,'1','2015-07-08 16:43:43',NULL,'',11,2,1),(59,'1','2015-07-10 10:14:25',NULL,'',10,2,1),(60,'Vers','2015-07-10 10:57:26',NULL,'',13,2,1),(61,'1','2015-07-10 12:06:09',NULL,'',49,1,1),(62,'None','2015-07-13 16:09:14',NULL,'',50,2,1),(63,'','2015-07-14 12:11:41',NULL,'',2,2,1),(64,'a','2015-07-14 12:19:34','2015-07-17 13:57:32','',2,2,4),(65,'b','2015-07-14 12:19:40','2015-07-17 13:59:27','',2,2,4),(66,'c','2015-07-14 12:19:45',NULL,'',2,2,1),(67,'d1','2015-07-14 12:20:23',NULL,'',2,2,1),(68,'Test','2015-07-14 13:34:51',NULL,'',9,14,1),(69,'1','2015-07-15 15:15:25','2015-07-22 10:17:49','',52,2,1),(70,'a','2015-07-15 17:05:51',NULL,'',4,2,1),(71,'b','2015-07-15 17:06:00',NULL,'',4,2,1),(72,'Example Version','2015-07-21 10:19:54',NULL,'Comments for this version',2,14,1),(73,'Example Version','2015-07-21 13:47:25',NULL,'',83,21,1),(74,'Example Version 1','2015-07-22 10:28:38','2015-07-22 10:29:24','',6,14,4),(75,'Example Version 2','2015-07-22 10:28:54','2015-07-22 10:29:27','',6,14,2),(76,'Example Version 3','2015-07-22 10:29:01','2015-07-22 10:29:29','',6,14,3),(77,'Example Version 4','2015-07-22 10:29:08',NULL,'This comment belongs to Example Version 4',6,14,1),(78,'','2015-07-22 10:37:34',NULL,'',6,14,1),(79,'','2015-07-22 10:37:38',NULL,'',6,14,1),(80,'','2015-07-22 10:45:07',NULL,'',6,14,1),(81,'','2015-07-22 12:09:17',NULL,'',2,14,1);
/*!40000 ALTER TABLE `versions` ENABLE KEYS */;
UNLOCK TABLES;
/*!40103 SET TIME_ZONE=@OLD_TIME_ZONE */;

/*!40101 SET SQL_MODE=@OLD_SQL_MODE */;
/*!40014 SET FOREIGN_KEY_CHECKS=@OLD_FOREIGN_KEY_CHECKS */;
/*!40014 SET UNIQUE_CHECKS=@OLD_UNIQUE_CHECKS */;
/*!40101 SET CHARACTER_SET_CLIENT=@OLD_CHARACTER_SET_CLIENT */;
/*!40101 SET CHARACTER_SET_RESULTS=@OLD_CHARACTER_SET_RESULTS */;
/*!40101 SET COLLATION_CONNECTION=@OLD_COLLATION_CONNECTION */;
/*!40111 SET SQL_NOTES=@OLD_SQL_NOTES */;

-- Dump completed on 2015-07-22 17:46:38
