CREATE DATABASE  IF NOT EXISTS `intel` /*!40100 DEFAULT CHARACTER SET utf8 */;
USE `intel`;
-- MySQL dump 10.13  Distrib 5.6.23, for Win64 (x86_64)
--
-- Host: YOYO-BUGTEST01    Database: intel
-- ------------------------------------------------------
-- Server version	5.6.23

/*!40101 SET @OLD_CHARACTER_SET_CLIENT=@@CHARACTER_SET_CLIENT */;
/*!40101 SET @OLD_CHARACTER_SET_RESULTS=@@CHARACTER_SET_RESULTS */;
/*!40101 SET @OLD_COLLATION_CONNECTION=@@COLLATION_CONNECTION */;
/*!40101 SET NAMES utf8 */;
/*!40103 SET @OLD_TIME_ZONE=@@TIME_ZONE */;
/*!40103 SET TIME_ZONE='+00:00' */;
/*!40014 SET @OLD_UNIQUE_CHECKS=@@UNIQUE_CHECKS, UNIQUE_CHECKS=0 */;
/*!40014 SET @OLD_FOREIGN_KEY_CHECKS=@@FOREIGN_KEY_CHECKS, FOREIGN_KEY_CHECKS=0 */;
/*!40101 SET @OLD_SQL_MODE=@@SQL_MODE, SQL_MODE='NO_AUTO_VALUE_ON_ZERO' */;
/*!40111 SET @OLD_SQL_NOTES=@@SQL_NOTES, SQL_NOTES=0 */;

--
-- Table structure for table `accesslevels`
--

DROP TABLE IF EXISTS `accesslevels`;
/*!40101 SET @saved_cs_client     = @@character_set_client */;
/*!40101 SET character_set_client = utf8 */;
CREATE TABLE `accesslevels` (
  `id` int(11) NOT NULL AUTO_INCREMENT,
  `name` varchar(32) NOT NULL,
  `description` varchar(128) NOT NULL,
  `active` tinyint(1) NOT NULL,
  PRIMARY KEY (`id`),
  UNIQUE KEY `id` (`id`)
) ENGINE=InnoDB AUTO_INCREMENT=6 DEFAULT CHARSET=utf8;
/*!40101 SET character_set_client = @saved_cs_client */;

--
-- Dumping data for table `accesslevels`
--

LOCK TABLES `accesslevels` WRITE;
/*!40000 ALTER TABLE `accesslevels` DISABLE KEYS */;
INSERT INTO `accesslevels` VALUES (1,'Developer','View Only',1),(2,'Manager','Dev and Admin Panel',1),(3,'Admin','Man and Create Users',1),(5,'Inactive','No Permissions',0);
/*!40000 ALTER TABLE `accesslevels` ENABLE KEYS */;
UNLOCK TABLES;

--
-- Table structure for table `bugs`
--

DROP TABLE IF EXISTS `bugs`;
/*!40101 SET @saved_cs_client     = @@character_set_client */;
/*!40101 SET character_set_client = utf8 */;
CREATE TABLE `bugs` (
  `id` int(11) NOT NULL AUTO_INCREMENT,
  `mantisID` int(11) NOT NULL,
  `taskInstance_id` int(11) NOT NULL,
  PRIMARY KEY (`id`),
  UNIQUE KEY `id` (`id`),
  KEY `IX_FK_BugTaskInstance` (`taskInstance_id`),
  CONSTRAINT `FK_BugTaskInstance` FOREIGN KEY (`taskInstance_id`) REFERENCES `taskinstances` (`id`) ON DELETE NO ACTION ON UPDATE NO ACTION
) ENGINE=InnoDB AUTO_INCREMENT=94 DEFAULT CHARSET=utf8;
/*!40101 SET character_set_client = @saved_cs_client */;

--
-- Dumping data for table `bugs`
--

LOCK TABLES `bugs` WRITE;
/*!40000 ALTER TABLE `bugs` DISABLE KEYS */;
INSERT INTO `bugs` VALUES (17,18160,377),(18,18160,462),(19,18160,463),(20,18161,463),(21,1243,146),(22,18160,492),(23,2112,85),(24,124,458),(25,0,654),(26,0,654),(27,1,654),(28,18,654),(29,181,654),(30,1816,654),(31,18160,654),(32,18160,654),(33,18160,654),(34,12,248),(35,123,248),(36,71232,248),(39,18160,604),(40,124,604),(42,129135,604),(43,18161,604),(44,129125,241),(45,18160,241),(46,18161,241),(47,18160,418),(49,18160,234),(50,18160,190),(51,18,83),(52,18160,503),(78,181601,419),(79,1,419),(80,1,419),(81,1,419),(82,11,419),(83,1,419),(84,1,419),(85,111,419),(86,1,419),(87,11,419),(88,1,419),(89,1,419),(90,1,419),(91,1,419),(92,1,419),(93,11,419);
/*!40000 ALTER TABLE `bugs` ENABLE KEYS */;
UNLOCK TABLES;

--
-- Table structure for table `intelligenceusers`
--

DROP TABLE IF EXISTS `intelligenceusers`;
/*!40101 SET @saved_cs_client     = @@character_set_client */;
/*!40101 SET character_set_client = utf8 */;
CREATE TABLE `intelligenceusers` (
  `id` int(11) NOT NULL AUTO_INCREMENT,
  `username` varchar(32) NOT NULL,
  `email` varchar(64) NOT NULL,
  `accessLevel_id` int(11) NOT NULL,
  `hash` varchar(100) NOT NULL,
  PRIMARY KEY (`id`),
  UNIQUE KEY `id` (`id`),
  KEY `IX_FK_AccessLevelIntelligenceUser` (`accessLevel_id`),
  CONSTRAINT `FK_AccessLevelIntelligenceUser` FOREIGN KEY (`accessLevel_id`) REFERENCES `accesslevels` (`id`) ON DELETE NO ACTION ON UPDATE NO ACTION
) ENGINE=InnoDB AUTO_INCREMENT=15 DEFAULT CHARSET=utf8;
/*!40101 SET character_set_client = @saved_cs_client */;

--
-- Dumping data for table `intelligenceusers`
--

LOCK TABLES `intelligenceusers` WRITE;
/*!40000 ALTER TABLE `intelligenceusers` DISABLE KEYS */;
INSERT INTO `intelligenceusers` VALUES (1,'SamCumming','sam.cumming@yoyogames.com',3,'1000:kY0tQiuUc4RzlI+LXLnATaUS6nxUwhpQxA==:CR4/AV/Ue3mNgpUlJbu86qD9mdjN6yk1'),(2,'l','lewis.crawford@yoyogames.com',3,'1000:h7+zGkUvrf7NvOCA+ro6YXOIQIduhbYP9A==:xKjermWBiFUQDratlJHors1UcqUqR/l/'),(3,'DanCleaton','dan@yoyogames.com',3,''),(4,'freddy','freddy@yoyogames.com',3,'1000:Q0p74ZKDeUr+79IFzz0ci/a9MEMBnp/rcw==:MU8K3lsN0mHOf5Ar6/HaUpO+yyUP0yR/'),(5,'JasonSandy','jason.sandy@yoyogames.com',3,'1000:uH2o3mWq3zM/Ach5M5PmcDXDbN+J8ZIAow==:Qcxl0TWniA8F6Vwo6SHDiatmoT1G/pCV'),(6,'RossManthorp','ross.manthorp@yoyogames.com',3,'1000:6KciYfaEaGwg8ZZPBb+yF2Cet8Qits0oiA==:RJxMPIO1agqHEngLbP9IY8iXuzdA5uIW'),(7,'TestAccount','test.account@yoyogames.com',3,'1000:bEwat6ZPdFkiqYuUbZG85yDg6ckcaLIQeg==:2QKKp3O68ThYOMDaPZCpCeNqyat+C3go'),(8,'test','test@yoyogames.com',3,'1000:shSr5i46LxYeJGJukEqxcavZx3UIXAgllw==:lcPdL+BqRd5CbzypBzrCJY5LkjjxU6rC'),(9,'Jerry','jerry@yoyogames.com',2,'1000:wiz+GVYKr5xrHHMvcXbZ3m8/D55GcSEQ6w==:xsI1BXun6lzmMJ6OllxtjZNGjKetluyP'),(10,'JamesJamison','james@yoyogames.com',2,'1000:nfh2WJQj/7UMTQX44Ovd3ZwHhgZwTx7crA==:BZbAJ9mFLUnnH91ffrctMLVFSOKSamdE'),(11,'user','user@yoyogames.com',2,'1000:avMtN3yfjwKROq7j43lQSJ69Ypgu2Htc0A==:uhwkYTZFj8uiJaGhsImNqEBEOOUssvK7'),(12,'dev','dev@yoyogames.com',1,'1000:JyeS2k5Vwnfw5nygO5u0C6X5aDb633Xsag==:loyiJP6rxt4DINMBMOpNTw9mVK1FearV'),(13,'man','man@yoyogames.com',2,'1000:TKT023boKTTKyHidd1aP7kj+DN3zDcpUTA==:QWfSmx7JfE7adLH5w+zYiLB6A23iGf0i'),(14,'admin','admin@yoyogames.com',3,'1000:71m4PTrc7dE/ORqWq42cgy7bGHott69YYQ==:Mgu/0fvN3HTFMyofRhvf8dm1StxEf6sN');
/*!40000 ALTER TABLE `intelligenceusers` ENABLE KEYS */;
UNLOCK TABLES;

--
-- Table structure for table `platforms`
--

DROP TABLE IF EXISTS `platforms`;
/*!40101 SET @saved_cs_client     = @@character_set_client */;
/*!40101 SET character_set_client = utf8 */;
CREATE TABLE `platforms` (
  `id` int(11) NOT NULL AUTO_INCREMENT,
  `name` varchar(64) NOT NULL,
  `active` tinyint(1) NOT NULL,
  PRIMARY KEY (`id`),
  UNIQUE KEY `id` (`id`)
) ENGINE=InnoDB AUTO_INCREMENT=33 DEFAULT CHARSET=utf8;
/*!40101 SET character_set_client = @saved_cs_client */;

--
-- Dumping data for table `platforms`
--

LOCK TABLES `platforms` WRITE;
/*!40000 ALTER TABLE `platforms` DISABLE KEYS */;
INSERT INTO `platforms` VALUES (1,'Windows 300',1),(2,'Mac',1),(3,'Ubuntu',1),(4,'HTML5',1),(5,'iOS',1),(6,'Android',0),(7,'Windows Phone 8',1),(8,'Windows 8 (JS)',1),(9,'Windows 8 (Native)',1),(10,'Steam',1),(11,'Tizen (Native)',1),(12,'Tizen (JSO)',1),(13,'Windows (YYC)',1),(14,'Android (YYC)',1),(15,'iOS (YYC)',1),(16,'Vita',0),(17,'3DS',0),(18,'XBOX 9001',0),(19,'WiiV',0),(20,'jason',1),(21,'NewPlatform',1),(22,'TextBox',1),(23,'Plat',1),(24,'Camera',1),(25,'PS4',1),(26,'A new Platform',1),(27,'New Platform',1),(28,'NeNewasfsdg',1),(30,'Platformia',0),(32,'',1);
/*!40000 ALTER TABLE `platforms` ENABLE KEYS */;
UNLOCK TABLES;

--
-- Table structure for table `priorities`
--

DROP TABLE IF EXISTS `priorities`;
/*!40101 SET @saved_cs_client     = @@character_set_client */;
/*!40101 SET character_set_client = utf8 */;
CREATE TABLE `priorities` (
  `id` int(11) NOT NULL AUTO_INCREMENT,
  `name` varchar(32) NOT NULL,
  `description` varchar(128) NOT NULL,
  `active` tinyint(1) NOT NULL,
  PRIMARY KEY (`id`),
  UNIQUE KEY `id` (`id`)
) ENGINE=InnoDB AUTO_INCREMENT=9 DEFAULT CHARSET=utf8;
/*!40101 SET character_set_client = @saved_cs_client */;

--
-- Dumping data for table `priorities`
--

LOCK TABLES `priorities` WRITE;
/*!40000 ALTER TABLE `priorities` DISABLE KEYS */;
INSERT INTO `priorities` VALUES (1,'none','None',1),(2,'Very Low','Not important',1),(3,'Low','Slightly important',1),(4,'Medium','Why isnt this fixed yet?',1),(5,'High','Ok, now it\'s important',1),(6,'Very High','Seriously, this need fixed',1),(7,'Catastrophic','Fix it fix it fix it!',0),(8,'World Endangering','MAKE IT WORK, PLEASE!',0);
/*!40000 ALTER TABLE `priorities` ENABLE KEYS */;
UNLOCK TABLES;

--
-- Table structure for table `products`
--

DROP TABLE IF EXISTS `products`;
/*!40101 SET @saved_cs_client     = @@character_set_client */;
/*!40101 SET character_set_client = utf8 */;
CREATE TABLE `products` (
  `id` int(11) NOT NULL AUTO_INCREMENT,
  `name` varchar(64) NOT NULL,
  `active` tinyint(1) NOT NULL,
  PRIMARY KEY (`id`),
  UNIQUE KEY `id` (`id`)
) ENGINE=InnoDB AUTO_INCREMENT=53 DEFAULT CHARSET=utf8;
/*!40101 SET character_set_client = @saved_cs_client */;

--
-- Dumping data for table `products`
--

LOCK TABLES `products` WRITE;
/*!40000 ALTER TABLE `products` DISABLE KEYS */;
INSERT INTO `products` VALUES (1,'GameMaker:Marketplace',1),(2,'GameMaker: This',1),(3,'GameMaker: Studio',0),(4,'Studio 3DS',1),(5,'Studio PS Vito',0),(6,'Studio PS3',1),(7,'Studio PS4',1),(8,'Studio WiiU',1),(9,'Studio Xbox One',1),(10,'InternTest',1),(11,'Intranet',1),(12,'Leeperz',1),(13,'Maddening Overloaded',1),(15,'Simply Solitairio',0),(17,'yoyogames.com',0),(19,'Project No-name',0),(20,'Third Project',0),(39,'HOW TO SPELL',0),(40,'BAD THINGS',0),(41,'Newest',0),(43,'yoyoyo',0),(49,'New product',1),(50,'PlatformCompatibility test',1),(51,'Test2',1),(52,'Test3',1);
/*!40000 ALTER TABLE `products` ENABLE KEYS */;
UNLOCK TABLES;

--
-- Table structure for table `resolutions`
--

DROP TABLE IF EXISTS `resolutions`;
/*!40101 SET @saved_cs_client     = @@character_set_client */;
/*!40101 SET character_set_client = utf8 */;
CREATE TABLE `resolutions` (
  `id` int(11) NOT NULL AUTO_INCREMENT,
  `name` varchar(32) NOT NULL,
  `description` varchar(128) NOT NULL,
  `active` tinyint(1) NOT NULL,
  PRIMARY KEY (`id`),
  UNIQUE KEY `id` (`id`)
) ENGINE=InnoDB AUTO_INCREMENT=11 DEFAULT CHARSET=utf8;
/*!40101 SET character_set_client = @saved_cs_client */;

--
-- Dumping data for table `resolutions`
--

LOCK TABLES `resolutions` WRITE;
/*!40000 ALTER TABLE `resolutions` DISABLE KEYS */;
INSERT INTO `resolutions` VALUES (1,'Open','Task is Open',1),(2,'Pass','Passed test condition',1),(3,'Fail','Failed test condition',1),(4,'N/A','Not Applicable',1),(5,'Finished Subtasks','All sub-tasks complete',1),(6,'Not Complete','Closed before all tasks complete',1);
/*!40000 ALTER TABLE `resolutions` ENABLE KEYS */;
UNLOCK TABLES;

--
-- Table structure for table `task_templates_platforms`
--

DROP TABLE IF EXISTS `task_templates_platforms`;
/*!40101 SET @saved_cs_client     = @@character_set_client */;
/*!40101 SET character_set_client = utf8 */;
CREATE TABLE `task_templates_platforms` (
  `taskTemplates_id` int(11) NOT NULL,
  `platforms_id` int(11) NOT NULL,
  PRIMARY KEY (`taskTemplates_id`,`platforms_id`),
  KEY `IX_FK_task_templates_platforms_platform` (`platforms_id`),
  CONSTRAINT `FK_task_templates_platforms_platform` FOREIGN KEY (`platforms_id`) REFERENCES `platforms` (`id`) ON DELETE CASCADE ON UPDATE NO ACTION,
  CONSTRAINT `FK_task_templates_platforms_task_templates` FOREIGN KEY (`taskTemplates_id`) REFERENCES `tasktemplates` (`id`) ON DELETE CASCADE ON UPDATE NO ACTION
) ENGINE=InnoDB DEFAULT CHARSET=utf8;
/*!40101 SET character_set_client = @saved_cs_client */;

--
-- Dumping data for table `task_templates_platforms`
--

LOCK TABLES `task_templates_platforms` WRITE;
/*!40000 ALTER TABLE `task_templates_platforms` DISABLE KEYS */;
INSERT INTO `task_templates_platforms` VALUES (3,1),(4,1),(5,1),(6,1),(7,1),(72,1),(77,1),(78,1),(824,1),(1140,1),(1164,1),(1165,1),(1170,1),(1176,1),(1181,1),(1195,1),(1196,1),(1197,1),(1198,1),(1199,1),(1200,1),(1201,1),(1203,1),(1204,1),(1205,1),(1219,1),(1220,1),(1221,1),(1228,1),(1229,1),(1230,1),(1292,1),(1293,1),(1294,1),(1295,1),(1296,1),(1297,1),(1298,1),(1299,1),(1300,1),(1301,1),(1302,1),(1303,1),(1304,1),(1305,1),(1306,1),(1307,1),(1308,1),(1309,1),(1310,1),(3,2),(4,2),(5,2),(6,2),(7,2),(77,2),(824,2),(1176,2),(1181,2),(1195,2),(1196,2),(1197,2),(1198,2),(1199,2),(1200,2),(1201,2),(1203,2),(1,3),(2,3),(3,3),(4,3),(5,3),(6,3),(7,3),(18,3),(48,3),(49,3),(50,3),(51,3),(52,3),(53,3),(54,3),(55,3),(56,3),(57,3),(58,3),(59,3),(77,3),(82,3),(83,3),(84,3),(824,3),(1139,3),(1147,3),(1148,3),(1149,3),(1150,3),(1151,3),(1176,3),(1181,3),(1195,3),(1196,3),(1197,3),(1198,3),(1199,3),(1200,3),(1201,3),(1203,3),(1213,3),(1215,3),(3,4),(4,4),(5,4),(6,4),(7,4),(77,4),(824,4),(1176,4),(1181,4),(1195,4),(1196,4),(1197,4),(1198,4),(1199,4),(1200,4),(1201,4),(1202,4),(1203,4),(1228,4),(1229,4),(1230,4),(1233,4),(1234,4),(1235,4),(1236,4),(1311,4),(1312,4),(1313,4),(1316,4),(1317,4),(1318,4),(1319,4),(1320,4),(1,5),(2,5),(4,5),(48,5),(49,5),(50,5),(51,5),(52,5),(53,5),(54,5),(55,5),(56,5),(57,5),(58,5),(59,5),(61,5),(824,5),(1139,5),(1181,5),(1213,5),(1215,5),(1216,5),(1222,5),(1223,5),(61,6),(77,6),(824,6),(1139,6),(1166,6),(1167,6),(1176,6),(1181,6),(1195,6),(1196,6),(1197,6),(1198,6),(1199,6),(1200,6),(1201,6),(1203,6),(1,7),(2,7),(16,7),(17,7),(18,7),(19,7),(20,7),(21,7),(22,7),(48,7),(49,7),(50,7),(51,7),(52,7),(53,7),(54,7),(55,7),(56,7),(57,7),(58,7),(59,7),(61,7),(77,7),(82,7),(83,7),(84,7),(824,7),(1164,7),(1165,7),(1176,7),(1181,7),(1195,7),(1196,7),(1197,7),(1198,7),(1199,7),(1200,7),(1201,7),(1202,7),(1203,7),(1233,7),(1234,7),(1235,7),(1236,7),(1292,7),(1293,7),(1294,7),(1295,7),(1296,7),(1297,7),(1298,7),(1,8),(2,8),(16,8),(17,8),(19,8),(20,8),(21,8),(22,8),(48,8),(49,8),(50,8),(51,8),(52,8),(53,8),(54,8),(55,8),(56,8),(57,8),(58,8),(59,8),(77,8),(824,8),(1139,8),(1145,8),(1146,8),(1152,8),(1153,8),(1154,8),(1155,8),(1156,8),(1157,8),(1158,8),(1159,8),(1160,8),(1161,8),(1162,8),(1163,8),(1164,8),(1165,8),(1176,8),(1181,8),(1195,8),(1196,8),(1197,8),(1198,8),(1199,8),(1200,8),(1201,8),(1203,8),(77,9),(82,9),(83,9),(84,9),(824,9),(1164,9),(1165,9),(1176,9),(1181,9),(1195,9),(1196,9),(1197,9),(1198,9),(1199,9),(1200,9),(1201,9),(1202,9),(1203,9),(1213,9),(1215,9),(1216,9),(1228,9),(1229,9),(1230,9),(1233,9),(1234,9),(1235,9),(1236,9),(1,10),(2,10),(18,10),(48,10),(49,10),(77,10),(824,10),(1139,10),(1176,10),(1181,10),(1195,10),(1196,10),(1197,10),(1198,10),(1199,10),(1200,10),(1201,10),(1203,10),(1233,10),(1234,10),(1235,10),(1236,10),(1311,10),(1312,10),(1313,10),(1316,10),(1317,10),(1318,10),(1319,10),(1320,10),(77,11),(824,11),(1176,11),(1195,11),(1196,11),(1198,11),(1199,11),(1200,11),(1201,11),(1203,11),(1215,11),(1265,11),(1266,11),(1267,11),(1268,11),(1292,11),(1293,11),(1294,11),(1295,11),(1296,11),(1297,11),(1298,11),(1299,11),(1300,11),(1301,11),(1302,11),(1303,11),(1304,11),(1305,11),(1306,11),(1307,11),(1308,11),(1309,11),(1310,11),(1,12),(2,12),(18,12),(48,12),(49,12),(50,12),(51,12),(52,12),(53,12),(54,12),(55,12),(56,12),(57,12),(58,12),(59,12),(60,12),(61,12),(62,12),(63,12),(64,12),(65,12),(66,12),(67,12),(68,12),(69,12),(70,12),(71,12),(77,12),(82,12),(83,12),(84,12),(824,12),(1139,12),(1140,12),(1170,12),(1176,12),(1195,12),(1196,12),(1198,12),(1199,12),(1200,12),(1201,12),(1202,12),(1203,12),(1233,12),(1234,12),(1235,12),(1236,12),(1,13),(2,13),(48,13),(49,13),(77,13),(824,13),(1139,13),(1164,13),(1165,13),(1176,13),(1195,13),(1196,13),(1198,13),(1199,13),(1200,13),(1203,13),(16,14),(17,14),(18,14),(19,14),(20,14),(21,14),(22,14),(77,14),(82,14),(83,14),(84,14),(824,14),(1139,14),(1176,14),(1200,14),(1201,14),(1202,14),(1228,14),(1229,14),(1230,14),(1315,14),(1,15),(2,15),(48,15),(49,15),(77,15),(824,15),(1139,15),(1176,15),(1181,15),(1195,15),(1196,15),(1197,15),(1198,15),(1199,15),(1200,15),(1201,15),(1203,15),(1233,15),(1234,15),(1235,15),(1323,15),(1324,15),(1325,15),(1326,15),(824,16),(824,17),(77,18),(824,18),(1176,18),(1181,18),(1195,18),(1196,18),(1197,18),(1198,18),(1199,18),(1200,18),(1201,18),(1203,18),(824,19),(77,20),(89,20),(824,20),(1139,20),(1176,20),(1181,20),(1195,20),(1196,20),(1197,20),(1198,20),(1199,20),(1200,20),(1201,20),(1203,20),(1216,20),(1292,20),(1293,20),(1294,20),(1295,20),(1296,20),(1297,20),(1298,20),(1299,20),(1300,20),(1301,20),(1302,20),(1303,20),(1304,20),(1305,20),(1306,20),(1307,20),(1308,20),(1309,20),(1310,20),(73,21),(75,21),(77,21),(1139,21),(1176,21),(1195,21),(1196,21),(1198,21),(1199,21),(1200,21),(1201,21),(1202,21),(1203,21),(1233,21),(1234,21),(1235,21),(77,22),(1139,22),(1176,22),(1181,22),(1195,22),(1196,22),(1197,22),(1198,22),(1199,22),(1200,22),(1203,22),(77,23),(1139,23),(1176,23),(1181,23),(1182,23),(1195,23),(1196,23),(1197,23),(1198,23),(1199,23),(1200,23),(1201,23),(1203,23),(1216,23),(1233,23),(1236,23),(1,24),(2,24),(48,24),(49,24),(77,24),(1139,24),(1176,24),(1181,24),(1195,24),(1196,24),(1197,24),(1198,24),(1199,24),(1200,24),(1201,24),(1203,24),(1233,24),(1234,24),(1235,24),(1236,24),(1265,25),(1266,25),(1268,25),(1292,25),(1293,25),(1294,25),(1295,25),(1296,25),(1297,25),(1298,25),(1299,25),(1300,25),(1301,25),(1302,25),(1303,25),(1304,25),(1305,25),(1306,25),(1307,25),(1308,25),(1309,25),(1310,25),(1235,26),(1292,27),(1293,27),(1294,27),(1295,27),(1296,27),(1297,27),(1298,27),(1299,27),(1300,27),(1301,27),(1302,27),(1303,27),(1304,27),(1305,27),(1306,27),(1307,27),(1308,27),(1309,27),(1310,27),(1233,28),(1234,28),(1235,28),(1236,28),(1232,30),(1235,32);
/*!40000 ALTER TABLE `task_templates_platforms` ENABLE KEYS */;
UNLOCK TABLES;

--
-- Table structure for table `taskinstances`
--

DROP TABLE IF EXISTS `taskinstances`;
/*!40101 SET @saved_cs_client     = @@character_set_client */;
/*!40101 SET character_set_client = utf8 */;
CREATE TABLE `taskinstances` (
  `id` int(11) NOT NULL AUTO_INCREMENT,
  `timeCreated` datetime NOT NULL,
  `timeAssigned` datetime DEFAULT NULL,
  `timeStarted` datetime DEFAULT NULL,
  `timeFinished` datetime DEFAULT NULL,
  `timeDeadline` datetime DEFAULT NULL,
  `comments` varchar(256) DEFAULT NULL,
  `platform_id` int(11) NOT NULL,
  `assignee_id` int(11) DEFAULT NULL,
  `assigner_id` int(11) DEFAULT NULL,
  `version_id` int(11) NOT NULL,
  `taskTemplate_id` int(11) NOT NULL,
  `resolution_id` int(11) NOT NULL,
  `priority_id` int(11) NOT NULL,
  PRIMARY KEY (`id`),
  UNIQUE KEY `id` (`id`),
  KEY `IX_fk_instances_platforms_platformid` (`platform_id`),
  KEY `IX_fk_instances_assigneeid_users_userid` (`assignee_id`),
  KEY `IX_fk_instances_assignerid_users_userid` (`assigner_id`),
  KEY `IX_fk_instances_versions_versionid` (`version_id`),
  KEY `IX_fk_instances_templates_templateid` (`taskTemplate_id`),
  KEY `IX_FK_ResolutionTaskInstance` (`resolution_id`),
  KEY `IX_FK_PriorityTaskInstance` (`priority_id`),
  CONSTRAINT `FK_PriorityTaskInstance` FOREIGN KEY (`priority_id`) REFERENCES `priorities` (`id`) ON DELETE NO ACTION ON UPDATE NO ACTION,
  CONSTRAINT `FK_ResolutionTaskInstance` FOREIGN KEY (`resolution_id`) REFERENCES `resolutions` (`id`) ON DELETE NO ACTION ON UPDATE NO ACTION,
  CONSTRAINT `fk_instances_assigneeid_users_userid` FOREIGN KEY (`assignee_id`) REFERENCES `intelligenceusers` (`id`) ON DELETE NO ACTION ON UPDATE NO ACTION,
  CONSTRAINT `fk_instances_assignerid_users_userid` FOREIGN KEY (`assigner_id`) REFERENCES `intelligenceusers` (`id`) ON DELETE NO ACTION ON UPDATE NO ACTION,
  CONSTRAINT `fk_instances_platforms_platformid` FOREIGN KEY (`platform_id`) REFERENCES `platforms` (`id`) ON DELETE NO ACTION ON UPDATE NO ACTION,
  CONSTRAINT `fk_instances_templates_templateid` FOREIGN KEY (`taskTemplate_id`) REFERENCES `tasktemplates` (`id`) ON DELETE NO ACTION ON UPDATE NO ACTION,
  CONSTRAINT `fk_instances_versions_versionid` FOREIGN KEY (`version_id`) REFERENCES `versions` (`id`) ON DELETE NO ACTION ON UPDATE NO ACTION
) ENGINE=InnoDB AUTO_INCREMENT=1196 DEFAULT CHARSET=utf8;
/*!40101 SET character_set_client = @saved_cs_client */;

--
-- Dumping data for table `taskinstances`
--

LOCK TABLES `taskinstances` WRITE;
/*!40000 ALTER TABLE `taskinstances` DISABLE KEYS */;
INSERT INTO `taskinstances` VALUES (74,'2015-06-26 15:13:12','2015-07-08 15:16:23','2015-07-13 15:05:30',NULL,'2015-07-16 00:00:00','',1,2,2,2,2,1,4),(75,'2015-06-26 15:13:12','2015-07-08 15:13:59','2015-07-10 14:16:11',NULL,NULL,'',2,2,2,2,2,1,6),(76,'2015-06-26 15:13:12','2015-07-10 11:18:40','2015-07-09 14:36:28',NULL,'2015-06-24 00:00:00','',3,2,2,2,2,1,6),(77,'2015-06-26 15:13:12','2015-07-08 14:21:40','2015-07-10 12:10:04',NULL,NULL,'',4,2,2,2,2,1,4),(78,'2015-06-26 15:13:12','2015-07-08 15:16:23','2015-07-13 15:05:30',NULL,'2015-07-16 00:00:00','',1,2,2,2,3,1,4),(79,'2015-06-26 15:13:12','2015-07-08 15:13:59',NULL,NULL,NULL,'',2,2,2,2,3,1,4),(80,'2015-06-26 15:13:12','2015-07-08 14:21:27',NULL,NULL,NULL,'',3,2,2,2,3,1,6),(81,'2015-06-26 15:13:12','2015-07-08 14:21:40',NULL,NULL,NULL,'',4,2,2,2,3,1,4),(82,'2015-06-26 15:13:25','2015-07-08 15:16:23','2015-07-13 15:05:30',NULL,'2015-07-16 00:00:00','',1,2,2,2,1,1,4),(83,'2015-06-26 15:13:25','2015-07-08 15:13:59','2015-07-10 14:16:11',NULL,NULL,'#18\r\n\r\n\r\n\r\n\r\n\r\n\r\n\r\n\r\n\r\n\r\n\r\n\r\n\r\n\r\n\r\n\r\n\r\n\r\n\r\n\r\n\r\n\r\n\r\n\r\n\r\n\r\n\r\n\r\n\r\n\r\n\r\n\r\n\r\n\r\n\r\n\r\n\r\n\r\n\r\n\r\n\r\n\r\n\r\n\r\n\r\n\r\n',2,2,2,2,1,1,6),(84,'2015-06-26 15:13:25','2015-07-10 11:18:40','2015-07-09 14:36:28',NULL,'2015-06-24 00:00:00','',3,2,2,2,1,1,6),(85,'2015-06-26 15:13:25','2015-07-08 14:21:40','2015-07-10 12:10:04',NULL,NULL,'#2112',4,2,2,2,1,1,4),(86,'2015-06-26 15:32:30',NULL,NULL,'2015-07-08 14:14:32',NULL,'',1,NULL,NULL,3,1,6,4),(87,'2015-06-26 15:32:30',NULL,NULL,'2015-07-08 14:14:32',NULL,'',2,NULL,NULL,3,1,6,4),(88,'2015-06-26 15:32:30','2015-07-03 10:26:36','2015-07-03 10:36:19','2015-07-07 10:53:41','2015-07-22 00:00:00','Test Assignment',3,2,2,3,1,5,5),(89,'2015-06-26 15:32:30','2015-07-07 11:06:51','2015-07-07 11:08:08','2015-07-08 14:14:32','2015-07-29 00:00:00','Here are your tasks',4,2,2,3,1,6,2),(90,'2015-06-26 15:32:30',NULL,NULL,'2015-07-08 14:14:32',NULL,'',1,NULL,NULL,3,2,6,4),(91,'2015-06-26 15:32:30',NULL,NULL,'2015-07-08 14:14:32',NULL,'',2,NULL,NULL,3,2,6,4),(92,'2015-06-26 15:32:30','2015-07-03 10:26:36','2015-07-03 10:36:19','2015-07-07 10:53:41','2015-07-22 00:00:00','',3,2,2,3,2,5,5),(93,'2015-06-26 15:32:30','2015-07-07 11:06:51','2015-07-07 11:08:08','2015-07-08 14:14:32','2015-07-29 00:00:00','',4,2,2,3,2,6,2),(94,'2015-06-26 15:32:30',NULL,NULL,'2015-07-08 14:14:32',NULL,'',1,NULL,NULL,3,3,6,4),(95,'2015-06-26 15:32:30',NULL,NULL,'2015-07-08 14:14:32',NULL,'',2,NULL,NULL,3,3,6,4),(96,'2015-06-26 15:32:30','2015-07-03 10:26:36','2015-07-03 10:39:13','2015-07-03 11:24:51','2015-07-22 00:00:00','',3,2,2,3,3,5,5),(97,'2015-06-26 15:32:30','2015-07-07 11:06:51','2015-07-07 11:08:08','2015-07-08 14:14:32','2015-07-29 00:00:00','',4,2,2,3,3,6,2),(98,'2015-06-26 15:32:30',NULL,NULL,'2015-07-08 14:14:32',NULL,'',1,NULL,NULL,3,4,6,4),(99,'2015-06-26 15:32:30',NULL,NULL,'2015-07-08 14:14:32',NULL,'',2,NULL,NULL,3,4,6,4),(100,'2015-06-26 15:32:30','2015-07-03 10:26:36','2015-07-03 10:39:13','2015-07-03 10:39:15','2015-07-22 00:00:00','',3,2,2,3,4,2,5),(101,'2015-06-26 15:32:30','2015-07-07 11:06:51','2015-07-07 13:35:03','2015-07-07 13:35:07','2015-07-29 00:00:00','',4,2,2,3,4,3,2),(102,'2015-06-26 15:32:30','2015-07-03 11:28:56','2015-07-03 12:34:41','2015-07-03 12:35:21',NULL,'',5,2,2,3,4,4,4),(103,'2015-06-26 15:32:30',NULL,NULL,'2015-07-08 14:14:32',NULL,'',1,NULL,NULL,3,5,6,4),(104,'2015-06-26 15:32:30','2015-07-03 10:20:28',NULL,'2015-07-08 14:14:32',NULL,'',2,2,2,3,5,6,4),(105,'2015-06-26 15:32:30','2015-07-03 10:26:36','2015-07-03 10:39:16','2015-07-03 10:39:18','2015-07-22 00:00:00','',3,2,2,3,5,2,5),(106,'2015-06-26 15:32:30','2015-07-07 11:06:51','2015-07-07 11:08:08','2015-07-07 13:30:24','2015-07-29 00:00:00','',4,2,2,3,5,2,2),(107,'2015-06-26 15:32:30',NULL,NULL,'2015-07-08 14:14:32',NULL,'',1,NULL,NULL,3,6,6,4),(108,'2015-06-26 15:32:30',NULL,NULL,'2015-07-08 14:14:32',NULL,'',2,NULL,NULL,3,6,6,4),(109,'2015-06-26 15:32:30','2015-07-03 10:26:36','2015-07-03 11:24:42','2015-07-03 11:24:46','2015-07-22 00:00:00','',3,2,2,3,6,2,5),(110,'2015-06-26 15:32:30','2015-07-07 11:06:51','2015-07-07 11:08:20','2015-07-08 14:09:19','2015-07-29 00:00:00','',4,2,2,3,6,4,2),(111,'2015-06-26 15:32:30',NULL,NULL,'2015-07-08 14:14:32',NULL,'',1,NULL,NULL,3,7,6,4),(112,'2015-06-26 15:32:30',NULL,NULL,'2015-07-08 14:14:32',NULL,'',2,NULL,NULL,3,7,6,4),(113,'2015-06-26 15:32:30','2015-07-03 10:26:36','2015-07-03 11:24:48','2015-07-03 11:24:51','2015-07-22 00:00:00','',3,2,2,3,7,2,5),(114,'2015-06-26 15:32:30','2015-07-07 11:06:51',NULL,'2015-07-08 14:14:32','2015-07-29 00:00:00','',4,2,2,3,7,6,2),(115,'2015-06-30 12:01:46',NULL,NULL,NULL,NULL,'',3,NULL,NULL,31,82,1,4),(116,'2015-06-30 12:01:46',NULL,NULL,NULL,NULL,'',9,NULL,NULL,31,82,1,4),(117,'2015-06-30 12:01:46',NULL,NULL,NULL,NULL,'',12,NULL,NULL,31,82,1,4),(118,'2015-06-30 12:01:46',NULL,NULL,NULL,NULL,'',14,NULL,NULL,31,82,1,4),(119,'2015-06-30 12:01:46',NULL,NULL,NULL,NULL,'',3,NULL,NULL,31,83,1,4),(120,'2015-06-30 12:01:46',NULL,NULL,NULL,NULL,'',7,NULL,NULL,31,83,1,4),(121,'2015-06-30 12:01:46',NULL,NULL,NULL,NULL,'',9,NULL,NULL,31,83,1,4),(122,'2015-06-30 12:01:46',NULL,NULL,NULL,NULL,'',12,NULL,NULL,31,83,1,4),(123,'2015-06-30 12:01:46',NULL,NULL,NULL,NULL,'',3,NULL,NULL,31,84,1,4),(124,'2015-06-30 12:01:46',NULL,NULL,NULL,NULL,'',7,NULL,NULL,31,84,1,4),(125,'2015-06-30 12:01:46',NULL,NULL,NULL,NULL,'',9,NULL,NULL,31,84,1,4),(126,'2015-06-30 12:01:46',NULL,NULL,NULL,NULL,'',14,NULL,NULL,31,84,1,4),(127,'2015-06-30 15:04:37',NULL,NULL,NULL,NULL,'',12,NULL,NULL,2,60,1,4),(128,'2015-06-30 15:04:37','2015-07-07 14:56:12',NULL,NULL,NULL,'BLARG ABLARG',12,1,2,2,62,1,4),(129,'2015-06-30 15:04:37',NULL,NULL,NULL,NULL,'',12,NULL,NULL,2,64,1,4),(130,'2015-06-30 15:04:37',NULL,NULL,NULL,NULL,'',12,NULL,NULL,2,65,1,4),(131,'2015-06-30 15:04:37',NULL,NULL,NULL,NULL,'',12,NULL,NULL,2,66,1,4),(132,'2015-06-30 15:04:37',NULL,NULL,NULL,NULL,'',12,NULL,NULL,2,67,1,4),(133,'2015-06-30 15:04:37',NULL,NULL,NULL,NULL,'',12,NULL,NULL,2,68,1,4),(134,'2015-06-30 15:04:37',NULL,NULL,NULL,NULL,'',12,NULL,NULL,2,69,1,4),(135,'2015-06-30 15:04:37',NULL,NULL,NULL,NULL,'',12,NULL,NULL,2,70,1,4),(136,'2015-06-30 15:04:37',NULL,NULL,NULL,NULL,'',12,NULL,NULL,2,71,1,4),(137,'2015-07-01 10:13:43','2015-07-03 10:26:36','2015-07-03 10:36:19','2015-07-07 10:53:41','2015-07-22 00:00:00','',3,2,2,3,16,5,5),(138,'2015-07-01 10:13:43',NULL,NULL,'2015-07-08 14:14:32',NULL,'',7,NULL,NULL,3,16,6,4),(139,'2015-07-01 10:13:43',NULL,NULL,'2015-07-08 14:14:32',NULL,'',10,NULL,NULL,3,16,6,4),(140,'2015-07-01 10:13:43',NULL,NULL,'2015-07-08 14:14:32',NULL,'',12,NULL,NULL,3,16,6,4),(141,'2015-07-01 10:13:43','2015-07-08 14:00:25','2015-07-08 14:04:39','2015-07-08 14:14:32','2015-07-09 00:00:00','',14,2,2,3,16,6,6),(142,'2015-07-01 10:13:43','2015-07-03 10:26:36','2015-07-03 12:23:44','2015-07-03 12:23:49','2015-07-22 00:00:00','',3,2,2,3,17,2,5),(143,'2015-07-01 10:13:43',NULL,NULL,'2015-07-08 14:14:32',NULL,'',7,NULL,NULL,3,17,6,4),(144,'2015-07-01 10:13:43',NULL,NULL,'2015-07-08 14:14:32',NULL,'',10,NULL,NULL,3,17,6,4),(145,'2015-07-01 10:13:43',NULL,NULL,'2015-07-08 14:14:32',NULL,'',12,NULL,NULL,3,17,6,4),(146,'2015-07-01 10:13:43','2015-07-08 14:00:25','2015-07-08 14:04:39','2015-07-08 14:14:32',NULL,'Comment #1243 This ',14,2,2,3,17,6,4),(147,'2015-07-01 10:13:43','2015-07-03 10:26:36','2015-07-03 12:23:57','2015-07-03 12:24:01','2015-07-22 00:00:00','',3,2,2,3,18,3,5),(148,'2015-07-01 10:13:43',NULL,NULL,'2015-07-08 14:14:32',NULL,'',7,NULL,NULL,3,18,6,4),(149,'2015-07-01 10:13:43',NULL,NULL,'2015-07-08 14:14:32',NULL,'',10,NULL,NULL,3,18,6,4),(150,'2015-07-01 10:13:43',NULL,NULL,'2015-07-08 14:14:32',NULL,'',12,NULL,NULL,3,18,6,4),(151,'2015-07-01 10:13:43','2015-07-08 14:00:25',NULL,'2015-07-08 14:14:32',NULL,'',14,2,2,3,18,6,5),(152,'2015-07-01 10:13:43','2015-07-03 10:26:36','2015-07-07 10:53:37','2015-07-07 10:53:41','2015-07-22 00:00:00','',3,2,2,3,19,2,5),(153,'2015-07-01 10:13:43',NULL,NULL,'2015-07-08 14:14:32',NULL,'',7,NULL,NULL,3,19,6,4),(154,'2015-07-01 10:13:43',NULL,NULL,'2015-07-08 14:14:32',NULL,'',10,NULL,NULL,3,19,6,4),(155,'2015-07-01 10:13:43',NULL,NULL,'2015-07-08 14:14:32',NULL,'',12,NULL,NULL,3,19,6,4),(156,'2015-07-01 10:13:43','2015-07-08 14:00:25',NULL,'2015-07-08 14:14:32',NULL,'',14,2,2,3,19,6,6),(157,'2015-07-01 10:13:43','2015-07-03 10:26:36','2015-07-06 17:19:29','2015-07-06 17:19:33','2015-07-22 00:00:00','',3,2,2,3,20,3,5),(158,'2015-07-01 10:13:43',NULL,NULL,'2015-07-08 14:14:32',NULL,'',7,NULL,NULL,3,20,6,4),(159,'2015-07-01 10:13:43',NULL,NULL,'2015-07-08 14:14:32',NULL,'',10,NULL,NULL,3,20,6,4),(160,'2015-07-01 10:13:43',NULL,NULL,'2015-07-08 14:14:32',NULL,'',12,NULL,NULL,3,20,6,4),(161,'2015-07-01 10:13:43','2015-07-08 14:00:25','2015-07-08 14:06:16','2015-07-08 14:14:32','2015-07-09 00:00:00','',14,2,2,3,20,6,2),(162,'2015-07-01 10:13:43','2015-07-03 10:26:36','2015-07-03 10:36:30','2015-07-03 10:36:36','2015-07-22 00:00:00','',3,2,2,3,21,2,5),(163,'2015-07-01 10:13:43',NULL,NULL,'2015-07-08 14:14:32',NULL,'',7,NULL,NULL,3,21,6,4),(164,'2015-07-01 10:13:43',NULL,NULL,'2015-07-08 14:14:32',NULL,'',10,NULL,NULL,3,21,6,4),(165,'2015-07-01 10:13:43',NULL,NULL,'2015-07-08 14:14:32',NULL,'',12,NULL,NULL,3,21,6,4),(166,'2015-07-01 10:13:43','2015-07-08 14:00:25',NULL,'2015-07-08 14:14:32',NULL,'',14,2,2,3,21,6,3),(167,'2015-07-01 10:13:43','2015-07-03 10:26:36','2015-07-03 10:36:19','2015-07-03 11:23:46','2015-07-22 00:00:00','',3,2,2,3,22,3,5),(168,'2015-07-01 10:13:43',NULL,NULL,'2015-07-08 14:14:32',NULL,'',7,NULL,NULL,3,22,6,4),(169,'2015-07-01 10:13:43',NULL,NULL,'2015-07-08 14:14:32',NULL,'',10,NULL,NULL,3,22,6,4),(170,'2015-07-01 10:13:43',NULL,NULL,'2015-07-08 14:14:32',NULL,'',12,NULL,NULL,3,22,6,4),(171,'2015-07-01 10:13:43','2015-07-08 14:00:25',NULL,'2015-07-08 14:14:32',NULL,'',14,2,2,3,22,6,4),(172,'2015-07-01 10:29:03','2015-07-10 11:30:39','2015-07-10 12:18:09',NULL,NULL,'',18,1,2,13,77,1,4),(173,'2015-07-01 10:29:38',NULL,NULL,'2015-07-08 14:14:32',NULL,'',18,NULL,NULL,3,48,6,4),(174,'2015-07-01 10:29:38',NULL,NULL,'2015-07-08 14:14:32',NULL,'',18,NULL,NULL,3,49,6,4),(175,'2015-07-01 10:29:38',NULL,NULL,'2015-07-08 14:14:32',NULL,'',18,NULL,NULL,3,50,6,4),(176,'2015-07-01 10:29:38',NULL,NULL,'2015-07-08 14:14:32',NULL,'',18,NULL,NULL,3,51,6,4),(177,'2015-07-01 10:29:38',NULL,NULL,'2015-07-08 14:14:32',NULL,'',18,NULL,NULL,3,52,6,4),(178,'2015-07-01 10:29:38',NULL,NULL,'2015-07-08 14:14:32',NULL,'',18,NULL,NULL,3,53,6,4),(179,'2015-07-01 10:29:38',NULL,NULL,'2015-07-08 14:14:32',NULL,'',18,NULL,NULL,3,54,6,4),(180,'2015-07-01 10:29:38',NULL,NULL,'2015-07-08 14:14:32',NULL,'',18,NULL,NULL,3,55,6,4),(181,'2015-07-01 10:29:38',NULL,NULL,'2015-07-08 14:14:32',NULL,'',18,NULL,NULL,3,56,6,4),(182,'2015-07-01 10:29:38',NULL,NULL,'2015-07-08 14:14:32',NULL,'',18,NULL,NULL,3,57,6,4),(183,'2015-07-01 10:29:38',NULL,NULL,'2015-07-08 14:14:32',NULL,'',18,NULL,NULL,3,58,6,4),(184,'2015-07-01 10:29:38',NULL,NULL,'2015-07-08 14:14:32',NULL,'',18,NULL,NULL,3,59,6,4),(185,'2015-07-01 10:29:58','2015-07-08 15:23:09','2015-07-08 15:25:24',NULL,'2015-07-16 00:00:00','Initial Comment',12,2,2,36,60,1,4),(186,'2015-07-01 10:29:58',NULL,NULL,NULL,NULL,'',18,NULL,NULL,36,60,1,4),(187,'2015-07-01 10:29:58',NULL,NULL,NULL,NULL,'',5,NULL,NULL,36,61,1,4),(188,'2015-07-01 10:29:58',NULL,NULL,NULL,NULL,'',6,NULL,NULL,36,61,1,4),(189,'2015-07-01 10:29:58',NULL,NULL,NULL,NULL,'',7,NULL,NULL,36,61,1,4),(190,'2015-07-01 10:29:58','2015-07-08 15:23:09',NULL,NULL,'2015-07-16 00:00:00','#0018160',12,2,2,36,61,1,4),(191,'2015-07-01 10:29:58',NULL,NULL,NULL,NULL,'',18,NULL,NULL,36,61,1,4),(192,'2015-07-01 10:29:58','2015-07-08 15:23:09',NULL,NULL,'2015-07-16 00:00:00','',12,2,2,36,62,1,4),(193,'2015-07-01 10:29:58',NULL,NULL,NULL,NULL,'',18,NULL,NULL,36,62,1,4),(194,'2015-07-01 10:29:58','2015-07-08 15:23:09',NULL,NULL,'2015-07-16 00:00:00','',12,2,2,36,63,1,4),(195,'2015-07-01 10:29:58',NULL,NULL,NULL,NULL,'',18,NULL,NULL,36,63,1,4),(196,'2015-07-01 10:29:58','2015-07-08 15:23:09',NULL,NULL,'2015-07-16 00:00:00','',12,2,2,36,64,1,4),(197,'2015-07-01 10:29:58',NULL,NULL,NULL,NULL,'',18,NULL,NULL,36,64,1,4),(198,'2015-07-01 10:29:58','2015-07-08 15:23:09',NULL,NULL,'2015-07-16 00:00:00','',12,2,2,36,65,1,4),(199,'2015-07-01 10:29:58',NULL,NULL,NULL,NULL,'',18,NULL,NULL,36,65,1,4),(200,'2015-07-01 10:29:58','2015-07-08 15:23:09','2015-07-10 14:18:56','2015-07-10 14:18:58','2015-07-16 00:00:00','',12,2,2,36,66,3,4),(201,'2015-07-01 10:29:58',NULL,NULL,NULL,NULL,'',18,NULL,NULL,36,66,1,4),(202,'2015-07-01 10:29:58','2015-07-08 15:23:09',NULL,NULL,'2015-07-16 00:00:00','',12,2,2,36,67,1,4),(203,'2015-07-01 10:29:58',NULL,NULL,NULL,NULL,'',18,NULL,NULL,36,67,1,4),(204,'2015-07-01 10:29:58','2015-07-08 15:23:09',NULL,NULL,'2015-07-16 00:00:00','',12,2,2,36,68,1,4),(205,'2015-07-01 10:29:58',NULL,NULL,NULL,NULL,'',18,NULL,NULL,36,68,1,4),(206,'2015-07-01 10:29:58','2015-07-08 15:23:09',NULL,NULL,'2015-07-16 00:00:00','',12,2,2,36,69,1,4),(207,'2015-07-01 10:29:58',NULL,NULL,NULL,NULL,'',18,NULL,NULL,36,69,1,4),(208,'2015-07-01 10:29:58','2015-07-08 15:23:09','2015-07-10 13:43:33',NULL,'2015-07-16 00:00:00','',12,2,2,36,70,1,4),(209,'2015-07-01 10:29:58',NULL,NULL,NULL,NULL,'',18,NULL,NULL,36,70,1,4),(210,'2015-07-01 10:29:58','2015-07-08 15:23:09','2015-07-08 15:25:24','2015-07-08 15:25:27','2015-07-16 00:00:00','#0018160',12,2,2,36,71,2,4),(211,'2015-07-01 10:29:58',NULL,NULL,NULL,NULL,'',18,NULL,NULL,36,71,1,4),(212,'2015-07-01 10:54:52',NULL,NULL,NULL,NULL,'',19,NULL,NULL,2,16,1,4),(213,'2015-07-01 10:54:52','2015-07-08 14:21:27',NULL,NULL,'2015-06-24 00:00:00','',3,2,2,2,17,1,6),(214,'2015-07-01 10:54:52','2015-07-08 15:14:04',NULL,NULL,NULL,'',7,2,2,2,17,1,4),(215,'2015-07-01 10:54:52',NULL,NULL,NULL,NULL,'',10,NULL,NULL,2,17,1,4),(216,'2015-07-01 10:54:52',NULL,NULL,NULL,NULL,'',12,NULL,NULL,2,17,1,4),(217,'2015-07-01 10:54:52',NULL,NULL,NULL,NULL,'',14,NULL,NULL,2,17,1,4),(218,'2015-07-01 10:54:52',NULL,NULL,NULL,NULL,'',18,NULL,NULL,2,17,1,4),(219,'2015-07-01 10:54:52',NULL,NULL,NULL,NULL,'',19,NULL,NULL,2,17,1,4),(220,'2015-07-01 10:54:52','2015-07-09 16:59:25','2015-07-09 14:36:28','2015-07-10 11:02:05','2015-06-24 00:00:00','',3,2,2,2,18,3,6),(221,'2015-07-01 10:54:52','2015-07-08 15:14:04',NULL,NULL,NULL,'',7,2,2,2,18,1,4),(222,'2015-07-01 10:54:52',NULL,NULL,NULL,NULL,'',10,NULL,NULL,2,18,1,4),(223,'2015-07-01 10:54:52',NULL,NULL,NULL,NULL,'',12,NULL,NULL,2,18,1,4),(224,'2015-07-01 10:54:52',NULL,NULL,NULL,NULL,'',14,NULL,NULL,2,18,1,4),(225,'2015-07-01 10:54:52',NULL,NULL,NULL,NULL,'',18,NULL,NULL,2,18,1,4),(226,'2015-07-01 10:54:52',NULL,NULL,NULL,NULL,'',19,NULL,NULL,2,18,1,4),(227,'2015-07-01 10:54:52','2015-07-10 11:18:40','2015-07-09 14:54:30','2015-07-09 15:25:21','2015-06-24 00:00:00','',3,2,2,2,19,2,6),(228,'2015-07-01 10:54:52','2015-07-08 15:14:04',NULL,NULL,NULL,'',7,2,2,2,19,1,4),(229,'2015-07-01 10:54:52',NULL,NULL,NULL,NULL,'',10,NULL,NULL,2,19,1,4),(230,'2015-07-01 10:54:52',NULL,NULL,NULL,NULL,'',12,NULL,NULL,2,19,1,4),(231,'2015-07-01 10:54:52',NULL,NULL,NULL,NULL,'',14,NULL,NULL,2,19,1,4),(232,'2015-07-01 10:54:52',NULL,NULL,NULL,NULL,'',18,NULL,NULL,2,19,1,4),(233,'2015-07-01 10:54:52',NULL,NULL,NULL,NULL,'',19,NULL,NULL,2,19,1,4),(234,'2015-07-01 10:54:52','2015-07-10 11:18:40','2015-07-09 15:29:37',NULL,'2015-06-24 00:00:00','Comments #18160\r\n\r\n\r\n\r\n\r\n\r\n\r\n\r\n\r\n\r\n\r\n\r\n\r\n\r\n\r\n\r\n\r\n\r\n\r\n\r\n\r\n\r\n',3,2,2,2,20,1,6),(235,'2015-07-01 10:54:52','2015-07-08 15:14:04',NULL,NULL,NULL,'',7,2,2,2,20,1,4),(236,'2015-07-01 10:54:52',NULL,NULL,NULL,NULL,'',10,NULL,NULL,2,20,1,4),(237,'2015-07-01 10:54:52',NULL,NULL,NULL,NULL,'',12,NULL,NULL,2,20,1,4),(238,'2015-07-01 10:54:52',NULL,NULL,NULL,NULL,'',14,NULL,NULL,2,20,1,4),(239,'2015-07-01 10:54:52',NULL,NULL,NULL,NULL,'',18,NULL,NULL,2,20,1,4),(240,'2015-07-01 10:54:52',NULL,NULL,NULL,NULL,'',19,NULL,NULL,2,20,1,4),(241,'2015-07-01 10:54:52','2015-07-08 14:21:27',NULL,NULL,'2015-06-24 00:00:00','This is #129125 This is #18160 #18161',3,2,2,2,21,1,6),(242,'2015-07-01 10:54:52','2015-07-08 15:14:04',NULL,NULL,NULL,'',7,2,2,2,21,1,4),(243,'2015-07-01 10:54:52',NULL,NULL,NULL,NULL,'',10,NULL,NULL,2,21,1,4),(244,'2015-07-01 10:54:52',NULL,NULL,NULL,NULL,'',12,NULL,NULL,2,21,1,4),(245,'2015-07-01 10:54:52',NULL,NULL,NULL,NULL,'',14,NULL,NULL,2,21,1,4),(246,'2015-07-01 10:54:52',NULL,NULL,NULL,NULL,'',18,NULL,NULL,2,21,1,4),(247,'2015-07-01 10:54:52',NULL,NULL,NULL,NULL,'',19,NULL,NULL,2,21,1,4),(248,'2015-07-01 10:54:52','2015-07-08 14:21:27',NULL,NULL,'2015-06-24 00:00:00','This is a comment #12 This #123 #71232\r\n\r\n\r\n\r\n\r\n\r\n\r\n\r\n\r\n\r\n\r\n\r\n\r\n\r\n\r\n',3,2,2,2,22,1,6),(249,'2015-07-01 10:54:52','2015-07-08 15:14:04',NULL,NULL,NULL,'',7,2,2,2,22,1,4),(250,'2015-07-01 10:54:52',NULL,NULL,NULL,NULL,'',10,NULL,NULL,2,22,1,4),(251,'2015-07-01 10:54:52',NULL,NULL,NULL,NULL,'',12,NULL,NULL,2,22,1,4),(252,'2015-07-01 10:54:52',NULL,NULL,NULL,NULL,'',14,NULL,NULL,2,22,1,4),(253,'2015-07-01 10:54:52',NULL,NULL,NULL,NULL,'',18,NULL,NULL,2,22,1,4),(254,'2015-07-01 10:54:52',NULL,NULL,NULL,NULL,'',19,NULL,NULL,2,22,1,4),(255,'2015-07-01 10:56:01',NULL,NULL,NULL,NULL,'',19,NULL,NULL,2,48,1,4),(256,'2015-07-01 10:56:01',NULL,NULL,NULL,NULL,'',18,NULL,NULL,2,49,1,4),(257,'2015-07-01 10:56:01',NULL,NULL,NULL,NULL,'',19,NULL,NULL,2,49,1,4),(258,'2015-07-01 10:56:01',NULL,NULL,NULL,NULL,'',18,NULL,NULL,2,50,1,4),(259,'2015-07-01 10:56:01',NULL,NULL,NULL,NULL,'',19,NULL,NULL,2,50,1,4),(260,'2015-07-01 10:56:01',NULL,NULL,NULL,NULL,'',18,NULL,NULL,2,51,1,4),(261,'2015-07-01 10:56:01',NULL,NULL,NULL,NULL,'',19,NULL,NULL,2,51,1,4),(262,'2015-07-01 10:56:01',NULL,NULL,NULL,NULL,'',18,NULL,NULL,2,52,1,4),(263,'2015-07-01 10:56:01',NULL,NULL,NULL,NULL,'',19,NULL,NULL,2,52,1,4),(264,'2015-07-01 10:56:01',NULL,NULL,NULL,NULL,'',18,NULL,NULL,2,53,1,4),(265,'2015-07-01 10:56:01',NULL,NULL,NULL,NULL,'',19,NULL,NULL,2,53,1,4),(266,'2015-07-01 10:56:01',NULL,NULL,NULL,NULL,'',18,NULL,NULL,2,54,1,4),(267,'2015-07-01 10:56:01',NULL,NULL,NULL,NULL,'',19,NULL,NULL,2,54,1,4),(268,'2015-07-01 10:56:01',NULL,NULL,NULL,NULL,'',18,NULL,NULL,2,55,1,4),(269,'2015-07-01 10:56:01',NULL,NULL,NULL,NULL,'',19,NULL,NULL,2,55,1,4),(270,'2015-07-01 10:56:01',NULL,NULL,NULL,NULL,'',18,NULL,NULL,2,56,1,4),(271,'2015-07-01 10:56:01',NULL,NULL,NULL,NULL,'',19,NULL,NULL,2,56,1,4),(272,'2015-07-01 10:56:01',NULL,NULL,NULL,NULL,'',18,NULL,NULL,2,57,1,4),(273,'2015-07-01 10:56:01',NULL,NULL,NULL,NULL,'',19,NULL,NULL,2,57,1,4),(274,'2015-07-01 10:56:01',NULL,NULL,NULL,NULL,'',18,NULL,NULL,2,58,1,4),(275,'2015-07-01 10:56:01',NULL,NULL,NULL,NULL,'',19,NULL,NULL,2,58,1,4),(276,'2015-07-01 10:56:01',NULL,NULL,NULL,NULL,'',18,NULL,NULL,2,59,1,4),(277,'2015-07-01 10:56:01',NULL,NULL,NULL,NULL,'',19,NULL,NULL,2,59,1,4),(278,'2015-07-01 11:50:45','2015-07-03 09:56:41',NULL,NULL,'2015-07-22 00:00:00','',1,3,2,40,1,1,4),(279,'2015-07-01 11:50:45',NULL,NULL,NULL,NULL,'',2,NULL,NULL,40,1,1,4),(280,'2015-07-01 11:50:45',NULL,NULL,NULL,NULL,'',3,NULL,NULL,40,1,1,4),(281,'2015-07-01 11:50:45',NULL,NULL,NULL,NULL,'',4,NULL,NULL,40,1,1,4),(282,'2015-07-01 11:50:45','2015-07-03 09:56:41',NULL,NULL,'2015-07-22 00:00:00','',1,3,2,40,2,1,4),(283,'2015-07-01 11:50:45',NULL,NULL,NULL,NULL,'',2,NULL,NULL,40,2,1,4),(284,'2015-07-01 11:50:45',NULL,NULL,NULL,NULL,'',3,NULL,NULL,40,2,1,4),(285,'2015-07-01 11:50:45',NULL,NULL,NULL,NULL,'',4,NULL,NULL,40,2,1,4),(286,'2015-07-01 11:50:45','2015-07-03 09:56:41','2015-07-01 15:54:45','2015-07-01 15:54:50','2015-07-22 00:00:00','',1,3,2,40,3,3,4),(287,'2015-07-01 11:50:45',NULL,NULL,NULL,NULL,'',2,NULL,NULL,40,3,1,4),(288,'2015-07-01 11:50:45',NULL,NULL,NULL,NULL,'',3,NULL,NULL,40,3,1,4),(289,'2015-07-01 11:50:45',NULL,NULL,NULL,NULL,'',4,NULL,NULL,40,3,1,4),(290,'2015-07-01 11:50:45','2015-07-03 09:56:41','2015-07-01 15:37:53','2015-07-01 15:37:55','2015-07-22 00:00:00','',1,3,2,40,4,3,4),(291,'2015-07-01 11:50:45',NULL,NULL,NULL,NULL,'',2,NULL,NULL,40,4,1,4),(292,'2015-07-01 11:50:45',NULL,NULL,NULL,NULL,'',3,NULL,NULL,40,4,1,4),(293,'2015-07-01 11:50:45',NULL,NULL,NULL,NULL,'',4,NULL,NULL,40,4,1,4),(294,'2015-07-01 11:50:45',NULL,NULL,NULL,NULL,'',5,NULL,NULL,40,4,1,4),(295,'2015-07-01 11:50:45','2015-07-03 09:56:41','2015-07-01 15:37:46','2015-07-01 15:37:49','2015-07-22 00:00:00','',1,3,2,40,5,3,4),(296,'2015-07-01 11:50:45',NULL,NULL,NULL,NULL,'',2,NULL,NULL,40,5,1,4),(297,'2015-07-01 11:50:45',NULL,NULL,NULL,NULL,'',3,NULL,NULL,40,5,1,4),(298,'2015-07-01 11:50:45',NULL,NULL,NULL,NULL,'',4,NULL,NULL,40,5,1,4),(299,'2015-07-01 11:50:45','2015-07-03 09:56:41','2015-07-01 15:37:35','2015-07-01 15:37:38','2015-07-22 00:00:00','#018160, #018161',1,3,2,40,6,3,4),(300,'2015-07-01 11:50:45',NULL,NULL,NULL,NULL,'',2,NULL,NULL,40,6,1,4),(301,'2015-07-01 11:50:45',NULL,NULL,NULL,NULL,'',3,NULL,NULL,40,6,1,4),(302,'2015-07-01 11:50:45',NULL,NULL,NULL,NULL,'',4,NULL,NULL,40,6,1,4),(303,'2015-07-01 11:50:45','2015-07-03 09:56:41','2015-07-01 15:37:27','2015-07-01 15:37:31','2015-07-22 00:00:00','bugs in this issue: #1230, #204, #2233022, #32932, #3231 #24242 #0018160',1,3,2,40,7,3,4),(304,'2015-07-01 11:50:45',NULL,NULL,NULL,NULL,'',2,NULL,NULL,40,7,1,4),(305,'2015-07-01 11:50:45',NULL,NULL,NULL,NULL,'',3,NULL,NULL,40,7,1,4),(306,'2015-07-01 11:50:45',NULL,NULL,NULL,NULL,'',4,NULL,NULL,40,7,1,4),(307,'2015-07-01 11:50:45',NULL,NULL,NULL,NULL,'',3,NULL,NULL,40,16,1,4),(308,'2015-07-01 11:50:45',NULL,NULL,NULL,NULL,'',7,NULL,NULL,40,16,1,4),(309,'2015-07-01 11:50:45',NULL,NULL,NULL,NULL,'',10,NULL,NULL,40,16,1,4),(310,'2015-07-01 11:50:45',NULL,NULL,NULL,NULL,'',12,NULL,NULL,40,16,1,4),(311,'2015-07-01 11:50:45',NULL,NULL,NULL,NULL,'',14,NULL,NULL,40,16,1,4),(312,'2015-07-01 11:50:45',NULL,NULL,NULL,NULL,'',3,NULL,NULL,40,17,1,4),(313,'2015-07-01 11:50:45',NULL,NULL,NULL,NULL,'',7,NULL,NULL,40,17,1,4),(314,'2015-07-01 11:50:45',NULL,NULL,NULL,NULL,'',10,NULL,NULL,40,17,1,4),(315,'2015-07-01 11:50:45',NULL,NULL,NULL,NULL,'',12,NULL,NULL,40,17,1,4),(316,'2015-07-01 11:50:45',NULL,NULL,NULL,NULL,'',14,NULL,NULL,40,17,1,4),(317,'2015-07-01 11:50:45',NULL,NULL,NULL,NULL,'',3,NULL,NULL,40,18,1,4),(318,'2015-07-01 11:50:45',NULL,NULL,NULL,NULL,'',7,NULL,NULL,40,18,1,4),(319,'2015-07-01 11:50:45',NULL,NULL,NULL,NULL,'',10,NULL,NULL,40,18,1,4),(320,'2015-07-01 11:50:45',NULL,NULL,NULL,NULL,'',12,NULL,NULL,40,18,1,4),(321,'2015-07-01 11:50:45',NULL,NULL,NULL,NULL,'',14,NULL,NULL,40,18,1,4),(322,'2015-07-01 11:50:45',NULL,NULL,NULL,NULL,'',3,NULL,NULL,40,19,1,4),(323,'2015-07-01 11:50:45',NULL,NULL,NULL,NULL,'',7,NULL,NULL,40,19,1,4),(324,'2015-07-01 11:50:45',NULL,NULL,NULL,NULL,'',10,NULL,NULL,40,19,1,4),(325,'2015-07-01 11:50:45',NULL,NULL,NULL,NULL,'',12,NULL,NULL,40,19,1,4),(326,'2015-07-01 11:50:45',NULL,NULL,NULL,NULL,'',14,NULL,NULL,40,19,1,4),(327,'2015-07-01 11:50:45',NULL,NULL,NULL,NULL,'',3,NULL,NULL,40,20,1,4),(328,'2015-07-01 11:50:45',NULL,NULL,NULL,NULL,'',7,NULL,NULL,40,20,1,4),(329,'2015-07-01 11:50:45',NULL,NULL,NULL,NULL,'',10,NULL,NULL,40,20,1,4),(330,'2015-07-01 11:50:45',NULL,NULL,NULL,NULL,'',12,NULL,NULL,40,20,1,4),(331,'2015-07-01 11:50:45',NULL,NULL,NULL,NULL,'',14,NULL,NULL,40,20,1,4),(332,'2015-07-01 11:50:45',NULL,NULL,NULL,NULL,'',3,NULL,NULL,40,21,1,4),(333,'2015-07-01 11:50:45',NULL,NULL,NULL,NULL,'',7,NULL,NULL,40,21,1,4),(334,'2015-07-01 11:50:45',NULL,NULL,NULL,NULL,'',10,NULL,NULL,40,21,1,4),(335,'2015-07-01 11:50:45',NULL,NULL,NULL,NULL,'',12,NULL,NULL,40,21,1,4),(336,'2015-07-01 11:50:45',NULL,NULL,NULL,NULL,'',14,NULL,NULL,40,21,1,4),(337,'2015-07-01 11:50:45',NULL,NULL,NULL,NULL,'',3,NULL,NULL,40,22,1,4),(338,'2015-07-01 11:50:45',NULL,NULL,NULL,NULL,'',7,NULL,NULL,40,22,1,4),(339,'2015-07-01 11:50:45',NULL,NULL,NULL,NULL,'',10,NULL,NULL,40,22,1,4),(340,'2015-07-01 11:50:45',NULL,NULL,NULL,NULL,'',12,NULL,NULL,40,22,1,4),(341,'2015-07-01 11:50:45',NULL,NULL,NULL,NULL,'',14,NULL,NULL,40,22,1,4),(342,'2015-07-01 11:50:45',NULL,NULL,NULL,NULL,'',12,NULL,NULL,40,60,1,4),(343,'2015-07-01 11:50:45',NULL,NULL,NULL,NULL,'',5,NULL,NULL,40,61,1,4),(344,'2015-07-01 11:50:45',NULL,NULL,NULL,NULL,'',6,NULL,NULL,40,61,1,4),(345,'2015-07-01 11:50:45',NULL,NULL,NULL,NULL,'',7,NULL,NULL,40,61,1,4),(346,'2015-07-01 11:50:45',NULL,NULL,NULL,NULL,'',12,NULL,NULL,40,61,1,4),(347,'2015-07-01 11:50:45',NULL,NULL,NULL,NULL,'',12,NULL,NULL,40,62,1,4),(348,'2015-07-01 11:50:45',NULL,NULL,NULL,NULL,'',12,NULL,NULL,40,63,1,4),(349,'2015-07-01 11:50:45',NULL,NULL,NULL,NULL,'',12,NULL,NULL,40,64,1,4),(350,'2015-07-01 11:50:45',NULL,NULL,NULL,NULL,'',12,NULL,NULL,40,65,1,4),(351,'2015-07-01 11:50:45',NULL,NULL,NULL,NULL,'',12,NULL,NULL,40,66,1,4),(352,'2015-07-01 11:50:45',NULL,NULL,NULL,NULL,'',12,NULL,NULL,40,67,1,4),(353,'2015-07-01 11:50:45',NULL,NULL,NULL,NULL,'',12,NULL,NULL,40,68,1,4),(354,'2015-07-01 11:50:45',NULL,NULL,NULL,NULL,'',12,NULL,NULL,40,69,1,4),(355,'2015-07-01 11:50:45',NULL,NULL,NULL,NULL,'',12,NULL,NULL,40,70,1,4),(356,'2015-07-01 11:50:45',NULL,NULL,NULL,NULL,'',12,NULL,NULL,40,71,1,4),(357,'2015-07-02 14:27:40',NULL,'2015-07-02 14:29:14','2015-07-02 14:29:19','2015-07-09 00:00:00','',20,NULL,NULL,41,89,2,6),(358,'2015-07-02 15:03:09','2015-07-03 10:36:09',NULL,'2015-07-08 13:55:10',NULL,'',1,1,2,41,824,6,6),(359,'2015-07-02 15:03:09',NULL,NULL,'2015-07-08 13:55:10',NULL,'',2,NULL,NULL,41,824,6,4),(360,'2015-07-02 15:03:09',NULL,NULL,'2015-07-08 13:55:10',NULL,'',3,NULL,NULL,41,824,6,4),(361,'2015-07-02 15:03:09',NULL,NULL,'2015-07-08 13:55:10',NULL,'',4,NULL,NULL,41,824,6,4),(362,'2015-07-02 15:03:09',NULL,NULL,'2015-07-08 13:55:10',NULL,'',5,NULL,NULL,41,824,6,4),(363,'2015-07-02 15:03:09',NULL,NULL,'2015-07-08 13:55:10',NULL,'',6,NULL,NULL,41,824,6,4),(364,'2015-07-02 15:03:09',NULL,NULL,'2015-07-08 13:55:10',NULL,'',7,NULL,NULL,41,824,6,4),(365,'2015-07-02 15:03:09',NULL,NULL,'2015-07-08 13:55:10',NULL,'',8,NULL,NULL,41,824,6,4),(366,'2015-07-02 15:03:09',NULL,NULL,'2015-07-08 13:55:10',NULL,'',9,NULL,NULL,41,824,6,4),(367,'2015-07-02 15:03:09',NULL,NULL,'2015-07-08 13:55:10',NULL,'',10,NULL,NULL,41,824,6,4),(368,'2015-07-02 15:03:09',NULL,NULL,'2015-07-08 13:55:10',NULL,'',11,NULL,NULL,41,824,6,4),(369,'2015-07-02 15:03:09',NULL,NULL,'2015-07-08 13:55:10',NULL,'',12,NULL,NULL,41,824,6,4),(370,'2015-07-02 15:03:09',NULL,NULL,'2015-07-08 13:55:10',NULL,'',13,NULL,NULL,41,824,6,4),(371,'2015-07-02 15:03:09',NULL,NULL,'2015-07-08 13:55:10',NULL,'',14,NULL,NULL,41,824,6,4),(372,'2015-07-02 15:03:09',NULL,NULL,'2015-07-08 13:55:10',NULL,'',15,NULL,NULL,41,824,6,4),(373,'2015-07-02 15:03:09',NULL,NULL,'2015-07-08 13:55:10',NULL,'',16,NULL,NULL,41,824,6,4),(374,'2015-07-02 15:03:09',NULL,NULL,'2015-07-08 13:55:10',NULL,'',17,NULL,NULL,41,824,6,4),(375,'2015-07-02 15:03:09',NULL,NULL,'2015-07-08 13:55:10',NULL,'',18,NULL,NULL,41,824,6,4),(376,'2015-07-02 15:03:09',NULL,NULL,'2015-07-08 13:55:10',NULL,'',19,NULL,NULL,41,824,6,4),(377,'2015-07-02 15:03:09','2015-07-02 15:03:54',NULL,'2015-07-08 13:55:10','2015-07-09 00:00:00','Seriously, like bugs 0 through to #0018160 need to be fixed still...',20,2,2,41,824,6,6),(378,'2015-07-02 16:35:19',NULL,NULL,'2015-07-08 14:14:32',NULL,'',12,NULL,NULL,3,60,6,4),(379,'2015-07-02 16:35:19','2015-07-03 11:29:36',NULL,'2015-07-08 14:14:32',NULL,'',5,2,2,3,61,6,4),(380,'2015-07-02 16:35:19',NULL,NULL,'2015-07-08 14:14:32',NULL,'',6,NULL,NULL,3,61,6,4),(381,'2015-07-02 16:35:19',NULL,NULL,'2015-07-08 14:14:32',NULL,'',7,NULL,NULL,3,61,6,4),(382,'2015-07-02 16:35:19',NULL,NULL,'2015-07-08 14:14:32',NULL,'',12,NULL,NULL,3,61,6,4),(383,'2015-07-02 16:35:19',NULL,NULL,'2015-07-08 14:14:32',NULL,'',12,NULL,NULL,3,62,6,4),(384,'2015-07-02 16:35:19',NULL,NULL,'2015-07-08 14:14:32',NULL,'',12,NULL,NULL,3,63,6,4),(385,'2015-07-02 16:35:19',NULL,NULL,'2015-07-08 14:14:32',NULL,'',12,NULL,NULL,3,64,6,4),(386,'2015-07-02 16:35:19',NULL,NULL,'2015-07-08 14:14:32',NULL,'',12,NULL,NULL,3,65,6,4),(387,'2015-07-02 16:35:19',NULL,NULL,'2015-07-08 14:14:32',NULL,'',12,NULL,NULL,3,66,6,4),(388,'2015-07-02 16:35:19',NULL,NULL,'2015-07-08 14:14:32',NULL,'',12,NULL,NULL,3,67,6,4),(389,'2015-07-02 16:35:19',NULL,NULL,'2015-07-08 14:14:32',NULL,'',12,NULL,NULL,3,68,6,4),(390,'2015-07-02 16:35:19',NULL,NULL,'2015-07-08 14:14:32',NULL,'',12,NULL,NULL,3,69,6,4),(391,'2015-07-02 16:35:19',NULL,NULL,'2015-07-08 14:14:32',NULL,'',12,NULL,NULL,3,70,6,4),(392,'2015-07-02 16:35:19',NULL,NULL,'2015-07-08 14:14:32',NULL,'',12,NULL,NULL,3,71,6,4),(393,'2015-07-02 16:35:59',NULL,NULL,'2015-07-03 16:47:11',NULL,'',18,NULL,NULL,25,77,6,4),(394,'2015-07-02 16:35:59',NULL,NULL,'2015-07-03 16:47:11',NULL,'',1,NULL,NULL,25,77,6,4),(395,'2015-07-02 16:35:59',NULL,NULL,'2015-07-03 16:47:11',NULL,'',1,NULL,NULL,25,1139,6,4),(396,'2015-07-02 16:35:59',NULL,NULL,'2015-07-03 16:47:11',NULL,'',1,NULL,NULL,25,1140,6,4),(397,'2015-07-03 10:48:56','2015-07-03 10:49:04','2015-07-03 11:07:26','2015-07-03 11:07:52',NULL,'',1,2,2,43,72,5,4),(398,'2015-07-03 10:48:56','2015-07-03 10:49:04','2015-07-03 11:07:26','2015-07-03 11:07:52',NULL,'',1,2,2,43,78,3,4),(399,'2015-07-03 11:28:47','2015-07-07 11:06:51','2015-07-07 13:38:05','2015-07-08 14:14:32','2015-07-29 00:00:00','',4,2,2,3,16,6,2),(400,'2015-07-03 11:28:47','2015-07-07 11:06:51','2015-07-07 13:38:05','2015-07-08 14:14:32','2015-07-29 00:00:00','',4,2,2,3,17,6,2),(401,'2015-07-03 12:13:17',NULL,'2015-07-03 12:16:25','2015-07-10 13:51:09','2015-07-17 00:00:00','',3,NULL,NULL,44,1147,5,4),(402,'2015-07-03 12:13:17','2015-07-10 13:49:07','2015-07-03 12:16:25','2015-07-03 12:16:30',NULL,'',3,2,2,44,1148,5,4),(403,'2015-07-03 12:13:17','2015-07-10 13:49:07','2015-07-03 12:16:25','2015-07-10 13:49:00',NULL,'',3,2,2,44,1149,3,4),(404,'2015-07-06 09:07:47',NULL,NULL,NULL,NULL,'',5,NULL,NULL,2,1,1,4),(405,'2015-07-06 09:07:47',NULL,NULL,NULL,NULL,'',8,NULL,NULL,2,1,1,4),(406,'2015-07-06 09:07:47',NULL,NULL,NULL,NULL,'',5,NULL,NULL,2,2,1,4),(407,'2015-07-06 09:07:47',NULL,NULL,NULL,NULL,'',8,NULL,NULL,2,2,1,4),(408,'2015-07-06 09:07:47','2015-07-08 15:13:59','2015-07-10 14:16:11',NULL,NULL,'',2,2,2,2,48,1,6),(409,'2015-07-06 09:07:47','2015-07-08 15:13:59',NULL,NULL,NULL,'',2,2,2,2,49,1,4),(410,'2015-07-06 09:07:47','2015-07-08 15:13:59',NULL,NULL,NULL,'',2,2,2,2,50,1,2),(411,'2015-07-06 09:07:47','2015-07-08 15:13:59',NULL,NULL,NULL,'',2,2,2,2,51,1,3),(412,'2015-07-06 09:07:47','2015-07-08 15:13:59',NULL,NULL,NULL,'',2,2,2,2,52,1,6),(413,'2015-07-06 09:07:47','2015-07-08 15:13:59',NULL,NULL,NULL,'',2,2,2,2,53,1,4),(414,'2015-07-06 09:07:47','2015-07-08 15:13:59',NULL,NULL,NULL,'',2,2,2,2,54,1,4),(415,'2015-07-06 09:07:47','2015-07-08 15:13:59','2015-07-10 14:16:11','2015-07-10 14:16:14',NULL,'',2,2,2,2,55,2,4),(416,'2015-07-06 09:07:47','2015-07-08 15:13:59',NULL,NULL,NULL,'',2,2,2,2,56,1,4),(417,'2015-07-06 09:07:47','2015-07-08 15:13:59',NULL,NULL,NULL,'',2,2,2,2,57,1,4),(418,'2015-07-06 09:07:47','2015-07-08 15:13:59',NULL,NULL,NULL,'This is a comment with a bug #18160',2,2,2,2,58,1,4),(419,'2015-07-06 09:07:47','2015-07-08 15:13:59','2015-07-13 15:06:37',NULL,NULL,'Comments are \r\n\r\n\r\n\r\n\r\n\r\n\r\n\r\n\r\n\r\n\r\n\r\n#181601#1#1#1#11#1#1#111#1#11#1#1#1#1#1#11#\r\n\r\n\r\n\r\n\r\n\r\n\r\n\r\n\r\n\r\n\r\n\r\n\r\n\r\n\r\n',2,2,2,2,59,1,4),(420,'2015-07-06 10:04:32',NULL,NULL,NULL,NULL,'',6,NULL,NULL,2,1166,1,4),(421,'2015-07-06 10:04:32',NULL,NULL,NULL,NULL,'',6,NULL,NULL,2,1167,1,4),(422,'2015-07-06 11:02:09','2015-07-08 15:13:54',NULL,NULL,NULL,'',1,2,2,2,1164,1,4),(423,'2015-07-06 11:02:09','2015-07-13 10:09:30',NULL,NULL,NULL,'',7,14,14,2,1164,1,4),(424,'2015-07-06 11:02:09',NULL,NULL,NULL,NULL,'',8,NULL,NULL,2,1164,1,4),(425,'2015-07-06 11:02:09',NULL,NULL,NULL,NULL,'',9,NULL,NULL,2,1164,1,4),(426,'2015-07-06 11:02:09',NULL,NULL,NULL,NULL,'',13,NULL,NULL,2,1164,1,4),(427,'2015-07-06 11:02:09','2015-07-08 15:13:54',NULL,NULL,NULL,'',1,2,2,2,1165,1,4),(428,'2015-07-06 11:02:09','2015-07-13 10:09:30',NULL,NULL,NULL,'Gentlemen, the time has come for me to test this comments box and see if all is safe and canny.',7,14,14,2,1165,1,4),(429,'2015-07-06 11:02:09',NULL,NULL,NULL,NULL,'',8,NULL,NULL,2,1165,1,4),(430,'2015-07-06 11:02:09',NULL,NULL,NULL,NULL,'',9,NULL,NULL,2,1165,1,4),(431,'2015-07-06 11:02:09',NULL,NULL,NULL,NULL,'',13,NULL,NULL,2,1165,1,4),(432,'2015-07-06 11:54:28',NULL,NULL,NULL,NULL,'',1,NULL,NULL,47,77,1,4),(433,'2015-07-06 11:54:28',NULL,NULL,NULL,NULL,'',18,NULL,NULL,47,77,1,4),(434,'2015-07-06 11:54:28',NULL,NULL,NULL,NULL,'',1,NULL,NULL,47,1139,1,4),(435,'2015-07-06 11:54:28',NULL,NULL,NULL,NULL,'',1,NULL,NULL,47,1140,1,4),(436,'2015-07-06 11:54:28',NULL,NULL,NULL,NULL,'',12,NULL,NULL,47,1140,1,4),(437,'2015-07-06 11:54:28',NULL,NULL,NULL,NULL,'',1,NULL,NULL,47,1170,1,4),(438,'2015-07-06 11:54:28',NULL,NULL,NULL,NULL,'',12,NULL,NULL,47,1170,1,4),(439,'2015-07-06 14:02:01','2015-07-10 11:18:40','2015-07-09 14:36:28',NULL,'2015-06-24 00:00:00','',3,2,2,2,16,1,6),(440,'2015-07-06 14:02:01','2015-07-08 14:21:40','2015-07-10 12:10:04',NULL,NULL,'',4,2,2,2,16,1,2),(441,'2015-07-06 14:02:01',NULL,NULL,NULL,NULL,'',5,NULL,NULL,2,16,1,4),(442,'2015-07-06 14:02:01','2015-07-08 15:14:04',NULL,NULL,NULL,'',7,2,2,2,16,1,4),(443,'2015-07-06 14:02:01',NULL,NULL,NULL,NULL,'',8,NULL,NULL,2,16,1,4),(444,'2015-07-06 14:02:01',NULL,NULL,NULL,NULL,'',10,NULL,NULL,2,16,1,4),(445,'2015-07-06 14:02:01',NULL,NULL,NULL,NULL,'',12,NULL,NULL,2,16,1,4),(446,'2015-07-06 14:02:01',NULL,NULL,NULL,NULL,'',14,NULL,NULL,2,16,1,4),(447,'2015-07-06 14:02:02','2015-07-08 14:21:40','2015-07-10 12:10:04','2015-07-10 12:10:06',NULL,'',4,2,2,2,17,2,2),(448,'2015-07-06 14:02:02',NULL,NULL,NULL,NULL,'',5,NULL,NULL,2,17,1,4),(449,'2015-07-06 14:02:02',NULL,NULL,NULL,NULL,'',8,NULL,NULL,2,17,1,4),(450,'2015-07-06 14:02:32','2015-07-08 14:21:27',NULL,NULL,NULL,'',3,2,2,2,16,1,6),(451,'2015-07-06 14:02:32','2015-07-08 14:21:40',NULL,NULL,NULL,'',4,2,2,2,16,1,4),(452,'2015-07-06 14:02:32',NULL,NULL,NULL,NULL,'',5,NULL,NULL,2,16,1,4),(453,'2015-07-06 14:02:32',NULL,NULL,NULL,NULL,'',7,NULL,NULL,2,16,1,4),(454,'2015-07-06 14:02:32',NULL,NULL,NULL,NULL,'',8,NULL,NULL,2,16,1,4),(455,'2015-07-06 14:02:32',NULL,NULL,NULL,NULL,'',10,NULL,NULL,2,16,1,4),(456,'2015-07-06 14:02:32',NULL,NULL,NULL,NULL,'',12,NULL,NULL,2,16,1,4),(457,'2015-07-06 14:02:32',NULL,NULL,NULL,NULL,'',14,NULL,NULL,2,16,1,4),(458,'2015-07-06 14:02:33','2015-07-08 14:21:40','2015-07-09 15:27:04',NULL,NULL,'#124',4,2,2,2,17,1,2),(459,'2015-07-06 14:02:33',NULL,NULL,NULL,NULL,'',5,NULL,NULL,2,17,1,4),(460,'2015-07-06 14:02:33',NULL,NULL,NULL,NULL,'',8,NULL,NULL,2,17,1,4),(461,'2015-07-06 15:41:48','2015-07-09 14:32:24',NULL,NULL,'2015-07-17 00:00:00','',3,1,1,14,77,1,3),(462,'2015-07-06 15:41:48','2015-07-08 13:58:57','2015-07-08 14:20:31','2015-07-08 14:21:25','2015-07-15 00:00:00','This is a comment for bug: #0018160',5,2,2,14,77,5,6),(463,'2015-07-06 15:41:48','2015-07-08 14:00:26','2015-07-10 12:38:38','2015-07-10 12:49:41','2015-07-15 00:00:00','Bugs #0018160, #0018161',6,1,2,14,77,5,5),(464,'2015-07-06 15:41:48','2015-07-09 14:25:31',NULL,NULL,'2015-07-24 00:00:00','#0018160',8,1,1,14,77,1,4),(465,'2015-07-06 15:41:48',NULL,NULL,NULL,NULL,'',10,NULL,NULL,14,77,1,4),(466,'2015-07-06 15:41:48',NULL,NULL,NULL,NULL,'',12,NULL,NULL,14,77,1,4),(467,'2015-07-06 15:41:48',NULL,NULL,NULL,NULL,'',13,NULL,NULL,14,77,1,4),(468,'2015-07-06 15:41:48',NULL,NULL,NULL,NULL,'',14,NULL,NULL,14,77,1,4),(469,'2015-07-06 15:41:48',NULL,NULL,NULL,NULL,'',15,NULL,NULL,14,77,1,4),(470,'2015-07-06 15:41:48',NULL,NULL,NULL,NULL,'',18,NULL,NULL,14,77,1,4),(471,'2015-07-06 15:41:48',NULL,NULL,NULL,NULL,'',20,NULL,NULL,14,77,1,4),(472,'2015-07-06 15:41:48','2015-07-09 14:33:17','2015-07-10 12:33:28','2015-07-10 12:33:30',NULL,'',21,1,1,14,77,5,4),(473,'2015-07-06 15:41:48','2015-07-09 14:33:21',NULL,NULL,NULL,'',22,2,1,14,77,1,4),(474,'2015-07-06 15:41:48',NULL,NULL,NULL,NULL,'',23,NULL,NULL,14,77,1,4),(475,'2015-07-06 15:41:48',NULL,NULL,NULL,NULL,'',24,NULL,NULL,14,77,1,4),(476,'2015-07-06 15:41:49','2015-07-09 14:32:24',NULL,NULL,'2015-07-17 00:00:00','',3,1,1,14,1176,1,3),(477,'2015-07-06 15:41:49','2015-07-08 13:58:57','2015-07-08 14:20:31','2015-07-08 14:21:25','2015-07-15 00:00:00','',5,2,2,14,1176,5,6),(478,'2015-07-06 15:41:49','2015-07-08 14:00:26','2015-07-10 12:38:38','2015-07-10 12:49:41','2015-07-15 00:00:00','',6,1,2,14,1176,5,5),(479,'2015-07-06 15:41:49','2015-07-09 14:25:31',NULL,NULL,'2015-07-24 00:00:00','',8,1,1,14,1176,1,4),(480,'2015-07-06 15:41:49',NULL,NULL,NULL,NULL,'',10,NULL,NULL,14,1176,1,4),(481,'2015-07-06 15:41:49',NULL,NULL,NULL,NULL,'',12,NULL,NULL,14,1176,1,4),(482,'2015-07-06 15:41:49',NULL,NULL,NULL,NULL,'',13,NULL,NULL,14,1176,1,4),(483,'2015-07-06 15:41:49',NULL,NULL,NULL,NULL,'',14,NULL,NULL,14,1176,1,4),(484,'2015-07-06 15:41:49',NULL,NULL,NULL,NULL,'',15,NULL,NULL,14,1176,1,4),(485,'2015-07-06 15:41:49',NULL,NULL,NULL,NULL,'',18,NULL,NULL,14,1176,1,4),(486,'2015-07-06 15:41:49',NULL,NULL,NULL,NULL,'',20,NULL,NULL,14,1176,1,4),(487,'2015-07-06 15:41:49','2015-07-09 14:33:17','2015-07-10 12:33:28','2015-07-10 12:33:30',NULL,'',21,1,1,14,1176,5,4),(488,'2015-07-06 15:41:49','2015-07-09 14:33:21',NULL,NULL,NULL,'',22,2,1,14,1176,1,4),(489,'2015-07-06 15:41:49',NULL,NULL,NULL,NULL,'',23,NULL,NULL,14,1176,1,4),(490,'2015-07-06 15:41:49',NULL,NULL,NULL,NULL,'',24,NULL,NULL,14,1176,1,4),(491,'2015-07-06 15:41:49','2015-07-09 14:32:24',NULL,NULL,'2015-07-17 00:00:00','',3,1,1,14,1181,1,3),(492,'2015-07-06 15:41:49','2015-07-08 13:58:57','2015-07-08 14:20:31','2015-07-08 14:21:25','2015-07-15 00:00:00','I found that the German Borkwurst sausage was an acceptable sustitute to all dietary requirements and made me feel amazing, though I found #0018160 in it.',5,2,2,14,1181,2,6),(493,'2015-07-06 15:41:49','2015-07-08 14:00:26','2015-07-10 12:38:38','2015-07-10 12:49:42','2015-07-15 00:00:00','Passed',6,1,2,14,1181,2,5),(494,'2015-07-06 15:41:49','2015-07-09 14:25:31',NULL,NULL,'2015-07-24 00:00:00','',8,1,1,14,1181,1,4),(495,'2015-07-06 15:41:49',NULL,NULL,NULL,NULL,'',10,NULL,NULL,14,1181,1,4),(496,'2015-07-06 15:41:49',NULL,NULL,NULL,NULL,'',12,NULL,NULL,14,1181,1,4),(497,'2015-07-06 15:41:49',NULL,NULL,NULL,NULL,'',13,NULL,NULL,14,1181,1,4),(498,'2015-07-06 15:41:49',NULL,NULL,NULL,NULL,'',14,NULL,NULL,14,1181,1,4),(499,'2015-07-06 15:41:49',NULL,NULL,NULL,NULL,'',15,NULL,NULL,14,1181,1,4),(500,'2015-07-06 15:41:49',NULL,NULL,NULL,NULL,'',18,NULL,NULL,14,1181,1,4),(501,'2015-07-06 15:41:49',NULL,NULL,NULL,NULL,'',20,NULL,NULL,14,1181,1,4),(502,'2015-07-06 15:41:49','2015-07-09 14:33:17','2015-07-10 12:33:28','2015-07-10 12:33:30',NULL,'',21,1,1,14,1181,4,4),(503,'2015-07-06 15:41:49','2015-07-09 14:33:21',NULL,NULL,NULL,'#18160',22,2,1,14,1181,1,4),(504,'2015-07-06 15:41:49',NULL,NULL,NULL,NULL,'',23,NULL,NULL,14,1181,1,4),(505,'2015-07-06 15:41:49',NULL,NULL,NULL,NULL,'',24,NULL,NULL,14,1181,1,4),(506,'2015-07-06 17:36:45',NULL,NULL,NULL,NULL,'',1,NULL,NULL,49,1,1,4),(507,'2015-07-06 17:36:45',NULL,NULL,NULL,NULL,'',2,NULL,NULL,49,1,1,4),(508,'2015-07-06 17:36:45',NULL,NULL,NULL,NULL,'',3,NULL,NULL,49,1,1,4),(509,'2015-07-06 17:36:45',NULL,NULL,NULL,NULL,'',4,NULL,NULL,49,1,1,4),(510,'2015-07-06 17:36:45',NULL,NULL,NULL,NULL,'',5,NULL,NULL,49,1,1,4),(511,'2015-07-06 17:36:45',NULL,NULL,NULL,NULL,'',8,NULL,NULL,49,1,1,4),(512,'2015-07-06 17:36:45',NULL,NULL,NULL,NULL,'',1,NULL,NULL,49,2,1,4),(513,'2015-07-06 17:36:45',NULL,NULL,NULL,NULL,'',2,NULL,NULL,49,2,1,4),(514,'2015-07-06 17:36:45',NULL,NULL,NULL,NULL,'',3,NULL,NULL,49,2,1,4),(515,'2015-07-06 17:36:45',NULL,NULL,NULL,NULL,'',4,NULL,NULL,49,2,1,4),(516,'2015-07-06 17:36:45',NULL,NULL,NULL,NULL,'',5,NULL,NULL,49,2,1,4),(517,'2015-07-06 17:36:45',NULL,NULL,NULL,NULL,'',8,NULL,NULL,49,2,1,4),(518,'2015-07-06 17:36:45',NULL,NULL,NULL,NULL,'',3,NULL,NULL,49,16,1,4),(519,'2015-07-06 17:36:45',NULL,NULL,NULL,NULL,'',4,NULL,NULL,49,16,1,4),(520,'2015-07-06 17:36:45',NULL,NULL,NULL,NULL,'',5,NULL,NULL,49,16,1,4),(521,'2015-07-06 17:36:45',NULL,NULL,NULL,NULL,'',7,NULL,NULL,49,16,1,4),(522,'2015-07-06 17:36:45',NULL,NULL,NULL,NULL,'',8,NULL,NULL,49,16,1,4),(523,'2015-07-06 17:36:45',NULL,NULL,NULL,NULL,'',10,NULL,NULL,49,16,1,4),(524,'2015-07-06 17:36:45',NULL,NULL,NULL,NULL,'',12,NULL,NULL,49,16,1,4),(525,'2015-07-06 17:36:45',NULL,NULL,NULL,NULL,'',14,NULL,NULL,49,16,1,4),(526,'2015-07-06 17:36:45',NULL,NULL,NULL,NULL,'',3,NULL,NULL,49,19,1,4),(527,'2015-07-06 17:36:45',NULL,NULL,NULL,NULL,'',7,NULL,NULL,49,19,1,4),(528,'2015-07-06 17:36:45',NULL,NULL,NULL,NULL,'',10,NULL,NULL,49,19,1,4),(529,'2015-07-06 17:36:45',NULL,NULL,NULL,NULL,'',12,NULL,NULL,49,19,1,4),(530,'2015-07-06 17:36:45',NULL,NULL,NULL,NULL,'',14,NULL,NULL,49,19,1,4),(531,'2015-07-06 17:36:45',NULL,NULL,NULL,NULL,'',3,NULL,NULL,49,17,1,4),(532,'2015-07-06 17:36:45',NULL,NULL,NULL,NULL,'',4,NULL,NULL,49,17,1,4),(533,'2015-07-06 17:36:45',NULL,NULL,NULL,NULL,'',5,NULL,NULL,49,17,1,4),(534,'2015-07-06 17:36:45',NULL,NULL,NULL,NULL,'',7,NULL,NULL,49,17,1,4),(535,'2015-07-06 17:36:45',NULL,NULL,NULL,NULL,'',8,NULL,NULL,49,17,1,4),(536,'2015-07-06 17:36:45',NULL,NULL,NULL,NULL,'',10,NULL,NULL,49,17,1,4),(537,'2015-07-06 17:36:45',NULL,NULL,NULL,NULL,'',12,NULL,NULL,49,17,1,4),(538,'2015-07-06 17:36:45',NULL,NULL,NULL,NULL,'',14,NULL,NULL,49,17,1,4),(539,'2015-07-06 17:36:45',NULL,NULL,NULL,NULL,'',3,NULL,NULL,49,20,1,4),(540,'2015-07-06 17:36:45',NULL,NULL,NULL,NULL,'',7,NULL,NULL,49,20,1,4),(541,'2015-07-06 17:36:45',NULL,NULL,NULL,NULL,'',10,NULL,NULL,49,20,1,4),(542,'2015-07-06 17:36:45',NULL,NULL,NULL,NULL,'',12,NULL,NULL,49,20,1,4),(543,'2015-07-06 17:36:45',NULL,NULL,NULL,NULL,'',14,NULL,NULL,49,20,1,4),(544,'2015-07-06 17:36:45',NULL,NULL,NULL,NULL,'',3,NULL,NULL,49,21,1,4),(545,'2015-07-06 17:36:45',NULL,NULL,NULL,NULL,'',7,NULL,NULL,49,21,1,4),(546,'2015-07-06 17:36:45',NULL,NULL,NULL,NULL,'',10,NULL,NULL,49,21,1,4),(547,'2015-07-06 17:36:45',NULL,NULL,NULL,NULL,'',12,NULL,NULL,49,21,1,4),(548,'2015-07-06 17:36:45',NULL,NULL,NULL,NULL,'',14,NULL,NULL,49,21,1,4),(549,'2015-07-06 17:36:45',NULL,NULL,NULL,NULL,'',3,NULL,NULL,49,22,1,4),(550,'2015-07-06 17:36:45',NULL,NULL,NULL,NULL,'',7,NULL,NULL,49,22,1,4),(551,'2015-07-06 17:36:45',NULL,NULL,NULL,NULL,'',10,NULL,NULL,49,22,1,4),(552,'2015-07-06 17:36:45',NULL,NULL,NULL,NULL,'',12,NULL,NULL,49,22,1,4),(553,'2015-07-06 17:36:45',NULL,NULL,NULL,NULL,'',14,NULL,NULL,49,22,1,4),(554,'2015-07-06 17:36:45',NULL,NULL,NULL,NULL,'',2,NULL,NULL,49,48,1,4),(555,'2015-07-06 17:36:46',NULL,NULL,NULL,NULL,'',2,NULL,NULL,49,49,1,4),(556,'2015-07-06 17:36:46',NULL,NULL,NULL,NULL,'',2,NULL,NULL,49,50,1,4),(557,'2015-07-06 17:36:46',NULL,NULL,NULL,NULL,'',2,NULL,NULL,49,51,1,4),(558,'2015-07-06 17:36:46',NULL,NULL,NULL,NULL,'',2,NULL,NULL,49,52,1,4),(559,'2015-07-06 17:36:46',NULL,NULL,NULL,NULL,'',2,NULL,NULL,49,53,1,4),(560,'2015-07-06 17:36:46',NULL,NULL,NULL,NULL,'',2,NULL,NULL,49,54,1,4),(561,'2015-07-06 17:36:46',NULL,NULL,NULL,NULL,'',2,NULL,NULL,49,55,1,4),(562,'2015-07-06 17:36:46',NULL,NULL,NULL,NULL,'',2,NULL,NULL,49,56,1,4),(563,'2015-07-06 17:36:46',NULL,NULL,NULL,NULL,'',2,NULL,NULL,49,57,1,4),(564,'2015-07-06 17:36:46',NULL,NULL,NULL,NULL,'',2,NULL,NULL,49,58,1,4),(565,'2015-07-06 17:36:46',NULL,NULL,NULL,NULL,'',2,NULL,NULL,49,59,1,4),(566,'2015-07-06 17:36:45',NULL,NULL,NULL,NULL,'',6,NULL,NULL,49,1166,1,4),(567,'2015-07-08 15:31:59',NULL,'2015-07-08 15:38:16',NULL,'2015-07-14 00:00:00','',1,NULL,NULL,13,77,1,5),(568,'2015-07-08 15:31:59','2015-07-09 14:52:28','2015-07-08 15:38:42',NULL,'2015-07-01 00:00:00','',2,8,8,13,77,1,4),(569,'2015-07-08 15:31:59',NULL,NULL,NULL,NULL,'',3,NULL,NULL,13,77,1,4),(570,'2015-07-08 15:31:59',NULL,NULL,NULL,NULL,'',4,NULL,NULL,13,77,1,4),(571,'2015-07-08 15:31:59',NULL,NULL,NULL,NULL,'',6,NULL,NULL,13,77,1,4),(572,'2015-07-08 15:31:59',NULL,NULL,NULL,NULL,'',7,NULL,NULL,13,77,1,4),(573,'2015-07-08 15:31:59',NULL,NULL,NULL,NULL,'',8,NULL,NULL,13,77,1,4),(574,'2015-07-08 15:31:59',NULL,NULL,NULL,NULL,'',9,NULL,NULL,13,77,1,4),(575,'2015-07-08 15:31:59',NULL,NULL,NULL,NULL,'',10,NULL,NULL,13,77,1,4),(576,'2015-07-08 15:31:59',NULL,NULL,NULL,NULL,'',11,NULL,NULL,13,77,1,4),(577,'2015-07-08 15:31:59',NULL,NULL,NULL,NULL,'',12,NULL,NULL,13,77,1,4),(578,'2015-07-08 15:31:59','2015-07-09 14:39:50','2015-07-09 16:27:01','2015-07-09 16:27:20','2015-07-17 00:00:00','Most Excellent.',13,1,1,13,77,5,4),(579,'2015-07-08 15:31:59',NULL,NULL,NULL,NULL,'',15,NULL,NULL,13,77,1,4),(580,'2015-07-08 15:31:59',NULL,NULL,NULL,NULL,'',20,NULL,NULL,13,77,1,4),(581,'2015-07-08 15:31:59',NULL,NULL,NULL,NULL,'',21,NULL,NULL,13,77,1,4),(582,'2015-07-08 15:31:59',NULL,NULL,NULL,NULL,'',22,NULL,NULL,13,77,1,4),(583,'2015-07-08 15:31:59',NULL,NULL,NULL,NULL,'',23,NULL,NULL,13,77,1,4),(584,'2015-07-08 15:31:59',NULL,NULL,NULL,NULL,'',24,NULL,NULL,13,77,1,4),(585,'2015-07-08 15:31:59','2015-07-13 13:53:21','2015-07-08 15:38:16',NULL,'2015-07-14 00:00:00','',1,3,2,13,1176,1,5),(586,'2015-07-08 15:31:59','2015-07-09 14:52:28','2015-07-08 15:38:42',NULL,'2015-07-01 00:00:00','',2,8,8,13,1176,1,4),(587,'2015-07-08 15:31:59',NULL,NULL,NULL,NULL,'',3,NULL,NULL,13,1176,1,4),(588,'2015-07-08 15:31:59',NULL,NULL,NULL,NULL,'',4,NULL,NULL,13,1176,1,4),(589,'2015-07-08 15:31:59',NULL,NULL,NULL,NULL,'',6,NULL,NULL,13,1176,1,4),(590,'2015-07-08 15:31:59',NULL,NULL,NULL,NULL,'',7,NULL,NULL,13,1176,1,4),(591,'2015-07-08 15:31:59',NULL,NULL,NULL,NULL,'',8,NULL,NULL,13,1176,1,4),(592,'2015-07-08 15:31:59',NULL,NULL,NULL,NULL,'',9,NULL,NULL,13,1176,1,4),(593,'2015-07-08 15:31:59',NULL,NULL,NULL,NULL,'',10,NULL,NULL,13,1176,1,4),(594,'2015-07-08 15:31:59',NULL,NULL,NULL,NULL,'',11,NULL,NULL,13,1176,1,4),(595,'2015-07-08 15:31:59',NULL,NULL,NULL,NULL,'',12,NULL,NULL,13,1176,1,4),(596,'2015-07-08 15:31:59','2015-07-09 14:39:50','2015-07-09 16:27:01','2015-07-09 16:27:20','2015-07-17 00:00:00','',13,1,1,13,1176,5,4),(597,'2015-07-08 15:31:59',NULL,NULL,NULL,NULL,'',15,NULL,NULL,13,1176,1,4),(598,'2015-07-08 15:31:59','2015-07-10 11:30:39','2015-07-10 12:18:09',NULL,NULL,'',18,1,2,13,1176,1,4),(599,'2015-07-08 15:31:59',NULL,NULL,NULL,NULL,'',20,NULL,NULL,13,1176,1,4),(600,'2015-07-08 15:31:59',NULL,NULL,NULL,NULL,'',21,NULL,NULL,13,1176,1,4),(601,'2015-07-08 15:31:59',NULL,NULL,NULL,NULL,'',22,NULL,NULL,13,1176,1,4),(602,'2015-07-08 15:31:59',NULL,NULL,NULL,NULL,'',23,NULL,NULL,13,1176,1,4),(603,'2015-07-08 15:31:59',NULL,NULL,NULL,NULL,'',24,NULL,NULL,13,1176,1,4),(604,'2015-07-08 15:31:59','2015-07-13 13:53:21','2015-07-08 15:38:16',NULL,'2015-07-14 00:00:00','Comment on this #18160 #124 And #129135 #18161',1,3,2,13,1200,1,5),(605,'2015-07-08 15:31:59','2015-07-09 14:52:28','2015-07-08 15:38:42',NULL,'2015-07-01 00:00:00','',2,8,8,13,1200,1,4),(606,'2015-07-08 15:31:59',NULL,NULL,NULL,NULL,'',3,NULL,NULL,13,1200,1,4),(607,'2015-07-08 15:31:59',NULL,NULL,NULL,NULL,'',4,NULL,NULL,13,1200,1,4),(608,'2015-07-08 15:31:59',NULL,NULL,NULL,NULL,'',6,NULL,NULL,13,1200,1,4),(609,'2015-07-08 15:31:59',NULL,NULL,NULL,NULL,'',7,NULL,NULL,13,1200,1,4),(610,'2015-07-08 15:31:59',NULL,NULL,NULL,NULL,'',8,NULL,NULL,13,1200,1,4),(611,'2015-07-08 15:31:59',NULL,NULL,NULL,NULL,'',9,NULL,NULL,13,1200,1,4),(612,'2015-07-08 15:31:59',NULL,NULL,NULL,NULL,'',10,NULL,NULL,13,1200,1,4),(613,'2015-07-08 15:31:59',NULL,NULL,NULL,NULL,'',11,NULL,NULL,13,1200,1,4),(614,'2015-07-08 15:31:59',NULL,NULL,NULL,NULL,'',12,NULL,NULL,13,1200,1,4),(615,'2015-07-08 15:31:59','2015-07-09 14:39:50','2015-07-09 16:27:01','2015-07-09 16:27:20','2015-07-17 00:00:00','',13,1,1,13,1200,5,4),(616,'2015-07-08 15:31:59',NULL,NULL,NULL,NULL,'',15,NULL,NULL,13,1200,1,4),(617,'2015-07-08 15:31:59','2015-07-10 11:30:39','2015-07-10 12:18:09',NULL,NULL,'',18,1,2,13,1200,1,4),(618,'2015-07-08 15:31:59',NULL,NULL,NULL,NULL,'',20,NULL,NULL,13,1200,1,4),(619,'2015-07-08 15:31:59',NULL,NULL,NULL,NULL,'',21,NULL,NULL,13,1200,1,4),(620,'2015-07-08 15:31:59',NULL,NULL,NULL,NULL,'',22,NULL,NULL,13,1200,1,4),(621,'2015-07-08 15:31:59',NULL,NULL,NULL,NULL,'',23,NULL,NULL,13,1200,1,4),(622,'2015-07-08 15:31:59',NULL,NULL,NULL,NULL,'',24,NULL,NULL,13,1200,1,4),(623,'2015-07-08 15:32:00','2015-07-13 13:53:21','2015-07-08 15:38:16',NULL,'2015-07-14 00:00:00','',1,3,2,13,1201,1,5),(624,'2015-07-08 15:32:00','2015-07-09 14:52:28','2015-07-08 15:38:50',NULL,'2015-07-01 00:00:00','',2,8,8,13,1201,1,4),(625,'2015-07-08 15:32:00',NULL,NULL,NULL,NULL,'',3,NULL,NULL,13,1201,1,4),(626,'2015-07-08 15:32:00',NULL,NULL,NULL,NULL,'',4,NULL,NULL,13,1201,1,4),(627,'2015-07-08 15:32:00',NULL,NULL,NULL,NULL,'',6,NULL,NULL,13,1201,1,4),(628,'2015-07-08 15:32:00',NULL,NULL,NULL,NULL,'',7,NULL,NULL,13,1201,1,4),(629,'2015-07-08 15:32:00',NULL,NULL,NULL,NULL,'',8,NULL,NULL,13,1201,1,4),(630,'2015-07-08 15:32:00',NULL,NULL,NULL,NULL,'',9,NULL,NULL,13,1201,1,4),(631,'2015-07-08 15:32:00',NULL,NULL,NULL,NULL,'',10,NULL,NULL,13,1201,1,4),(632,'2015-07-08 15:32:00',NULL,NULL,NULL,NULL,'',11,NULL,NULL,13,1201,1,4),(633,'2015-07-08 15:32:00',NULL,NULL,NULL,NULL,'',12,NULL,NULL,13,1201,1,4),(634,'2015-07-08 15:32:00','2015-07-09 14:39:50','2015-07-09 16:27:01','2015-07-09 16:27:09','2015-07-17 00:00:00','This Passed',13,1,1,13,1201,2,4),(635,'2015-07-08 15:32:00',NULL,NULL,NULL,NULL,'',15,NULL,NULL,13,1201,1,4),(636,'2015-07-08 15:32:00','2015-07-10 11:30:39',NULL,NULL,NULL,'',18,1,2,13,1201,1,4),(637,'2015-07-08 15:32:00',NULL,NULL,NULL,NULL,'',20,NULL,NULL,13,1201,1,4),(638,'2015-07-08 15:32:00',NULL,NULL,NULL,NULL,'',21,NULL,NULL,13,1201,1,4),(639,'2015-07-08 15:32:00',NULL,NULL,NULL,NULL,'',22,NULL,NULL,13,1201,1,4),(640,'2015-07-08 15:32:00',NULL,NULL,NULL,NULL,'',23,NULL,NULL,13,1201,1,4),(641,'2015-07-08 15:32:00',NULL,NULL,NULL,NULL,'',24,NULL,NULL,13,1201,1,4),(642,'2015-07-08 15:32:00','2015-07-13 13:53:21','2015-07-08 15:38:23','2015-07-10 13:47:14','2015-07-14 00:00:00','',1,3,2,13,1203,2,5),(643,'2015-07-08 15:32:00','2015-07-09 14:52:28','2015-07-08 15:38:42','2015-07-08 15:38:45','2015-07-01 00:00:00','',2,8,8,13,1203,2,4),(644,'2015-07-08 15:32:00',NULL,NULL,NULL,NULL,'',4,NULL,NULL,13,1203,1,4),(645,'2015-07-08 15:32:00',NULL,NULL,NULL,NULL,'',6,NULL,NULL,13,1203,1,4),(646,'2015-07-08 15:32:00',NULL,NULL,NULL,NULL,'',7,NULL,NULL,13,1203,1,4),(647,'2015-07-08 15:32:00',NULL,NULL,NULL,NULL,'',8,NULL,NULL,13,1203,1,4),(648,'2015-07-08 15:32:00',NULL,NULL,NULL,NULL,'',9,NULL,NULL,13,1203,1,4),(649,'2015-07-08 15:32:00',NULL,NULL,NULL,NULL,'',10,NULL,NULL,13,1203,1,4),(650,'2015-07-08 15:32:00',NULL,NULL,NULL,NULL,'',11,NULL,NULL,13,1203,1,4),(651,'2015-07-08 15:32:00',NULL,NULL,NULL,NULL,'',12,NULL,NULL,13,1203,1,4),(652,'2015-07-08 15:32:00','2015-07-09 14:39:50','2015-07-09 16:27:13','2015-07-09 16:27:20','2015-07-17 00:00:00','This Passed',13,1,1,13,1203,2,4),(653,'2015-07-08 15:32:00',NULL,NULL,NULL,NULL,'',15,NULL,NULL,13,1203,1,4),(654,'2015-07-08 15:32:00','2015-07-10 11:30:39','2015-07-10 12:18:09','2015-07-10 12:18:11',NULL,'#0018160',18,1,2,13,1203,3,4),(655,'2015-07-08 15:32:00',NULL,NULL,NULL,NULL,'',20,NULL,NULL,13,1203,1,4),(656,'2015-07-08 15:32:00',NULL,NULL,NULL,NULL,'',21,NULL,NULL,13,1203,1,4),(657,'2015-07-08 15:32:00',NULL,NULL,NULL,NULL,'',22,NULL,NULL,13,1203,1,4),(658,'2015-07-08 15:32:00',NULL,NULL,NULL,NULL,'',23,NULL,NULL,13,1203,1,4),(659,'2015-07-08 15:32:00',NULL,NULL,NULL,NULL,'',24,NULL,NULL,13,1203,1,4),(660,'2015-07-08 15:31:59',NULL,NULL,NULL,NULL,'',1,NULL,NULL,13,1197,1,2),(661,'2015-07-08 15:31:59','2015-07-09 14:52:28',NULL,NULL,'2015-07-01 00:00:00','',2,8,8,13,1197,1,4),(662,'2015-07-08 15:31:59',NULL,NULL,NULL,NULL,'',3,NULL,NULL,13,1197,1,4),(663,'2015-07-08 15:31:59',NULL,NULL,NULL,NULL,'',4,NULL,NULL,13,1197,1,4),(664,'2015-07-08 15:31:59',NULL,NULL,NULL,NULL,'',6,NULL,NULL,13,1197,1,4),(665,'2015-07-08 15:31:59',NULL,NULL,NULL,NULL,'',7,NULL,NULL,13,1197,1,4),(666,'2015-07-08 15:31:59',NULL,NULL,NULL,NULL,'',8,NULL,NULL,13,1197,1,4),(667,'2015-07-08 15:31:59',NULL,NULL,NULL,NULL,'',9,NULL,NULL,13,1197,1,4),(668,'2015-07-08 15:31:59',NULL,NULL,NULL,NULL,'',10,NULL,NULL,13,1197,1,4),(669,'2015-07-08 15:31:59',NULL,NULL,NULL,NULL,'',15,NULL,NULL,13,1197,1,4),(670,'2015-07-08 15:31:59','2015-07-10 11:30:39',NULL,NULL,NULL,'',18,1,2,13,1197,1,4),(671,'2015-07-08 15:31:59',NULL,NULL,NULL,NULL,'',20,NULL,NULL,13,1197,1,4),(672,'2015-07-08 15:31:59',NULL,NULL,NULL,NULL,'',22,NULL,NULL,13,1197,1,4),(673,'2015-07-08 15:31:59',NULL,NULL,NULL,NULL,'',23,NULL,NULL,13,1197,1,4),(674,'2015-07-08 15:31:59',NULL,NULL,NULL,NULL,'',24,NULL,NULL,13,1197,1,4),(675,'2015-07-08 15:31:59',NULL,NULL,NULL,NULL,'',1,NULL,NULL,13,1195,1,6),(676,'2015-07-08 15:31:59',NULL,NULL,NULL,NULL,'',2,NULL,NULL,13,1195,1,4),(677,'2015-07-08 15:31:59',NULL,NULL,NULL,NULL,'',3,NULL,NULL,13,1195,1,4),(678,'2015-07-08 15:31:59',NULL,NULL,NULL,NULL,'',4,NULL,NULL,13,1195,1,4),(679,'2015-07-08 15:31:59',NULL,NULL,NULL,NULL,'',6,NULL,NULL,13,1195,1,4),(680,'2015-07-08 15:31:59',NULL,NULL,NULL,NULL,'',7,NULL,NULL,13,1195,1,4),(681,'2015-07-08 15:31:59',NULL,NULL,NULL,NULL,'',8,NULL,NULL,13,1195,1,4),(682,'2015-07-08 15:31:59',NULL,NULL,NULL,NULL,'',9,NULL,NULL,13,1195,1,4),(683,'2015-07-08 15:31:59',NULL,NULL,NULL,NULL,'',10,NULL,NULL,13,1195,1,4),(684,'2015-07-08 15:31:59',NULL,NULL,NULL,NULL,'',11,NULL,NULL,13,1195,1,4),(685,'2015-07-08 15:31:59',NULL,NULL,NULL,NULL,'',12,NULL,NULL,13,1195,1,4),(686,'2015-07-08 15:31:59',NULL,NULL,NULL,NULL,'',13,NULL,NULL,13,1195,1,4),(687,'2015-07-08 15:31:59',NULL,NULL,NULL,NULL,'',15,NULL,NULL,13,1195,1,4),(688,'2015-07-08 15:31:59',NULL,NULL,NULL,NULL,'',18,NULL,NULL,13,1195,1,4),(689,'2015-07-08 15:31:59',NULL,NULL,NULL,NULL,'',20,NULL,NULL,13,1195,1,4),(690,'2015-07-08 15:31:59',NULL,NULL,NULL,NULL,'',21,NULL,NULL,13,1195,1,4),(691,'2015-07-08 15:31:59',NULL,NULL,NULL,NULL,'',22,NULL,NULL,13,1195,1,4),(692,'2015-07-08 15:31:59',NULL,NULL,NULL,NULL,'',23,NULL,NULL,13,1195,1,4),(693,'2015-07-08 15:31:59',NULL,NULL,NULL,NULL,'',24,NULL,NULL,13,1195,1,4),(694,'2015-07-08 15:32:01',NULL,NULL,NULL,NULL,'',1,NULL,NULL,13,1196,1,6),(695,'2015-07-08 15:32:01',NULL,NULL,NULL,NULL,'',2,NULL,NULL,13,1196,1,4),(696,'2015-07-08 15:32:01',NULL,NULL,NULL,NULL,'',3,NULL,NULL,13,1196,1,4),(697,'2015-07-08 15:32:01',NULL,NULL,NULL,NULL,'',4,NULL,NULL,13,1196,1,4),(698,'2015-07-08 15:32:01',NULL,NULL,NULL,NULL,'',6,NULL,NULL,13,1196,1,4),(699,'2015-07-08 15:32:01',NULL,NULL,NULL,NULL,'',7,NULL,NULL,13,1196,1,4),(700,'2015-07-08 15:32:01',NULL,NULL,NULL,NULL,'',8,NULL,NULL,13,1196,1,4),(701,'2015-07-08 15:32:01',NULL,NULL,NULL,NULL,'',9,NULL,NULL,13,1196,1,4),(702,'2015-07-08 15:32:01',NULL,NULL,NULL,NULL,'',10,NULL,NULL,13,1196,1,4),(703,'2015-07-08 15:32:01',NULL,NULL,NULL,NULL,'',11,NULL,NULL,13,1196,1,4),(704,'2015-07-08 15:32:01',NULL,NULL,NULL,NULL,'',12,NULL,NULL,13,1196,1,4),(705,'2015-07-08 15:32:01',NULL,NULL,NULL,NULL,'',13,NULL,NULL,13,1196,1,4),(706,'2015-07-08 15:32:01',NULL,NULL,NULL,NULL,'',15,NULL,NULL,13,1196,1,4),(707,'2015-07-08 15:32:01',NULL,NULL,NULL,NULL,'',18,NULL,NULL,13,1196,1,4),(708,'2015-07-08 15:32:01',NULL,NULL,NULL,NULL,'',20,NULL,NULL,13,1196,1,4),(709,'2015-07-08 15:32:01',NULL,NULL,NULL,NULL,'',21,NULL,NULL,13,1196,1,4),(710,'2015-07-08 15:32:01',NULL,NULL,NULL,NULL,'',22,NULL,NULL,13,1196,1,4),(711,'2015-07-08 15:32:01',NULL,NULL,NULL,NULL,'',23,NULL,NULL,13,1196,1,4),(712,'2015-07-08 15:32:01',NULL,NULL,NULL,NULL,'',24,NULL,NULL,13,1196,1,4),(713,'2015-07-08 15:32:01',NULL,NULL,NULL,NULL,'',1,NULL,NULL,13,1198,1,6),(714,'2015-07-08 15:32:01',NULL,NULL,NULL,NULL,'',2,NULL,NULL,13,1198,1,4),(715,'2015-07-08 15:32:01',NULL,NULL,NULL,NULL,'',3,NULL,NULL,13,1198,1,4),(716,'2015-07-08 15:32:01',NULL,NULL,NULL,NULL,'',4,NULL,NULL,13,1198,1,4),(717,'2015-07-08 15:32:01',NULL,NULL,NULL,NULL,'',6,NULL,NULL,13,1198,1,4),(718,'2015-07-08 15:32:01',NULL,NULL,NULL,NULL,'',7,NULL,NULL,13,1198,1,4),(719,'2015-07-08 15:32:01',NULL,NULL,NULL,NULL,'',8,NULL,NULL,13,1198,1,4),(720,'2015-07-08 15:32:01',NULL,NULL,NULL,NULL,'',9,NULL,NULL,13,1198,1,4),(721,'2015-07-08 15:32:01',NULL,NULL,NULL,NULL,'',10,NULL,NULL,13,1198,1,4),(722,'2015-07-08 15:32:01',NULL,NULL,NULL,NULL,'',11,NULL,NULL,13,1198,1,4),(723,'2015-07-08 15:32:01',NULL,NULL,NULL,NULL,'',12,NULL,NULL,13,1198,1,4),(724,'2015-07-08 15:32:01',NULL,NULL,NULL,NULL,'',13,NULL,NULL,13,1198,1,4),(725,'2015-07-08 15:32:01',NULL,NULL,NULL,NULL,'',15,NULL,NULL,13,1198,1,4),(726,'2015-07-08 15:32:01',NULL,NULL,NULL,NULL,'',18,NULL,NULL,13,1198,1,4),(727,'2015-07-08 15:32:01',NULL,NULL,NULL,NULL,'',20,NULL,NULL,13,1198,1,4),(728,'2015-07-08 15:32:01',NULL,NULL,NULL,NULL,'',21,NULL,NULL,13,1198,1,4),(729,'2015-07-08 15:32:01',NULL,NULL,NULL,NULL,'',22,NULL,NULL,13,1198,1,4),(730,'2015-07-08 15:32:01',NULL,NULL,NULL,NULL,'',23,NULL,NULL,13,1198,1,4),(731,'2015-07-08 15:32:01',NULL,NULL,NULL,NULL,'',24,NULL,NULL,13,1198,1,4),(732,'2015-07-08 15:32:01',NULL,NULL,NULL,NULL,'',1,NULL,NULL,13,1199,1,6),(733,'2015-07-08 15:32:01',NULL,NULL,NULL,NULL,'',2,NULL,NULL,13,1199,1,4),(734,'2015-07-08 15:32:01',NULL,NULL,NULL,NULL,'',3,NULL,NULL,13,1199,1,4),(735,'2015-07-08 15:32:01',NULL,NULL,NULL,NULL,'',4,NULL,NULL,13,1199,1,4),(736,'2015-07-08 15:32:01',NULL,NULL,NULL,NULL,'',6,NULL,NULL,13,1199,1,4),(737,'2015-07-08 15:32:01',NULL,NULL,NULL,NULL,'',7,NULL,NULL,13,1199,1,4),(738,'2015-07-08 15:32:01',NULL,NULL,NULL,NULL,'',8,NULL,NULL,13,1199,1,4),(739,'2015-07-08 15:32:01',NULL,NULL,NULL,NULL,'',9,NULL,NULL,13,1199,1,4),(740,'2015-07-08 15:32:01',NULL,NULL,NULL,NULL,'',10,NULL,NULL,13,1199,1,4),(741,'2015-07-08 15:32:01',NULL,NULL,NULL,NULL,'',11,NULL,NULL,13,1199,1,4),(742,'2015-07-08 15:32:01',NULL,NULL,NULL,NULL,'',12,NULL,NULL,13,1199,1,4),(743,'2015-07-08 15:32:01',NULL,NULL,NULL,NULL,'',13,NULL,NULL,13,1199,1,4),(744,'2015-07-08 15:32:01',NULL,NULL,NULL,NULL,'',15,NULL,NULL,13,1199,1,4),(745,'2015-07-08 15:32:01',NULL,NULL,NULL,NULL,'',18,NULL,NULL,13,1199,1,4),(746,'2015-07-08 15:32:01',NULL,NULL,NULL,NULL,'',20,NULL,NULL,13,1199,1,4),(747,'2015-07-08 15:32:01',NULL,NULL,NULL,NULL,'',21,NULL,NULL,13,1199,1,4),(748,'2015-07-08 15:32:01',NULL,NULL,NULL,NULL,'',22,NULL,NULL,13,1199,1,4),(749,'2015-07-08 15:32:01',NULL,NULL,NULL,NULL,'',23,NULL,NULL,13,1199,1,4),(750,'2015-07-08 15:32:01',NULL,NULL,NULL,NULL,'',24,NULL,NULL,13,1199,1,4),(751,'2015-07-08 15:34:30',NULL,NULL,NULL,NULL,'',4,NULL,NULL,13,1202,1,4),(752,'2015-07-08 15:34:30',NULL,NULL,NULL,NULL,'',7,NULL,NULL,13,1202,1,4),(753,'2015-07-08 15:34:30',NULL,NULL,NULL,NULL,'',9,NULL,NULL,13,1202,1,4),(754,'2015-07-08 15:34:30',NULL,NULL,NULL,NULL,'',12,NULL,NULL,13,1202,1,4),(755,'2015-07-08 15:34:30',NULL,NULL,NULL,NULL,'',21,NULL,NULL,13,1202,1,4),(756,'2015-07-08 15:39:55',NULL,NULL,NULL,NULL,'',1,NULL,NULL,48,77,1,4),(757,'2015-07-08 15:39:55',NULL,NULL,NULL,NULL,'',2,NULL,NULL,48,77,1,4),(758,'2015-07-08 15:39:55',NULL,NULL,NULL,NULL,'',3,NULL,NULL,48,77,1,4),(759,'2015-07-08 15:39:55',NULL,NULL,NULL,NULL,'',4,NULL,NULL,48,77,1,4),(760,'2015-07-08 15:39:55',NULL,NULL,NULL,NULL,'',6,NULL,NULL,48,77,1,4),(761,'2015-07-08 15:39:55',NULL,NULL,NULL,NULL,'',7,NULL,NULL,48,77,1,4),(762,'2015-07-08 15:39:55',NULL,NULL,NULL,NULL,'',8,NULL,NULL,48,77,1,4),(763,'2015-07-08 15:39:55',NULL,NULL,NULL,NULL,'',9,NULL,NULL,48,77,1,4),(764,'2015-07-08 15:39:55',NULL,NULL,NULL,NULL,'',10,NULL,NULL,48,77,1,4),(765,'2015-07-08 15:39:55',NULL,NULL,NULL,NULL,'',11,NULL,NULL,48,77,1,4),(766,'2015-07-08 15:39:55',NULL,NULL,NULL,NULL,'',12,NULL,NULL,48,77,1,4),(767,'2015-07-08 15:39:55',NULL,NULL,NULL,NULL,'',13,NULL,NULL,48,77,1,4),(768,'2015-07-08 15:39:55',NULL,NULL,NULL,NULL,'',15,NULL,NULL,48,77,1,4),(769,'2015-07-08 15:39:55',NULL,NULL,NULL,NULL,'',18,NULL,NULL,48,77,1,4),(770,'2015-07-08 15:39:55',NULL,NULL,NULL,NULL,'',20,NULL,NULL,48,77,1,4),(771,'2015-07-08 15:39:55',NULL,NULL,NULL,NULL,'',21,NULL,NULL,48,77,1,4),(772,'2015-07-08 15:39:55',NULL,NULL,NULL,NULL,'',22,NULL,NULL,48,77,1,4),(773,'2015-07-08 15:39:55',NULL,NULL,NULL,NULL,'',23,NULL,NULL,48,77,1,4),(774,'2015-07-08 15:39:55',NULL,NULL,NULL,NULL,'',24,NULL,NULL,48,77,1,4),(775,'2015-07-08 15:39:55',NULL,NULL,NULL,NULL,'',1,NULL,NULL,48,1176,1,4),(776,'2015-07-08 15:39:55',NULL,NULL,NULL,NULL,'',2,NULL,NULL,48,1176,1,4),(777,'2015-07-08 15:39:55',NULL,NULL,NULL,NULL,'',3,NULL,NULL,48,1176,1,4),(778,'2015-07-08 15:39:55',NULL,NULL,NULL,NULL,'',4,NULL,NULL,48,1176,1,4),(779,'2015-07-08 15:39:55',NULL,NULL,NULL,NULL,'',6,NULL,NULL,48,1176,1,4),(780,'2015-07-08 15:39:55',NULL,NULL,NULL,NULL,'',7,NULL,NULL,48,1176,1,4),(781,'2015-07-08 15:39:55',NULL,NULL,NULL,NULL,'',8,NULL,NULL,48,1176,1,4),(782,'2015-07-08 15:39:55',NULL,NULL,NULL,NULL,'',9,NULL,NULL,48,1176,1,4),(783,'2015-07-08 15:39:55',NULL,NULL,NULL,NULL,'',10,NULL,NULL,48,1176,1,4),(784,'2015-07-08 15:39:55',NULL,NULL,NULL,NULL,'',11,NULL,NULL,48,1176,1,4),(785,'2015-07-08 15:39:55',NULL,NULL,NULL,NULL,'',12,NULL,NULL,48,1176,1,4),(786,'2015-07-08 15:39:55',NULL,NULL,NULL,NULL,'',13,NULL,NULL,48,1176,1,4),(787,'2015-07-08 15:39:55',NULL,NULL,NULL,NULL,'',15,NULL,NULL,48,1176,1,4),(788,'2015-07-08 15:39:55',NULL,NULL,NULL,NULL,'',18,NULL,NULL,48,1176,1,4),(789,'2015-07-08 15:39:55',NULL,NULL,NULL,NULL,'',20,NULL,NULL,48,1176,1,4),(790,'2015-07-08 15:39:55',NULL,NULL,NULL,NULL,'',21,NULL,NULL,48,1176,1,4),(791,'2015-07-08 15:39:55',NULL,NULL,NULL,NULL,'',22,NULL,NULL,48,1176,1,4),(792,'2015-07-08 15:39:55',NULL,NULL,NULL,NULL,'',23,NULL,NULL,48,1176,1,4),(793,'2015-07-08 15:39:55',NULL,NULL,NULL,NULL,'',24,NULL,NULL,48,1176,1,4),(794,'2015-07-08 15:39:56',NULL,NULL,NULL,NULL,'',1,NULL,NULL,48,1200,1,4),(795,'2015-07-08 15:39:56',NULL,NULL,NULL,NULL,'',2,NULL,NULL,48,1200,1,4),(796,'2015-07-08 15:39:56',NULL,NULL,NULL,NULL,'',3,NULL,NULL,48,1200,1,4),(797,'2015-07-08 15:39:56',NULL,NULL,NULL,NULL,'',4,NULL,NULL,48,1200,1,4),(798,'2015-07-08 15:39:56',NULL,NULL,NULL,NULL,'',6,NULL,NULL,48,1200,1,4),(799,'2015-07-08 15:39:56',NULL,NULL,NULL,NULL,'',7,NULL,NULL,48,1200,1,4),(800,'2015-07-08 15:39:56',NULL,NULL,NULL,NULL,'',8,NULL,NULL,48,1200,1,4),(801,'2015-07-08 15:39:56',NULL,NULL,NULL,NULL,'',9,NULL,NULL,48,1200,1,4),(802,'2015-07-08 15:39:56',NULL,NULL,NULL,NULL,'',10,NULL,NULL,48,1200,1,4),(803,'2015-07-08 15:39:56',NULL,NULL,NULL,NULL,'',11,NULL,NULL,48,1200,1,4),(804,'2015-07-08 15:39:56',NULL,NULL,NULL,NULL,'',12,NULL,NULL,48,1200,1,4),(805,'2015-07-08 15:39:56',NULL,NULL,NULL,NULL,'',13,NULL,NULL,48,1200,1,4),(806,'2015-07-08 15:39:56',NULL,NULL,NULL,NULL,'',15,NULL,NULL,48,1200,1,4),(807,'2015-07-08 15:39:56',NULL,NULL,NULL,NULL,'',18,NULL,NULL,48,1200,1,4),(808,'2015-07-08 15:39:56',NULL,NULL,NULL,NULL,'',20,NULL,NULL,48,1200,1,4),(809,'2015-07-08 15:39:56',NULL,NULL,NULL,NULL,'',21,NULL,NULL,48,1200,1,4),(810,'2015-07-08 15:39:56',NULL,NULL,NULL,NULL,'',22,NULL,NULL,48,1200,1,4),(811,'2015-07-08 15:39:56',NULL,NULL,NULL,NULL,'',23,NULL,NULL,48,1200,1,4),(812,'2015-07-08 15:39:56',NULL,NULL,NULL,NULL,'',24,NULL,NULL,48,1200,1,4),(813,'2015-07-08 15:39:56',NULL,NULL,NULL,NULL,'',1,NULL,NULL,48,1201,1,4),(814,'2015-07-08 15:39:56',NULL,NULL,NULL,NULL,'',2,NULL,NULL,48,1201,1,4),(815,'2015-07-08 15:39:56',NULL,NULL,NULL,NULL,'',3,NULL,NULL,48,1201,1,4),(816,'2015-07-08 15:39:56',NULL,NULL,NULL,NULL,'',4,NULL,NULL,48,1201,1,4),(817,'2015-07-08 15:39:56',NULL,NULL,NULL,NULL,'',6,NULL,NULL,48,1201,1,4),(818,'2015-07-08 15:39:56',NULL,NULL,NULL,NULL,'',7,NULL,NULL,48,1201,1,4),(819,'2015-07-08 15:39:56',NULL,NULL,NULL,NULL,'',8,NULL,NULL,48,1201,1,4),(820,'2015-07-08 15:39:56',NULL,NULL,NULL,NULL,'',9,NULL,NULL,48,1201,1,4),(821,'2015-07-08 15:39:56',NULL,NULL,NULL,NULL,'',10,NULL,NULL,48,1201,1,4),(822,'2015-07-08 15:39:56',NULL,NULL,NULL,NULL,'',11,NULL,NULL,48,1201,1,4),(823,'2015-07-08 15:39:56',NULL,NULL,NULL,NULL,'',12,NULL,NULL,48,1201,1,4),(824,'2015-07-08 15:39:56',NULL,NULL,NULL,NULL,'',13,NULL,NULL,48,1201,1,4),(825,'2015-07-08 15:39:56',NULL,NULL,NULL,NULL,'',15,NULL,NULL,48,1201,1,4),(826,'2015-07-08 15:39:56',NULL,NULL,NULL,NULL,'',18,NULL,NULL,48,1201,1,4),(827,'2015-07-08 15:39:56',NULL,NULL,NULL,NULL,'',20,NULL,NULL,48,1201,1,4),(828,'2015-07-08 15:39:56',NULL,NULL,NULL,NULL,'',21,NULL,NULL,48,1201,1,4),(829,'2015-07-08 15:39:56',NULL,NULL,NULL,NULL,'',22,NULL,NULL,48,1201,1,4),(830,'2015-07-08 15:39:56',NULL,NULL,NULL,NULL,'',23,NULL,NULL,48,1201,1,4),(831,'2015-07-08 15:39:56',NULL,NULL,NULL,NULL,'',24,NULL,NULL,48,1201,1,4),(832,'2015-07-08 15:39:56',NULL,NULL,NULL,NULL,'',1,NULL,NULL,48,1203,1,4),(833,'2015-07-08 15:39:56',NULL,NULL,NULL,NULL,'',2,NULL,NULL,48,1203,1,4),(834,'2015-07-08 15:39:56',NULL,NULL,NULL,NULL,'',3,NULL,NULL,48,1203,1,4),(835,'2015-07-08 15:39:56',NULL,NULL,NULL,NULL,'',4,NULL,NULL,48,1203,1,4),(836,'2015-07-08 15:39:56',NULL,NULL,NULL,NULL,'',6,NULL,NULL,48,1203,1,4),(837,'2015-07-08 15:39:56',NULL,NULL,NULL,NULL,'',7,NULL,NULL,48,1203,1,4),(838,'2015-07-08 15:39:56',NULL,NULL,NULL,NULL,'',8,NULL,NULL,48,1203,1,4),(839,'2015-07-08 15:39:56',NULL,NULL,NULL,NULL,'',9,NULL,NULL,48,1203,1,4),(840,'2015-07-08 15:39:56',NULL,NULL,NULL,NULL,'',10,NULL,NULL,48,1203,1,4),(841,'2015-07-08 15:39:56',NULL,NULL,NULL,NULL,'',11,NULL,NULL,48,1203,1,4),(842,'2015-07-08 15:39:56',NULL,NULL,NULL,NULL,'',12,NULL,NULL,48,1203,1,4),(843,'2015-07-08 15:39:56',NULL,NULL,NULL,NULL,'',13,NULL,NULL,48,1203,1,4),(844,'2015-07-08 15:39:56',NULL,NULL,NULL,NULL,'',15,NULL,NULL,48,1203,1,4),(845,'2015-07-08 15:39:56',NULL,NULL,NULL,NULL,'',18,NULL,NULL,48,1203,1,4),(846,'2015-07-08 15:39:56',NULL,NULL,NULL,NULL,'',20,NULL,NULL,48,1203,1,4),(847,'2015-07-08 15:39:56',NULL,NULL,NULL,NULL,'',21,NULL,NULL,48,1203,1,4),(848,'2015-07-08 15:39:56',NULL,NULL,NULL,NULL,'',22,NULL,NULL,48,1203,1,4),(849,'2015-07-08 15:39:56',NULL,NULL,NULL,NULL,'',23,NULL,NULL,48,1203,1,4),(850,'2015-07-08 15:39:56',NULL,NULL,NULL,NULL,'',24,NULL,NULL,48,1203,1,4),(851,'2015-07-08 15:39:55',NULL,NULL,NULL,NULL,'',1,NULL,NULL,48,1197,1,4),(852,'2015-07-08 15:39:55',NULL,NULL,NULL,NULL,'',2,NULL,NULL,48,1197,1,4),(853,'2015-07-08 15:39:55',NULL,NULL,NULL,NULL,'',3,NULL,NULL,48,1197,1,4),(854,'2015-07-08 15:39:55',NULL,NULL,NULL,NULL,'',4,NULL,NULL,48,1197,1,4),(855,'2015-07-08 15:39:55',NULL,NULL,NULL,NULL,'',6,NULL,NULL,48,1197,1,4),(856,'2015-07-08 15:39:55',NULL,NULL,NULL,NULL,'',7,NULL,NULL,48,1197,1,4),(857,'2015-07-08 15:39:55',NULL,NULL,NULL,NULL,'',8,NULL,NULL,48,1197,1,4),(858,'2015-07-08 15:39:55',NULL,NULL,NULL,NULL,'',9,NULL,NULL,48,1197,1,4),(859,'2015-07-08 15:39:55',NULL,NULL,NULL,NULL,'',10,NULL,NULL,48,1197,1,4),(860,'2015-07-08 15:39:55',NULL,NULL,NULL,NULL,'',15,NULL,NULL,48,1197,1,4),(861,'2015-07-08 15:39:55',NULL,NULL,NULL,NULL,'',18,NULL,NULL,48,1197,1,4),(862,'2015-07-08 15:39:55',NULL,NULL,NULL,NULL,'',20,NULL,NULL,48,1197,1,4),(863,'2015-07-08 15:39:55',NULL,NULL,NULL,NULL,'',22,NULL,NULL,48,1197,1,4),(864,'2015-07-08 15:39:55',NULL,NULL,NULL,NULL,'',23,NULL,NULL,48,1197,1,4),(865,'2015-07-08 15:39:55',NULL,NULL,NULL,NULL,'',24,NULL,NULL,48,1197,1,4),(866,'2015-07-08 15:39:55',NULL,NULL,NULL,NULL,'',1,NULL,NULL,48,1195,1,4),(867,'2015-07-08 15:39:55',NULL,NULL,NULL,NULL,'',2,NULL,NULL,48,1195,1,4),(868,'2015-07-08 15:39:55',NULL,NULL,NULL,NULL,'',3,NULL,NULL,48,1195,1,4),(869,'2015-07-08 15:39:55',NULL,NULL,NULL,NULL,'',4,NULL,NULL,48,1195,1,4),(870,'2015-07-08 15:39:55',NULL,NULL,NULL,NULL,'',6,NULL,NULL,48,1195,1,4),(871,'2015-07-08 15:39:55',NULL,NULL,NULL,NULL,'',7,NULL,NULL,48,1195,1,4),(872,'2015-07-08 15:39:55',NULL,NULL,NULL,NULL,'',8,NULL,NULL,48,1195,1,4),(873,'2015-07-08 15:39:55',NULL,NULL,NULL,NULL,'',9,NULL,NULL,48,1195,1,4),(874,'2015-07-08 15:39:55',NULL,NULL,NULL,NULL,'',10,NULL,NULL,48,1195,1,4),(875,'2015-07-08 15:39:55',NULL,NULL,NULL,NULL,'',11,NULL,NULL,48,1195,1,4),(876,'2015-07-08 15:39:55',NULL,NULL,NULL,NULL,'',12,NULL,NULL,48,1195,1,4),(877,'2015-07-08 15:39:55',NULL,NULL,NULL,NULL,'',13,NULL,NULL,48,1195,1,4),(878,'2015-07-08 15:39:55',NULL,NULL,NULL,NULL,'',15,NULL,NULL,48,1195,1,4),(879,'2015-07-08 15:39:55',NULL,NULL,NULL,NULL,'',18,NULL,NULL,48,1195,1,4),(880,'2015-07-08 15:39:55',NULL,NULL,NULL,NULL,'',20,NULL,NULL,48,1195,1,4),(881,'2015-07-08 15:39:55',NULL,NULL,NULL,NULL,'',21,NULL,NULL,48,1195,1,4),(882,'2015-07-08 15:39:55',NULL,NULL,NULL,NULL,'',22,NULL,NULL,48,1195,1,4),(883,'2015-07-08 15:39:55',NULL,NULL,NULL,NULL,'',23,NULL,NULL,48,1195,1,4),(884,'2015-07-08 15:39:55',NULL,NULL,NULL,NULL,'',24,NULL,NULL,48,1195,1,4),(885,'2015-07-08 15:39:58',NULL,NULL,NULL,NULL,'',1,NULL,NULL,48,1196,1,4),(886,'2015-07-08 15:39:58',NULL,NULL,NULL,NULL,'',2,NULL,NULL,48,1196,1,4),(887,'2015-07-08 15:39:58',NULL,NULL,NULL,NULL,'',3,NULL,NULL,48,1196,1,4),(888,'2015-07-08 15:39:58',NULL,NULL,NULL,NULL,'',4,NULL,NULL,48,1196,1,4),(889,'2015-07-08 15:39:58',NULL,NULL,NULL,NULL,'',6,NULL,NULL,48,1196,1,4),(890,'2015-07-08 15:39:58',NULL,NULL,NULL,NULL,'',7,NULL,NULL,48,1196,1,4),(891,'2015-07-08 15:39:58',NULL,NULL,NULL,NULL,'',8,NULL,NULL,48,1196,1,4),(892,'2015-07-08 15:39:58',NULL,NULL,NULL,NULL,'',9,NULL,NULL,48,1196,1,4),(893,'2015-07-08 15:39:58',NULL,NULL,NULL,NULL,'',10,NULL,NULL,48,1196,1,4),(894,'2015-07-08 15:39:58',NULL,NULL,NULL,NULL,'',11,NULL,NULL,48,1196,1,4),(895,'2015-07-08 15:39:58',NULL,NULL,NULL,NULL,'',12,NULL,NULL,48,1196,1,4),(896,'2015-07-08 15:39:58',NULL,NULL,NULL,NULL,'',13,NULL,NULL,48,1196,1,4),(897,'2015-07-08 15:39:58',NULL,NULL,NULL,NULL,'',15,NULL,NULL,48,1196,1,4),(898,'2015-07-08 15:39:58',NULL,NULL,NULL,NULL,'',18,NULL,NULL,48,1196,1,4),(899,'2015-07-08 15:39:58',NULL,NULL,NULL,NULL,'',20,NULL,NULL,48,1196,1,4),(900,'2015-07-08 15:39:58',NULL,NULL,NULL,NULL,'',21,NULL,NULL,48,1196,1,4),(901,'2015-07-08 15:39:58',NULL,NULL,NULL,NULL,'',22,NULL,NULL,48,1196,1,4),(902,'2015-07-08 15:39:58',NULL,NULL,NULL,NULL,'',23,NULL,NULL,48,1196,1,4),(903,'2015-07-08 15:39:58',NULL,NULL,NULL,NULL,'',24,NULL,NULL,48,1196,1,4),(904,'2015-07-08 15:39:59',NULL,NULL,NULL,NULL,'',1,NULL,NULL,48,1198,1,4),(905,'2015-07-08 15:39:59',NULL,NULL,NULL,NULL,'',2,NULL,NULL,48,1198,1,4),(906,'2015-07-08 15:39:59',NULL,NULL,NULL,NULL,'',3,NULL,NULL,48,1198,1,4),(907,'2015-07-08 15:39:59',NULL,NULL,NULL,NULL,'',4,NULL,NULL,48,1198,1,4),(908,'2015-07-08 15:39:59',NULL,NULL,NULL,NULL,'',6,NULL,NULL,48,1198,1,4),(909,'2015-07-08 15:39:59',NULL,NULL,NULL,NULL,'',7,NULL,NULL,48,1198,1,4),(910,'2015-07-08 15:39:59',NULL,NULL,NULL,NULL,'',8,NULL,NULL,48,1198,1,4),(911,'2015-07-08 15:39:59',NULL,NULL,NULL,NULL,'',9,NULL,NULL,48,1198,1,4),(912,'2015-07-08 15:39:59',NULL,NULL,NULL,NULL,'',10,NULL,NULL,48,1198,1,4),(913,'2015-07-08 15:39:59',NULL,NULL,NULL,NULL,'',11,NULL,NULL,48,1198,1,4),(914,'2015-07-08 15:39:59',NULL,NULL,NULL,NULL,'',12,NULL,NULL,48,1198,1,4),(915,'2015-07-08 15:39:59',NULL,NULL,NULL,NULL,'',13,NULL,NULL,48,1198,1,4),(916,'2015-07-08 15:39:59',NULL,NULL,NULL,NULL,'',15,NULL,NULL,48,1198,1,4),(917,'2015-07-08 15:39:59',NULL,NULL,NULL,NULL,'',18,NULL,NULL,48,1198,1,4),(918,'2015-07-08 15:39:59',NULL,NULL,NULL,NULL,'',20,NULL,NULL,48,1198,1,4),(919,'2015-07-08 15:39:59',NULL,NULL,NULL,NULL,'',21,NULL,NULL,48,1198,1,4),(920,'2015-07-08 15:39:59',NULL,NULL,NULL,NULL,'',22,NULL,NULL,48,1198,1,4),(921,'2015-07-08 15:39:59',NULL,NULL,NULL,NULL,'',23,NULL,NULL,48,1198,1,4),(922,'2015-07-08 15:39:59',NULL,NULL,NULL,NULL,'',24,NULL,NULL,48,1198,1,4),(923,'2015-07-08 15:39:59',NULL,NULL,NULL,NULL,'',1,NULL,NULL,48,1199,1,4),(924,'2015-07-08 15:39:59',NULL,NULL,NULL,NULL,'',2,NULL,NULL,48,1199,1,4),(925,'2015-07-08 15:39:59',NULL,NULL,NULL,NULL,'',3,NULL,NULL,48,1199,1,4),(926,'2015-07-08 15:39:59',NULL,NULL,NULL,NULL,'',4,NULL,NULL,48,1199,1,4),(927,'2015-07-08 15:39:59',NULL,NULL,NULL,NULL,'',6,NULL,NULL,48,1199,1,4),(928,'2015-07-08 15:39:59',NULL,NULL,NULL,NULL,'',7,NULL,NULL,48,1199,1,4),(929,'2015-07-08 15:39:59',NULL,NULL,NULL,NULL,'',8,NULL,NULL,48,1199,1,4),(930,'2015-07-08 15:39:59',NULL,NULL,NULL,NULL,'',9,NULL,NULL,48,1199,1,4),(931,'2015-07-08 15:39:59',NULL,NULL,NULL,NULL,'',10,NULL,NULL,48,1199,1,4),(932,'2015-07-08 15:39:59',NULL,NULL,NULL,NULL,'',11,NULL,NULL,48,1199,1,4),(933,'2015-07-08 15:39:59',NULL,NULL,NULL,NULL,'',12,NULL,NULL,48,1199,1,4),(934,'2015-07-08 15:39:59',NULL,NULL,NULL,NULL,'',13,NULL,NULL,48,1199,1,4),(935,'2015-07-08 15:39:59',NULL,NULL,NULL,NULL,'',15,NULL,NULL,48,1199,1,4),(936,'2015-07-08 15:39:59',NULL,NULL,NULL,NULL,'',18,NULL,NULL,48,1199,1,4),(937,'2015-07-08 15:39:59',NULL,NULL,NULL,NULL,'',20,NULL,NULL,48,1199,1,4),(938,'2015-07-08 15:39:59',NULL,NULL,NULL,NULL,'',21,NULL,NULL,48,1199,1,4),(939,'2015-07-08 15:39:59',NULL,NULL,NULL,NULL,'',22,NULL,NULL,48,1199,1,4),(940,'2015-07-08 15:39:59',NULL,NULL,NULL,NULL,'',23,NULL,NULL,48,1199,1,4),(941,'2015-07-08 15:39:59',NULL,NULL,NULL,NULL,'',24,NULL,NULL,48,1199,1,4),(942,'2015-07-08 15:39:55',NULL,NULL,NULL,NULL,'',4,NULL,NULL,48,1202,1,4),(943,'2015-07-08 15:39:55',NULL,NULL,NULL,NULL,'',7,NULL,NULL,48,1202,1,4),(944,'2015-07-08 15:39:55',NULL,NULL,NULL,NULL,'',9,NULL,NULL,48,1202,1,4),(945,'2015-07-08 15:39:55',NULL,NULL,NULL,NULL,'',12,NULL,NULL,48,1202,1,4),(946,'2015-07-08 15:39:55',NULL,NULL,NULL,NULL,'',14,NULL,NULL,48,1202,1,4),(947,'2015-07-08 15:39:55',NULL,NULL,NULL,NULL,'',21,NULL,NULL,48,1202,1,4),(948,'2015-07-08 15:39:55',NULL,NULL,NULL,NULL,'',23,NULL,NULL,48,1182,1,4),(949,'2015-07-08 15:39:55',NULL,NULL,NULL,NULL,'',1,NULL,NULL,48,1204,1,4),(950,'2015-07-08 15:40:00',NULL,NULL,NULL,NULL,'',1,NULL,NULL,48,1205,1,4),(951,'2015-07-08 15:46:50',NULL,NULL,NULL,NULL,'',11,NULL,NULL,2,1,1,4),(952,'2015-07-08 15:46:50',NULL,NULL,NULL,NULL,'',20,NULL,NULL,2,1,1,4),(953,'2015-07-08 15:46:51',NULL,NULL,NULL,NULL,'',11,NULL,NULL,2,2,1,4),(954,'2015-07-08 15:46:51',NULL,NULL,NULL,NULL,'',20,NULL,NULL,2,2,1,4),(955,'2015-07-08 15:46:51',NULL,NULL,NULL,NULL,'',11,NULL,NULL,2,16,1,4),(956,'2015-07-08 15:46:51',NULL,NULL,NULL,NULL,'',20,NULL,NULL,2,16,1,4),(957,'2015-07-08 15:46:51',NULL,NULL,NULL,NULL,'',11,NULL,NULL,2,17,1,4),(958,'2015-07-08 15:46:51',NULL,NULL,NULL,NULL,'',20,NULL,NULL,2,17,1,4),(959,'2015-07-08 15:46:51',NULL,NULL,NULL,NULL,'',11,NULL,NULL,2,19,1,4),(960,'2015-07-08 15:46:51',NULL,NULL,NULL,NULL,'',20,NULL,NULL,2,19,1,4),(961,'2015-07-08 15:46:51',NULL,NULL,NULL,NULL,'',11,NULL,NULL,2,20,1,4),(962,'2015-07-08 15:46:51',NULL,NULL,NULL,NULL,'',20,NULL,NULL,2,20,1,4),(963,'2015-07-08 15:46:51',NULL,NULL,NULL,NULL,'',11,NULL,NULL,2,21,1,4),(964,'2015-07-08 15:46:51',NULL,NULL,NULL,NULL,'',20,NULL,NULL,2,21,1,4),(965,'2015-07-08 15:46:51',NULL,NULL,NULL,NULL,'',11,NULL,NULL,2,22,1,4),(966,'2015-07-08 15:46:51',NULL,NULL,NULL,NULL,'',20,NULL,NULL,2,22,1,4),(967,'2015-07-08 15:46:51',NULL,NULL,NULL,NULL,'',11,NULL,NULL,2,1145,1,4),(968,'2015-07-08 15:46:51',NULL,NULL,NULL,NULL,'',20,NULL,NULL,2,1145,1,4),(969,'2015-07-08 15:46:51',NULL,NULL,NULL,NULL,'',11,NULL,NULL,2,48,1,4),(970,'2015-07-08 15:46:51',NULL,NULL,NULL,NULL,'',20,NULL,NULL,2,48,1,4),(971,'2015-07-08 15:46:51',NULL,NULL,NULL,NULL,'',11,NULL,NULL,2,49,1,4),(972,'2015-07-08 15:46:51',NULL,NULL,NULL,NULL,'',20,NULL,NULL,2,49,1,4),(973,'2015-07-08 15:46:51',NULL,NULL,NULL,NULL,'',11,NULL,NULL,2,50,1,4),(974,'2015-07-08 15:46:51',NULL,NULL,NULL,NULL,'',20,NULL,NULL,2,50,1,4),(975,'2015-07-08 15:46:51',NULL,NULL,NULL,NULL,'',11,NULL,NULL,2,51,1,4),(976,'2015-07-08 15:46:51',NULL,NULL,NULL,NULL,'',20,NULL,NULL,2,51,1,4),(977,'2015-07-08 15:46:51',NULL,NULL,NULL,NULL,'',11,NULL,NULL,2,52,1,4),(978,'2015-07-08 15:46:51',NULL,NULL,NULL,NULL,'',20,NULL,NULL,2,52,1,4),(979,'2015-07-08 15:46:51',NULL,NULL,NULL,NULL,'',11,NULL,NULL,2,53,1,4),(980,'2015-07-08 15:46:51',NULL,NULL,NULL,NULL,'',20,NULL,NULL,2,53,1,4),(981,'2015-07-08 15:46:51',NULL,NULL,NULL,NULL,'',11,NULL,NULL,2,54,1,4),(982,'2015-07-08 15:46:51',NULL,NULL,NULL,NULL,'',20,NULL,NULL,2,54,1,4),(983,'2015-07-08 15:46:51',NULL,NULL,NULL,NULL,'',11,NULL,NULL,2,55,1,4),(984,'2015-07-08 15:46:51',NULL,NULL,NULL,NULL,'',20,NULL,NULL,2,55,1,4),(985,'2015-07-08 15:46:51',NULL,NULL,NULL,NULL,'',11,NULL,NULL,2,56,1,4),(986,'2015-07-08 15:46:51',NULL,NULL,NULL,NULL,'',20,NULL,NULL,2,56,1,4),(987,'2015-07-08 15:46:51',NULL,NULL,NULL,NULL,'',11,NULL,NULL,2,57,1,4),(988,'2015-07-08 15:46:51',NULL,NULL,NULL,NULL,'',20,NULL,NULL,2,57,1,4),(989,'2015-07-08 15:46:51',NULL,NULL,NULL,NULL,'',11,NULL,NULL,2,58,1,4),(990,'2015-07-08 15:46:51',NULL,NULL,NULL,NULL,'',20,NULL,NULL,2,58,1,4),(991,'2015-07-08 15:46:51',NULL,NULL,NULL,NULL,'',11,NULL,NULL,2,59,1,4),(992,'2015-07-08 15:46:51',NULL,NULL,NULL,NULL,'',20,NULL,NULL,2,59,1,4),(993,'2015-07-08 15:46:51',NULL,NULL,NULL,NULL,'',11,NULL,NULL,2,1146,1,4),(994,'2015-07-08 15:46:51',NULL,NULL,NULL,NULL,'',20,NULL,NULL,2,1146,1,4),(995,'2015-07-08 15:46:51',NULL,NULL,NULL,NULL,'',11,NULL,NULL,2,1152,1,4),(996,'2015-07-08 15:46:51',NULL,NULL,NULL,NULL,'',20,NULL,NULL,2,1152,1,4),(997,'2015-07-08 15:46:52',NULL,NULL,NULL,NULL,'',11,NULL,NULL,2,1153,1,4),(998,'2015-07-08 15:46:52',NULL,NULL,NULL,NULL,'',20,NULL,NULL,2,1153,1,4),(999,'2015-07-08 15:46:52',NULL,NULL,NULL,NULL,'',11,NULL,NULL,2,1154,1,4),(1000,'2015-07-08 15:46:52',NULL,NULL,NULL,NULL,'',20,NULL,NULL,2,1154,1,4),(1001,'2015-07-08 15:46:52',NULL,NULL,NULL,NULL,'',11,NULL,NULL,2,1155,1,4),(1002,'2015-07-08 15:46:52',NULL,NULL,NULL,NULL,'',20,NULL,NULL,2,1155,1,4),(1003,'2015-07-08 15:46:52',NULL,NULL,NULL,NULL,'',11,NULL,NULL,2,1156,1,4),(1004,'2015-07-08 15:46:52',NULL,NULL,NULL,NULL,'',20,NULL,NULL,2,1156,1,4),(1005,'2015-07-08 15:46:52',NULL,NULL,NULL,NULL,'',11,NULL,NULL,2,1157,1,4),(1006,'2015-07-08 15:46:52',NULL,NULL,NULL,NULL,'',20,NULL,NULL,2,1157,1,4),(1007,'2015-07-08 15:46:52',NULL,NULL,NULL,NULL,'',11,NULL,NULL,2,1158,1,4),(1008,'2015-07-08 15:46:52',NULL,NULL,NULL,NULL,'',20,NULL,NULL,2,1158,1,4),(1009,'2015-07-08 15:46:52',NULL,NULL,NULL,NULL,'',11,NULL,NULL,2,1159,1,4),(1010,'2015-07-08 15:46:52',NULL,NULL,NULL,NULL,'',20,NULL,NULL,2,1159,1,4),(1011,'2015-07-08 15:46:52',NULL,NULL,NULL,NULL,'',11,NULL,NULL,2,1160,1,4),(1012,'2015-07-08 15:46:52',NULL,NULL,NULL,NULL,'',20,NULL,NULL,2,1160,1,4),(1013,'2015-07-08 15:46:52',NULL,NULL,NULL,NULL,'',11,NULL,NULL,2,1161,1,4),(1014,'2015-07-08 15:46:52',NULL,NULL,NULL,NULL,'',20,NULL,NULL,2,1161,1,4),(1015,'2015-07-08 15:46:52',NULL,NULL,NULL,NULL,'',11,NULL,NULL,2,1162,1,4),(1016,'2015-07-08 15:46:52',NULL,NULL,NULL,NULL,'',20,NULL,NULL,2,1162,1,4),(1017,'2015-07-08 15:46:52',NULL,NULL,NULL,NULL,'',11,NULL,NULL,2,1163,1,4),(1018,'2015-07-08 15:46:52',NULL,NULL,NULL,NULL,'',20,NULL,NULL,2,1163,1,4),(1019,'2015-07-08 16:44:17','2015-07-10 15:37:39','2015-07-09 15:14:49',NULL,'2015-07-02 00:00:00','',1,2,2,58,1219,1,5),(1020,'2015-07-08 16:44:17','2015-07-10 15:37:39','2015-07-09 15:14:49',NULL,'2015-07-02 00:00:00','',1,2,2,58,1220,1,5),(1021,'2015-07-08 16:44:17','2015-07-10 15:37:39','2015-07-09 15:14:49',NULL,'2015-07-02 00:00:00','',1,2,2,58,1221,1,5),(1022,'2015-07-08 16:44:17',NULL,NULL,NULL,NULL,'',5,NULL,NULL,58,1222,1,4),(1023,'2015-07-08 16:44:17',NULL,NULL,NULL,NULL,'',5,NULL,NULL,58,1223,1,4),(1024,'2015-07-08 16:52:09',NULL,NULL,NULL,NULL,'',1,NULL,NULL,13,1228,1,5),(1025,'2015-07-08 16:52:09',NULL,NULL,NULL,NULL,'',4,NULL,NULL,13,1228,1,4),(1026,'2015-07-08 16:52:09',NULL,NULL,NULL,NULL,'',9,NULL,NULL,13,1228,1,4),(1027,'2015-07-08 16:52:09',NULL,NULL,NULL,NULL,'',14,NULL,NULL,13,1228,1,4),(1028,'2015-07-08 16:52:09',NULL,NULL,NULL,NULL,'',1,NULL,NULL,13,1229,1,5),(1029,'2015-07-08 16:52:09',NULL,NULL,NULL,NULL,'',4,NULL,NULL,13,1229,1,4),(1030,'2015-07-08 16:52:09',NULL,NULL,NULL,NULL,'',9,NULL,NULL,13,1229,1,4),(1031,'2015-07-08 16:52:09',NULL,NULL,NULL,NULL,'',14,NULL,NULL,13,1229,1,4),(1032,'2015-07-08 16:52:09',NULL,NULL,NULL,NULL,'',1,NULL,NULL,13,1230,1,5),(1033,'2015-07-08 16:52:09',NULL,NULL,NULL,NULL,'',4,NULL,NULL,13,1230,1,4),(1034,'2015-07-08 16:52:09',NULL,NULL,NULL,NULL,'',9,NULL,NULL,13,1230,1,4),(1035,'2015-07-08 16:52:09',NULL,NULL,NULL,NULL,'',14,NULL,NULL,13,1230,1,4),(1036,'2015-07-08 16:52:09',NULL,NULL,NULL,NULL,'',30,NULL,NULL,13,1232,1,4),(1037,'2015-07-10 10:06:16','2015-07-10 13:51:12','2015-07-10 10:30:52','2015-07-10 13:51:09','2015-07-17 00:00:00','',3,3,2,44,1150,5,3),(1038,'2015-07-10 10:06:16','2015-07-10 13:51:12','2015-07-10 10:30:52','2015-07-10 13:51:09','2015-07-17 00:00:00','',3,3,2,44,1151,2,3),(1039,'2015-07-10 10:14:45',NULL,NULL,NULL,NULL,'',3,NULL,NULL,59,1213,1,4),(1040,'2015-07-10 10:14:45',NULL,NULL,NULL,NULL,'',5,NULL,NULL,59,1213,1,4),(1041,'2015-07-10 10:15:19',NULL,NULL,NULL,NULL,'',9,NULL,NULL,59,1215,1,4),(1042,'2015-07-10 10:15:19',NULL,NULL,NULL,NULL,'',5,NULL,NULL,59,1215,1,4),(1043,'2015-07-10 10:20:01',NULL,NULL,NULL,NULL,'',3,NULL,NULL,59,1215,1,4),(1044,'2015-07-10 10:22:46',NULL,NULL,NULL,NULL,'',5,NULL,NULL,59,1216,1,4),(1045,'2015-07-10 10:26:18',NULL,NULL,NULL,NULL,'',9,NULL,NULL,59,1213,1,4),(1046,'2015-07-10 10:29:12',NULL,NULL,NULL,NULL,'',9,NULL,NULL,59,1216,1,4),(1047,'2015-07-10 12:06:36',NULL,NULL,NULL,NULL,'',4,NULL,NULL,61,1233,1,4),(1048,'2015-07-10 12:06:36','2015-07-10 12:07:31','2015-07-10 12:07:18','2015-07-10 12:09:01',NULL,'',7,1,1,61,1233,5,6),(1049,'2015-07-10 12:06:36',NULL,NULL,NULL,NULL,'',10,NULL,NULL,61,1233,1,4),(1050,'2015-07-10 12:06:36',NULL,NULL,NULL,NULL,'',9,NULL,NULL,61,1233,1,4),(1051,'2015-07-10 12:06:36',NULL,NULL,NULL,NULL,'',28,NULL,NULL,61,1233,1,4),(1052,'2015-07-10 12:06:36',NULL,NULL,NULL,NULL,'',4,NULL,NULL,61,1234,1,4),(1053,'2015-07-10 12:06:36','2015-07-10 12:07:31','2015-07-10 12:08:01','2015-07-10 12:09:01',NULL,'',7,1,1,61,1234,5,6),(1054,'2015-07-10 12:06:36',NULL,NULL,NULL,NULL,'',10,NULL,NULL,61,1234,1,4),(1055,'2015-07-10 12:06:36',NULL,NULL,NULL,NULL,'',9,NULL,NULL,61,1234,1,4),(1056,'2015-07-10 12:06:36',NULL,NULL,NULL,NULL,'',28,NULL,NULL,61,1234,1,4),(1057,'2015-07-10 12:06:36',NULL,NULL,NULL,NULL,'',4,NULL,NULL,61,1235,1,4),(1058,'2015-07-10 12:06:36','2015-07-10 12:07:31','2015-07-10 12:08:01','2015-07-10 12:09:01',NULL,'Comment',7,1,1,61,1235,2,6),(1059,'2015-07-10 12:06:36',NULL,NULL,NULL,NULL,'',10,NULL,NULL,61,1235,1,4),(1060,'2015-07-10 12:06:36',NULL,NULL,NULL,NULL,'',9,NULL,NULL,61,1235,1,4),(1061,'2015-07-10 12:06:36',NULL,NULL,NULL,NULL,'',28,NULL,NULL,61,1235,1,4),(1062,'2015-07-10 12:06:36',NULL,NULL,NULL,NULL,'',4,NULL,NULL,61,1236,1,4),(1063,'2015-07-10 12:06:36','2015-07-10 12:07:31','2015-07-10 12:07:18','2015-07-10 12:07:58',NULL,'',7,1,1,61,1236,3,3),(1064,'2015-07-10 12:06:36',NULL,NULL,NULL,NULL,'',10,NULL,NULL,61,1236,1,4),(1065,'2015-07-10 12:06:36',NULL,NULL,NULL,NULL,'',12,NULL,NULL,61,1236,1,4),(1066,'2015-07-10 12:06:36',NULL,NULL,NULL,NULL,'',9,NULL,NULL,61,1236,1,4),(1067,'2015-07-10 12:06:36',NULL,NULL,NULL,NULL,'',28,NULL,NULL,61,1236,1,4),(1068,'2015-07-13 10:26:44',NULL,NULL,NULL,NULL,'',1,NULL,NULL,36,1,1,4),(1069,'2015-07-13 10:26:44','2015-07-13 10:27:03',NULL,NULL,NULL,'A Comment',2,14,14,36,1,1,4),(1070,'2015-07-13 10:26:44',NULL,NULL,NULL,NULL,'',3,NULL,NULL,36,1,1,4),(1071,'2015-07-13 10:26:44',NULL,NULL,NULL,NULL,'',4,NULL,NULL,36,1,1,4),(1072,'2015-07-13 10:26:44',NULL,NULL,NULL,NULL,'',5,NULL,NULL,36,1,1,4),(1073,'2015-07-13 10:26:44',NULL,NULL,NULL,NULL,'',8,NULL,NULL,36,1,1,4),(1074,'2015-07-13 10:26:44',NULL,NULL,NULL,NULL,'',11,NULL,NULL,36,1,1,4),(1075,'2015-07-13 10:26:44',NULL,NULL,NULL,NULL,'',20,NULL,NULL,36,1,1,4),(1076,'2015-07-13 10:26:45',NULL,NULL,NULL,NULL,'',1,NULL,NULL,36,2,1,4),(1077,'2015-07-13 10:26:45','2015-07-13 10:27:03',NULL,NULL,NULL,'',2,14,14,36,2,1,4),(1078,'2015-07-13 10:26:45',NULL,NULL,NULL,NULL,'',3,NULL,NULL,36,2,1,4),(1079,'2015-07-13 10:26:45',NULL,NULL,NULL,NULL,'',4,NULL,NULL,36,2,1,4),(1080,'2015-07-13 10:26:45',NULL,NULL,NULL,NULL,'',5,NULL,NULL,36,2,1,4),(1081,'2015-07-13 10:26:45',NULL,NULL,NULL,NULL,'',8,NULL,NULL,36,2,1,4),(1082,'2015-07-13 10:26:45',NULL,NULL,NULL,NULL,'',11,NULL,NULL,36,2,1,4),(1083,'2015-07-13 10:26:45',NULL,NULL,NULL,NULL,'',20,NULL,NULL,36,2,1,4),(1084,'2015-07-13 10:26:45',NULL,NULL,NULL,NULL,'',3,NULL,NULL,36,16,1,4),(1085,'2015-07-13 10:26:45',NULL,NULL,NULL,NULL,'',4,NULL,NULL,36,16,1,4),(1086,'2015-07-13 10:26:45',NULL,NULL,NULL,NULL,'',5,NULL,NULL,36,16,1,4),(1087,'2015-07-13 10:26:45',NULL,NULL,NULL,NULL,'',7,NULL,NULL,36,16,1,4),(1088,'2015-07-13 10:26:45',NULL,NULL,NULL,NULL,'',8,NULL,NULL,36,16,1,4),(1089,'2015-07-13 10:26:45',NULL,NULL,NULL,NULL,'',10,NULL,NULL,36,16,1,4),(1090,'2015-07-13 10:26:45',NULL,NULL,NULL,NULL,'',11,NULL,NULL,36,16,1,4),(1091,'2015-07-13 10:26:45',NULL,NULL,NULL,NULL,'',12,NULL,NULL,36,16,1,4),(1092,'2015-07-13 10:26:45',NULL,NULL,NULL,NULL,'',14,NULL,NULL,36,16,1,4),(1093,'2015-07-13 10:26:45',NULL,NULL,NULL,NULL,'',20,NULL,NULL,36,16,1,4),(1094,'2015-07-13 10:26:45',NULL,NULL,NULL,NULL,'',3,NULL,NULL,36,17,1,4),(1095,'2015-07-13 10:26:45',NULL,NULL,NULL,NULL,'',4,NULL,NULL,36,17,1,4),(1096,'2015-07-13 10:26:45',NULL,NULL,NULL,NULL,'',5,NULL,NULL,36,17,1,4),(1097,'2015-07-13 10:26:45',NULL,NULL,NULL,NULL,'',7,NULL,NULL,36,17,1,4),(1098,'2015-07-13 10:26:45',NULL,NULL,NULL,NULL,'',8,NULL,NULL,36,17,1,4),(1099,'2015-07-13 10:26:45',NULL,NULL,NULL,NULL,'',10,NULL,NULL,36,17,1,4),(1100,'2015-07-13 10:26:45',NULL,NULL,NULL,NULL,'',11,NULL,NULL,36,17,1,4),(1101,'2015-07-13 10:26:45',NULL,NULL,NULL,NULL,'',12,NULL,NULL,36,17,1,4),(1102,'2015-07-13 10:26:45',NULL,NULL,NULL,NULL,'',14,NULL,NULL,36,17,1,4),(1103,'2015-07-13 10:26:45',NULL,NULL,NULL,NULL,'',20,NULL,NULL,36,17,1,4),(1104,'2015-07-13 10:26:45',NULL,NULL,NULL,NULL,'',3,NULL,NULL,36,19,1,4),(1105,'2015-07-13 10:26:45',NULL,NULL,NULL,NULL,'',7,NULL,NULL,36,19,1,4),(1106,'2015-07-13 10:26:45',NULL,NULL,NULL,NULL,'',10,NULL,NULL,36,19,1,4),(1107,'2015-07-13 10:26:45',NULL,NULL,NULL,NULL,'',11,NULL,NULL,36,19,1,4),(1108,'2015-07-13 10:26:45',NULL,NULL,NULL,NULL,'',12,NULL,NULL,36,19,1,4),(1109,'2015-07-13 10:26:45',NULL,NULL,NULL,NULL,'',14,NULL,NULL,36,19,1,4),(1110,'2015-07-13 10:26:45',NULL,NULL,NULL,NULL,'',20,NULL,NULL,36,19,1,4),(1111,'2015-07-13 10:26:45',NULL,NULL,NULL,NULL,'',3,NULL,NULL,36,20,1,4),(1112,'2015-07-13 10:26:45',NULL,NULL,NULL,NULL,'',7,NULL,NULL,36,20,1,4),(1113,'2015-07-13 10:26:45',NULL,NULL,NULL,NULL,'',10,NULL,NULL,36,20,1,4),(1114,'2015-07-13 10:26:45',NULL,NULL,NULL,NULL,'',11,NULL,NULL,36,20,1,4),(1115,'2015-07-13 10:26:45',NULL,NULL,NULL,NULL,'',12,NULL,NULL,36,20,1,4),(1116,'2015-07-13 10:26:45',NULL,NULL,NULL,NULL,'',14,NULL,NULL,36,20,1,4),(1117,'2015-07-13 10:26:45',NULL,NULL,NULL,NULL,'',20,NULL,NULL,36,20,1,4),(1118,'2015-07-13 10:26:45',NULL,NULL,NULL,NULL,'',3,NULL,NULL,36,21,1,4),(1119,'2015-07-13 10:26:45',NULL,NULL,NULL,NULL,'',7,NULL,NULL,36,21,1,4),(1120,'2015-07-13 10:26:45',NULL,NULL,NULL,NULL,'',10,NULL,NULL,36,21,1,4),(1121,'2015-07-13 10:26:45',NULL,NULL,NULL,NULL,'',11,NULL,NULL,36,21,1,4),(1122,'2015-07-13 10:26:45',NULL,NULL,NULL,NULL,'',12,NULL,NULL,36,21,1,4),(1123,'2015-07-13 10:26:45',NULL,NULL,NULL,NULL,'',14,NULL,NULL,36,21,1,4),(1124,'2015-07-13 10:26:45',NULL,NULL,NULL,NULL,'',20,NULL,NULL,36,21,1,4),(1125,'2015-07-13 10:26:45',NULL,NULL,NULL,NULL,'',3,NULL,NULL,36,22,1,4),(1126,'2015-07-13 10:26:45',NULL,NULL,NULL,NULL,'',7,NULL,NULL,36,22,1,4),(1127,'2015-07-13 10:26:45',NULL,NULL,NULL,NULL,'',10,NULL,NULL,36,22,1,4),(1128,'2015-07-13 10:26:45',NULL,NULL,NULL,NULL,'',11,NULL,NULL,36,22,1,4),(1129,'2015-07-13 10:26:45',NULL,NULL,NULL,NULL,'',12,NULL,NULL,36,22,1,4),(1130,'2015-07-13 10:26:45',NULL,NULL,NULL,NULL,'',14,NULL,NULL,36,22,1,4),(1131,'2015-07-13 10:26:45',NULL,NULL,NULL,NULL,'',20,NULL,NULL,36,22,1,4),(1132,'2015-07-13 10:26:45',NULL,NULL,NULL,NULL,'',11,NULL,NULL,36,1145,1,4),(1133,'2015-07-13 10:26:45',NULL,NULL,NULL,NULL,'',20,NULL,NULL,36,1145,1,4),(1134,'2015-07-13 10:26:45','2015-07-13 10:27:03',NULL,NULL,NULL,'',2,14,14,36,48,1,4),(1135,'2015-07-13 10:26:45',NULL,NULL,NULL,NULL,'',11,NULL,NULL,36,48,1,4),(1136,'2015-07-13 10:26:45',NULL,NULL,NULL,NULL,'',20,NULL,NULL,36,48,1,4),(1137,'2015-07-13 10:26:47','2015-07-13 10:27:03',NULL,NULL,NULL,'',2,14,14,36,49,1,4),(1138,'2015-07-13 10:26:47',NULL,NULL,NULL,NULL,'',11,NULL,NULL,36,49,1,4),(1139,'2015-07-13 10:26:47',NULL,NULL,NULL,NULL,'',20,NULL,NULL,36,49,1,4),(1140,'2015-07-13 10:26:47','2015-07-13 10:27:03',NULL,NULL,NULL,'',2,14,14,36,50,1,4),(1141,'2015-07-13 10:26:47',NULL,NULL,NULL,NULL,'',11,NULL,NULL,36,50,1,4),(1142,'2015-07-13 10:26:47',NULL,NULL,NULL,NULL,'',20,NULL,NULL,36,50,1,4),(1143,'2015-07-13 10:26:47','2015-07-13 10:27:03',NULL,NULL,NULL,'',2,14,14,36,51,1,4),(1144,'2015-07-13 10:26:47',NULL,NULL,NULL,NULL,'',11,NULL,NULL,36,51,1,4),(1145,'2015-07-13 10:26:47',NULL,NULL,NULL,NULL,'',20,NULL,NULL,36,51,1,4),(1146,'2015-07-13 10:26:47','2015-07-13 10:27:03',NULL,NULL,NULL,'',2,14,14,36,52,1,4),(1147,'2015-07-13 10:26:47',NULL,NULL,NULL,NULL,'',11,NULL,NULL,36,52,1,4),(1148,'2015-07-13 10:26:47',NULL,NULL,NULL,NULL,'',20,NULL,NULL,36,52,1,4),(1149,'2015-07-13 10:26:47','2015-07-13 10:27:03',NULL,NULL,NULL,'',2,14,14,36,53,1,4),(1150,'2015-07-13 10:26:47',NULL,NULL,NULL,NULL,'',11,NULL,NULL,36,53,1,4),(1151,'2015-07-13 10:26:47',NULL,NULL,NULL,NULL,'',20,NULL,NULL,36,53,1,4),(1152,'2015-07-13 10:26:47','2015-07-13 10:27:03',NULL,NULL,NULL,'',2,14,14,36,54,1,4),(1153,'2015-07-13 10:26:47',NULL,NULL,NULL,NULL,'',11,NULL,NULL,36,54,1,4),(1154,'2015-07-13 10:26:47',NULL,NULL,NULL,NULL,'',20,NULL,NULL,36,54,1,4),(1155,'2015-07-13 10:26:47','2015-07-13 10:27:03',NULL,NULL,NULL,'',2,14,14,36,55,1,4),(1156,'2015-07-13 10:26:47',NULL,NULL,NULL,NULL,'',11,NULL,NULL,36,55,1,4),(1157,'2015-07-13 10:26:47',NULL,NULL,NULL,NULL,'',20,NULL,NULL,36,55,1,4),(1158,'2015-07-13 10:26:47','2015-07-13 10:27:03',NULL,NULL,NULL,'',2,14,14,36,56,1,4),(1159,'2015-07-13 10:26:47',NULL,NULL,NULL,NULL,'',11,NULL,NULL,36,56,1,4),(1160,'2015-07-13 10:26:47',NULL,NULL,NULL,NULL,'',20,NULL,NULL,36,56,1,4),(1161,'2015-07-13 10:26:47','2015-07-13 10:27:03',NULL,NULL,NULL,'',2,14,14,36,57,1,4),(1162,'2015-07-13 10:26:47',NULL,NULL,NULL,NULL,'',11,NULL,NULL,36,57,1,4),(1163,'2015-07-13 10:26:47',NULL,NULL,NULL,NULL,'',20,NULL,NULL,36,57,1,4),(1164,'2015-07-13 10:26:47','2015-07-13 10:27:03',NULL,NULL,NULL,'',2,14,14,36,58,1,4),(1165,'2015-07-13 10:26:47',NULL,NULL,NULL,NULL,'',11,NULL,NULL,36,58,1,4),(1166,'2015-07-13 10:26:47',NULL,NULL,NULL,NULL,'',20,NULL,NULL,36,58,1,4),(1167,'2015-07-13 10:26:47','2015-07-13 10:27:03',NULL,NULL,NULL,'211222222222222224\r\n4444\r\n4\r\n4\r\n4\r\n4\r\n4\r\n4\r\n4',2,14,14,36,59,1,4),(1168,'2015-07-13 10:26:47',NULL,NULL,NULL,NULL,'',11,NULL,NULL,36,59,1,4),(1169,'2015-07-13 10:26:47',NULL,NULL,NULL,NULL,'',20,NULL,NULL,36,59,1,4),(1170,'2015-07-13 10:26:45',NULL,NULL,NULL,NULL,'',11,NULL,NULL,36,1146,1,4),(1171,'2015-07-13 10:26:45',NULL,NULL,NULL,NULL,'',20,NULL,NULL,36,1146,1,4),(1172,'2015-07-13 10:26:45',NULL,NULL,NULL,NULL,'',11,NULL,NULL,36,1152,1,4),(1173,'2015-07-13 10:26:45',NULL,NULL,NULL,NULL,'',20,NULL,NULL,36,1152,1,4),(1174,'2015-07-13 10:26:49',NULL,NULL,NULL,NULL,'',11,NULL,NULL,36,1153,1,4),(1175,'2015-07-13 10:26:49',NULL,NULL,NULL,NULL,'',20,NULL,NULL,36,1153,1,4),(1176,'2015-07-13 10:26:49',NULL,NULL,NULL,NULL,'',11,NULL,NULL,36,1154,1,4),(1177,'2015-07-13 10:26:49',NULL,NULL,NULL,NULL,'',20,NULL,NULL,36,1154,1,4),(1178,'2015-07-13 10:26:49',NULL,NULL,NULL,NULL,'',11,NULL,NULL,36,1155,1,4),(1179,'2015-07-13 10:26:49',NULL,NULL,NULL,NULL,'',20,NULL,NULL,36,1155,1,4),(1180,'2015-07-13 10:26:49',NULL,NULL,NULL,NULL,'',11,NULL,NULL,36,1156,1,4),(1181,'2015-07-13 10:26:49',NULL,NULL,NULL,NULL,'',20,NULL,NULL,36,1156,1,4),(1182,'2015-07-13 10:26:49',NULL,NULL,NULL,NULL,'',11,NULL,NULL,36,1157,1,4),(1183,'2015-07-13 10:26:49',NULL,NULL,NULL,NULL,'',20,NULL,NULL,36,1157,1,4),(1184,'2015-07-13 10:26:49',NULL,NULL,NULL,NULL,'',11,NULL,NULL,36,1158,1,4),(1185,'2015-07-13 10:26:49',NULL,NULL,NULL,NULL,'',20,NULL,NULL,36,1158,1,4),(1186,'2015-07-13 10:26:49',NULL,NULL,NULL,NULL,'',11,NULL,NULL,36,1159,1,4),(1187,'2015-07-13 10:26:49',NULL,NULL,NULL,NULL,'',20,NULL,NULL,36,1159,1,4),(1188,'2015-07-13 10:26:49',NULL,NULL,NULL,NULL,'',11,NULL,NULL,36,1160,1,4),(1189,'2015-07-13 10:26:49',NULL,NULL,NULL,NULL,'',20,NULL,NULL,36,1160,1,4),(1190,'2015-07-13 10:26:49',NULL,NULL,NULL,NULL,'',11,NULL,NULL,36,1161,1,4),(1191,'2015-07-13 10:26:49',NULL,NULL,NULL,NULL,'',20,NULL,NULL,36,1161,1,4),(1192,'2015-07-13 10:26:49',NULL,NULL,NULL,NULL,'',11,NULL,NULL,36,1162,1,4),(1193,'2015-07-13 10:26:49',NULL,NULL,NULL,NULL,'',20,NULL,NULL,36,1162,1,4),(1194,'2015-07-13 10:26:49',NULL,NULL,NULL,NULL,'',11,NULL,NULL,36,1163,1,4),(1195,'2015-07-13 10:26:49',NULL,NULL,NULL,NULL,'',20,NULL,NULL,36,1163,1,4);
/*!40000 ALTER TABLE `taskinstances` ENABLE KEYS */;
UNLOCK TABLES;

--
-- Table structure for table `tasktemplates`
--

DROP TABLE IF EXISTS `tasktemplates`;
/*!40101 SET @saved_cs_client     = @@character_set_client */;
/*!40101 SET character_set_client = utf8 */;
CREATE TABLE `tasktemplates` (
  `id` int(11) NOT NULL AUTO_INCREMENT,
  `name` varchar(128) NOT NULL,
  `description` varchar(512) NOT NULL,
  `active` tinyint(1) NOT NULL,
  `product_id` int(11) NOT NULL,
  `parentTask_id` int(11) DEFAULT NULL,
  PRIMARY KEY (`id`),
  UNIQUE KEY `id` (`id`),
  KEY `IX_fk_templates_products_productid` (`product_id`),
  KEY `IX_fk_templates_templates_templateid` (`parentTask_id`),
  CONSTRAINT `fk_templates_products_productid` FOREIGN KEY (`product_id`) REFERENCES `products` (`id`) ON DELETE NO ACTION ON UPDATE NO ACTION,
  CONSTRAINT `fk_templates_templates_templateid` FOREIGN KEY (`parentTask_id`) REFERENCES `tasktemplates` (`id`) ON DELETE CASCADE ON UPDATE NO ACTION
) ENGINE=InnoDB AUTO_INCREMENT=1331 DEFAULT CHARSET=utf8;
/*!40101 SET character_set_client = @saved_cs_client */;

--
-- Dumping data for table `tasktemplates`
--

LOCK TABLES `tasktemplates` WRITE;
/*!40000 ALTER TABLE `tasktemplates` DISABLE KEYS */;
INSERT INTO `tasktemplates` VALUES (1,'Parento','Root of all things',1,2,NULL),(2,'Installation','Click to view sub-tasks',1,2,1),(3,'Installationo','Click to view sub-tasks',0,2,2),(4,'License Agreement','Task',0,2,3),(5,'Location','Task',0,2,3),(6,'Intall','Task',0,2,3),(7,'Finish','Task',0,2,3),(16,'Uninstall','Click to view sub-tasks',1,2,2),(17,'Via Control Panel','Task',1,2,16),(18,'Via Installed Shortcut','Task',0,2,16),(19,'Via Windows 8 Tiles The name upa','Task',1,2,16),(20,'Asked to confirm','Task',1,2,16),(21,'Uninstall Completes','Task',1,2,16),(22,'Files','Task',1,2,16),(48,'Start-Up','Click to view sub-tasks',1,2,2),(49,'Maker Form','Task',0,2,48),(50,'Welcome','Task',1,2,48),(51,'Open','Task',1,2,48),(52,'New','Task',1,2,48),(53,'Import','Task',1,2,48),(54,'Release Notes','Task',1,2,48),(55,'Demos','Task',1,2,48),(56,'Tutorials','Task',1,2,48),(57,'News','Task',1,2,48),(58,'Licenses','Task',1,2,48),(59,'Shut-down','Task',1,2,48),(60,'Installationo','Click to view sub-tasks',0,2,1),(61,'License Agreement','Task',0,2,60),(62,'Location','Task',0,2,60),(63,'Intall','Task',0,2,60),(64,'Finish','Task',0,2,60),(65,'Shortcuts','Task',0,2,60),(66,'Update (Yes)','Task',0,2,60),(67,'Update (No)','Task',0,2,60),(68,'Confirm Installation','Task',0,2,60),(69,'Application Oven','Task',0,2,60),(70,'Android Runner','Task',0,2,60),(71,'Licensing','Task',0,2,60),(72,'Such Task','NewProduct',0,3,NULL),(73,'Much Wow','NewProduct',1,6,NULL),(75,'Filtered by product','NewProduct',1,6,73),(77,'What, Again?','NewProduct',1,1,NULL),(78,'A carrot on a stick','NewProduct',0,3,72),(79,'Weird things...','NewProduct',1,7,NULL),(82,'Devious','Most Devious',0,39,NULL),(83,'Devious the 2nd','More Devious',0,39,82),(84,'Devious the 2nd\'s twin','Doubly Devious',0,39,82),(89,'1','d',0,17,NULL),(824,'Lewis...','FIX EVERYTHING!',0,17,89),(1139,'45','24',0,1,77),(1140,'2','2',0,1,1139),(1145,'Check install','Click to view sub-tasks',1,2,16),(1146,'Via Installed Shortcut','Task',1,2,2),(1147,'Do Everything','',1,4,NULL),(1148,'Med 1','',1,4,1147),(1149,'Sub 1','',1,4,1148),(1150,'Med 2','',1,4,1147),(1151,'Sub 2','',1,4,1150),(1152,'Installationo','Click to view sub-tasks',1,2,2),(1153,'License Agreement','Task',1,2,1152),(1154,'Location','Task',1,2,1152),(1155,'Intall','Task',1,2,1152),(1156,'Finish','Task',1,2,1152),(1157,'Shortcuts','Task',1,2,1152),(1158,'Update (Yes)','Task',1,2,1152),(1159,'Update (No)','Task',1,2,1152),(1160,'Confirm Installation','Task',1,2,1152),(1161,'Application Oven','Task',1,2,1152),(1162,'Android Runner','Task',1,2,1152),(1163,'Licensing','Task',1,2,1152),(1164,'New Root','Roat V2',0,2,NULL),(1165,'n','d',1,2,1164),(1166,'a','b',1,2,NULL),(1167,'A child','So scary',0,2,1166),(1169,'A child','So scary',1,2,1164),(1170,'This Child is My Child','Indeed it is, indeed',1,1,1140),(1176,'23','1',1,1,77),(1181,'Sausage','Is a German Invention',0,1,1176),(1182,'bb','a',1,1,NULL),(1185,'Blarga-','-flarg',1,2,NULL),(1189,'','',1,1,NULL),(1190,'','',1,1,1189),(1191,'','',1,1,1190),(1192,'','',1,1,1191),(1193,'','',1,1,1192),(1195,'','',1,1,NULL),(1196,'','',1,1,1195),(1197,'','',1,1,77),(1198,'','',1,1,1196),(1199,'','',1,1,1198),(1200,'This is 1200','That was 1200',1,1,1176),(1201,'','',1,1,1200),(1202,'ROOT','ROOTNESS',1,1,NULL),(1203,'This','',1,1,1200),(1204,'Task Root','Simply Solitare',1,1,NULL),(1205,'Child of Root','Root Child',1,1,1204),(1213,'Ubuntu, ios, win8nat','',1,10,NULL),(1215,'Win8Nat, TizenNat, ios, ubuntu','',1,10,NULL),(1216,'JasonPlat, ios, 8nat','',1,10,NULL),(1219,'','',0,11,NULL),(1220,'','',0,11,1219),(1221,'','',1,11,1220),(1222,'','',0,11,NULL),(1223,'','',1,11,1222),(1228,'A task is me','',1,11,NULL),(1229,'','',0,11,1228),(1230,'','',0,11,1229),(1232,'This is a task','',1,11,NULL),(1233,'New Task','',1,49,NULL),(1234,'task3','',1,49,1233),(1235,'','',0,49,1234),(1236,'','',0,49,1233),(1238,'1111111111111111111111111111111111111111111111111111111111111','',1,7,79),(1242,'','',1,49,1234),(1253,'Maker Form','Task',1,2,2),(1254,'','',1,49,1234),(1260,'','',1,49,1242),(1261,'','',1,49,1242),(1262,'','',1,49,1261),(1265,'a','',1,51,NULL),(1266,'b','',1,51,1265),(1267,'c','',1,51,1266),(1268,'','',1,51,1266),(1269,'','',1,51,1265),(1292,'','',1,50,NULL),(1293,'','',1,50,1292),(1294,'','',1,50,1293),(1295,'','',1,50,1294),(1296,'','',1,50,1295),(1297,'','',1,50,1296),(1298,'','',1,50,1297),(1299,'','',1,50,1293),(1300,'','',1,50,1299),(1301,'','',1,50,1300),(1302,'','',1,50,1300),(1303,'','',1,50,1300),(1304,'','',1,50,1300),(1305,'','',1,50,1302),(1306,'','',1,50,1302),(1307,'','',1,50,1305),(1308,'','',1,50,1302),(1309,'','',1,50,1307),(1310,'','',1,50,1304),(1311,'','',1,50,NULL),(1312,'','',1,50,1311),(1313,'','',1,50,1312),(1314,'','',1,50,NULL),(1315,'','',1,50,NULL),(1316,'','',1,50,1312),(1317,'','',1,50,1316),(1318,'','',1,50,1313),(1319,'','',1,50,1317),(1320,'','',1,50,1316),(1321,'','',1,50,1314),(1322,'d','',1,51,1268),(1323,'','',1,52,NULL),(1324,'','',1,52,1323),(1325,'','',1,52,1323),(1326,'','',1,52,1324);
/*!40000 ALTER TABLE `tasktemplates` ENABLE KEYS */;
UNLOCK TABLES;

--
-- Table structure for table `versionresolutions`
--

DROP TABLE IF EXISTS `versionresolutions`;
/*!40101 SET @saved_cs_client     = @@character_set_client */;
/*!40101 SET character_set_client = utf8 */;
CREATE TABLE `versionresolutions` (
  `id` int(11) NOT NULL AUTO_INCREMENT,
  `name` varchar(32) NOT NULL,
  `description` varchar(128) NOT NULL,
  `active` tinyint(1) NOT NULL,
  PRIMARY KEY (`id`),
  UNIQUE KEY `id` (`id`)
) ENGINE=InnoDB AUTO_INCREMENT=11 DEFAULT CHARSET=utf8;
/*!40101 SET character_set_client = @saved_cs_client */;

--
-- Dumping data for table `versionresolutions`
--

LOCK TABLES `versionresolutions` WRITE;
/*!40000 ALTER TABLE `versionresolutions` DISABLE KEYS */;
INSERT INTO `versionresolutions` VALUES (1,'Open','Version is Open',1),(2,'Released','Version is Released',1),(3,'Replaced with New Build','Version Closed: New Version available',1),(4,'Failed','Version has Failed',1);
/*!40000 ALTER TABLE `versionresolutions` ENABLE KEYS */;
UNLOCK TABLES;

--
-- Table structure for table `versions`
--

DROP TABLE IF EXISTS `versions`;
/*!40101 SET @saved_cs_client     = @@character_set_client */;
/*!40101 SET character_set_client = utf8 */;
CREATE TABLE `versions` (
  `id` int(11) NOT NULL AUTO_INCREMENT,
  `name` varchar(64) DEFAULT NULL,
  `timeCreated` datetime NOT NULL,
  `timeClosed` datetime DEFAULT NULL,
  `comments` text NOT NULL,
  `product_id` int(11) NOT NULL,
  `creator_id` int(11) NOT NULL,
  `resolution_id` int(11) NOT NULL,
  PRIMARY KEY (`id`),
  UNIQUE KEY `id` (`id`),
  KEY `IX_fk_versions_products_productid` (`product_id`),
  KEY `IX_fk_versions_user_userid` (`creator_id`),
  KEY `IX_FK_VersionResolutionVersion` (`resolution_id`),
  CONSTRAINT `FK_VersionResolutionVersion` FOREIGN KEY (`resolution_id`) REFERENCES `versionresolutions` (`id`) ON DELETE NO ACTION ON UPDATE NO ACTION,
  CONSTRAINT `fk_versions_products_productid` FOREIGN KEY (`product_id`) REFERENCES `products` (`id`) ON DELETE NO ACTION ON UPDATE NO ACTION,
  CONSTRAINT `fk_versions_user_userid` FOREIGN KEY (`creator_id`) REFERENCES `intelligenceusers` (`id`) ON DELETE NO ACTION ON UPDATE NO ACTION
) ENGINE=InnoDB AUTO_INCREMENT=63 DEFAULT CHARSET=utf8;
/*!40101 SET character_set_client = @saved_cs_client */;

--
-- Dumping data for table `versions`
--

LOCK TABLES `versions` WRITE;
/*!40000 ALTER TABLE `versions` DISABLE KEYS */;
INSERT INTO `versions` VALUES (1,'1.bugo','2015-06-26 16:00:00',NULL,'Bugs, all of them',2,3,2),(2,'1.4','2015-06-26 16:00:00',NULL,'Caught Fire',2,3,1),(3,'2.2','2015-06-26 16:00:00',NULL,'RC3',2,3,2),(13,'First','2015-06-25 16:00:42',NULL,'',1,2,1),(14,'Second','2015-06-25 16:01:46',NULL,'',1,2,1),(15,'Third','2015-06-25 16:04:23',NULL,'',1,2,1),(16,'4','2015-06-25 16:08:06',NULL,'',1,2,1),(17,'5','2015-06-25 16:09:06',NULL,'',1,2,1),(18,'6','2015-06-25 16:10:48',NULL,'',1,2,1),(19,'7','2015-06-25 16:11:24',NULL,'',1,2,1),(20,'8','2015-06-25 16:20:16',NULL,'',1,2,1),(21,'9','2015-06-25 16:21:06',NULL,'',1,2,1),(22,'123','2015-06-25 16:21:30',NULL,'',3,2,1),(23,'10','2015-06-25 16:25:59',NULL,'',1,2,1),(24,'124','2015-06-25 16:27:45',NULL,'',3,2,1),(25,'90','2015-06-25 16:41:03',NULL,'',1,2,3),(26,NULL,'2015-06-26 11:50:47',NULL,'',3,2,1),(27,NULL,'2015-06-26 11:54:36',NULL,'',2,2,1),(28,NULL,'2015-06-26 11:59:31',NULL,'',3,2,1),(29,NULL,'2015-06-26 12:00:21',NULL,'',2,2,1),(30,NULL,'2015-06-26 12:11:29',NULL,'',2,2,1),(31,'1.x','2015-06-30 10:37:13',NULL,'',39,2,1),(32,'2','2015-06-30 12:00:42',NULL,'',40,2,1),(33,'1.1','2015-06-30 15:53:41',NULL,'',39,2,1),(34,'1.2.x','2015-06-30 15:53:45',NULL,'',39,2,1),(35,'1.2.2.x','2015-06-30 15:53:56',NULL,'',39,2,1),(36,'Here I am','2015-07-01 09:04:46',NULL,'Just a walking...',2,2,1),(37,'Indeed','2015-07-01 09:05:07',NULL,'Simply',2,2,4),(38,'Time, Gentlemen','2015-07-01 09:08:19',NULL,'Please',2,2,4),(39,'A new version','2015-07-01 09:10:06',NULL,'Should be fixed',2,2,1),(40,'Test Version','2015-07-01 11:50:28',NULL,'A test',2,2,1),(41,'5','2015-07-02 14:27:36',NULL,'',17,2,1),(42,'Another Verisio','2015-07-02 17:01:23',NULL,'Most Fortusio',2,2,2),(43,'125','2015-07-03 10:48:23',NULL,'',3,2,1),(44,'1','2015-07-03 12:11:22',NULL,'',4,2,1),(45,'T','2015-07-03 15:40:19',NULL,'',1,2,2),(46,'NewVersion000','2015-07-06 10:55:48',NULL,'The newest of versions',43,2,1),(47,'Bananas...','2015-07-06 11:52:37',NULL,'The Overlord',1,2,1),(48,'Super','2015-07-06 11:53:09',NULL,'8',1,2,1),(49,'123','2015-07-06 17:36:20',NULL,'',2,2,1),(50,'Sony','2015-07-07 10:13:32',NULL,'Comments',7,2,1),(51,'Much WOW','2015-07-07 11:00:14',NULL,'Such WOW',1,2,1),(52,'Is this','2015-07-07 11:00:26',NULL,'The same?',1,2,1),(53,'143','2015-07-08 13:55:32',NULL,'Commentsas',2,2,1),(54,'v2','2015-07-08 13:56:33',NULL,'a',2,2,1),(55,'1.0','2015-07-08 15:21:04',NULL,'RC1',15,2,1),(56,'Verisio, De','2015-07-08 15:36:41',NULL,'Excellent News',2,2,1),(57,'vv','2015-07-08 15:39:33',NULL,'as',1,2,1),(58,'1','2015-07-08 16:43:43',NULL,'',11,2,1),(59,'1','2015-07-10 10:14:25',NULL,'',10,2,1),(60,'Vers','2015-07-10 10:57:26',NULL,'',13,2,1),(61,'1','2015-07-10 12:06:09',NULL,'',49,1,1),(62,'None','2015-07-13 16:09:14',NULL,'',50,2,1);
/*!40000 ALTER TABLE `versions` ENABLE KEYS */;
UNLOCK TABLES;
/*!40103 SET TIME_ZONE=@OLD_TIME_ZONE */;

/*!40101 SET SQL_MODE=@OLD_SQL_MODE */;
/*!40014 SET FOREIGN_KEY_CHECKS=@OLD_FOREIGN_KEY_CHECKS */;
/*!40014 SET UNIQUE_CHECKS=@OLD_UNIQUE_CHECKS */;
/*!40101 SET CHARACTER_SET_CLIENT=@OLD_CHARACTER_SET_CLIENT */;
/*!40101 SET CHARACTER_SET_RESULTS=@OLD_CHARACTER_SET_RESULTS */;
/*!40101 SET COLLATION_CONNECTION=@OLD_COLLATION_CONNECTION */;
/*!40111 SET SQL_NOTES=@OLD_SQL_NOTES */;

-- Dump completed on 2015-07-13 17:30:15
